candidate_id,composite_score,semantic_score,skill_score,structural_score,behavioral_score,current_title,current_company,location,years_of_experience
CAND_0018499,0.793,0.8253,0.4167,1.0,1.0,Senior Machine Learning Engineer,Zomato,"Noida, Uttar Pradesh",7.2
CAND_0081846,0.7916,0.788,0.5833,0.85,1.0,Lead AI Engineer,Razorpay,"Jaipur, Rajasthan",6.7
CAND_0077337,0.7829,0.8225,0.5,0.85,1.0,Staff Machine Learning Engineer,Paytm,"Kochi, Kerala",7.0
CAND_0068351,0.7763,0.8015,0.4167,1.0,0.958,Lead AI Engineer,Sarvam AI,"Delhi, Delhi",6.4
CAND_0007009,0.7719,0.765,0.4167,1.0,1.0,Recommendation Systems Engineer,Wysa,"Noida, Uttar Pradesh",7.9
CAND_0066999,0.768,0.7537,0.4167,1.0,1.0,Recommendation Systems Engineer,Microsoft,"Delhi, Delhi",5.9
CAND_0027691,0.7677,0.7529,0.4167,1.0,1.0,NLP Engineer,Haptik,"Pune, Maharashtra",6.5
CAND_0006567,0.7663,0.8086,0.3333,1.0,1.0,Senior AI Engineer,Meta,"Noida, Uttar Pradesh",7.9
CAND_0075469,0.766,0.748,0.4167,1.0,1.0,Customer Support,Pied Piper,"Hyderabad, Telangana",5.4
CAND_0093193,0.7628,0.8083,0.3333,1.0,0.983,Senior Machine Learning Engineer,Niramai,"Bangalore, Karnataka",7.9
CAND_0000031,0.7573,0.7829,0.3333,1.0,1.0,Recommendation Systems Engineer,Swiggy,"Hyderabad, Telangana",6.0
CAND_0046525,0.7568,0.8408,0.25,1.0,1.0,Senior Machine Learning Engineer,Genpact AI,"Pune, Maharashtra",6.1
CAND_0041669,0.7547,0.7755,0.3333,1.0,1.0,Recommendation Systems Engineer,CRED,"Noida, Uttar Pradesh",8.0
CAND_0079764,0.7544,0.7191,0.4167,1.0,0.993,Customer Support,Pied Piper,"Delhi, Delhi",8.9
CAND_0046064,0.7539,0.7991,0.4167,0.85,1.0,Senior NLP Engineer,Salesforce,"Coimbatore, Tamil Nadu",8.9
CAND_0032919,0.7532,0.7196,0.4167,1.0,0.986,Project Manager,Stark Industries,"Delhi, Delhi",7.0
CAND_0015967,0.7527,0.7698,0.3333,1.0,1.0,Senior Software Engineer (ML),Razorpay,"Hyderabad, Telangana",5.4
CAND_0071974,0.7527,0.7957,0.4167,0.85,1.0,Senior AI Engineer,Netflix,"Vizag, Andhra Pradesh",7.8
CAND_0064326,0.7505,0.7896,0.4167,0.85,1.0,Search Engineer,Sarvam AI,"Gurgaon, Haryana",7.6
CAND_0096104,0.749,0.7598,0.3333,1.0,0.999,AI Specialist,Yellow.ai,"Delhi, Delhi",7.0
CAND_0017960,0.7477,0.7553,0.3333,1.0,1.0,Recommendation Systems Engineer,Nykaa,"Bangalore, Karnataka",7.7
CAND_0071321,0.7458,0.7631,0.3333,1.0,0.977,Senior Software Engineer,Meesho,"Bangalore, Karnataka",6.4
CAND_0061257,0.7446,0.8059,0.25,1.0,1.0,Staff Machine Learning Engineer,LinkedIn,"Noida, Uttar Pradesh",8.0
CAND_0090656,0.7444,0.6863,0.4167,1.0,1.0,Graphic Designer,Stark Industries,"Pune, Maharashtra",5.1
CAND_0070398,0.7437,0.7793,0.5,0.85,0.88,Machine Learning Engineer,Genpact AI,"Kochi, Kerala",7.2
CAND_0066376,0.7432,0.7668,0.4167,1.0,0.853,Applied ML Engineer,Dream11,"Mumbai, Maharashtra",5.7
CAND_0002336,0.7431,0.6826,0.4167,1.0,1.0,Accountant,Hooli,"Noida, Uttar Pradesh",8.7
CAND_0076163,0.7423,0.766,0.4167,0.85,1.0,NLP Engineer,Ola,"Chandigarh, Chandigarh",6.9
CAND_0037006,0.7416,0.7103,0.4167,1.0,0.944,Civil Engineer,Acme Corp,"Mumbai, Maharashtra",6.5
CAND_0018701,0.7413,0.7372,0.3333,1.0,1.0,Junior ML Engineer,Krutrim,"Delhi, Delhi",6.0
CAND_0096142,0.7413,0.7645,0.3333,1.0,0.952,Applied ML Engineer,upGrad,"Hyderabad, Telangana",5.0
CAND_0018094,0.74,0.7333,0.3333,1.0,1.0,ML Engineer,Mad Street Den,"Bangalore, Karnataka",5.2
CAND_0076526,0.7399,0.7267,0.4167,1.0,0.907,Customer Support,Globex Inc,"Noida, Uttar Pradesh",7.0
CAND_0062413,0.7393,0.7315,0.3333,1.0,1.0,AI Research Engineer,upGrad,"Mumbai, Maharashtra",6.6
CAND_0098952,0.7393,0.7585,0.4167,0.85,0.998,AI Research Engineer,CRED,"Gurgaon, Haryana",5.5
CAND_0037883,0.7392,0.7281,0.4167,1.0,0.901,Mechanical Engineer,Hooli,"Bangalore, Karnataka",6.6
CAND_0052682,0.7385,0.7553,0.4167,0.85,1.0,NLP Engineer,Aganitha,"Vizag, Andhra Pradesh",6.6
CAND_0030031,0.7385,0.7656,0.4167,0.85,0.982,AI Engineer,Microsoft,"Trivandrum, Kerala",5.7
CAND_0014320,0.7369,0.7044,0.4167,1.0,0.931,Customer Support,Globex Inc,"Bangalore, Karnataka",5.2
CAND_0045250,0.7369,0.7692,0.3333,1.0,0.922,Applied ML Engineer,Rephrase.ai,"Delhi, Delhi",6.6
CAND_0067866,0.7368,0.7839,0.25,1.0,1.0,Senior Software Engineer (ML),Tech Mahindra,"Noida, Uttar Pradesh",6.4
CAND_0053605,0.7366,0.7832,0.25,1.0,1.0,Senior Software Engineer (ML),Verloop.io,"Noida, Uttar Pradesh",6.9
CAND_0061265,0.7365,0.7932,0.25,1.0,0.982,Recommendation Systems Engineer,Zoho,"Delhi, Delhi",6.6
CAND_0037160,0.7358,0.7212,0.3333,1.0,1.0,Data Scientist,Haptik,"Mumbai, Maharashtra",6.0
CAND_0037566,0.7341,0.776,0.25,1.0,1.0,Machine Learning Engineer,LinkedIn,"Bangalore, Karnataka",6.9
CAND_0080204,0.734,0.7161,0.3333,1.0,1.0,Mechanical Engineer,Dunder Mifflin,"Hyderabad, Telangana",7.2
CAND_0052328,0.7337,0.7748,0.25,1.0,1.0,Recommendation Systems Engineer,Amazon,"Pune, Maharashtra",6.5
CAND_0049336,0.7336,0.715,0.3333,1.0,1.0,Sales Executive,Stark Industries,"Noida, Uttar Pradesh",8.6
CAND_0088240,0.7331,0.7137,0.3333,1.0,1.0,Content Writer,Hooli,"Bangalore, Karnataka",7.7
CAND_0062247,0.7325,0.7977,0.3333,0.85,1.0,AI Engineer,Google,"Kochi, Kerala",7.3
CAND_0053472,0.7324,0.7772,0.4167,1.0,0.781,Senior Software Engineer (ML),HCL,"Noida, Uttar Pradesh",6.5
CAND_0015578,0.7318,0.7701,0.3333,1.0,0.895,AI Engineer,Zoho,"Delhi, Delhi",5.4
CAND_0039977,0.7316,0.7269,0.4167,1.0,0.865,Civil Engineer,Globex Inc,"Mumbai, Maharashtra",8.9
CAND_0083307,0.7316,0.7871,0.4167,0.85,0.91,Search Engineer,CRED,"Vizag, Andhra Pradesh",7.8
CAND_0022870,0.7315,0.7146,0.5,0.85,0.932,AI Specialist,HCL,"Ahmedabad, Gujarat",6.7
CAND_0088064,0.7313,0.7347,0.4167,0.85,1.0,Customer Support,Acme Corp,"Bhubaneswar, Odisha",8.8
CAND_0026316,0.7309,0.7398,0.4167,0.85,0.989,Customer Support,Hooli,"Gurgaon, Haryana",5.3
CAND_0046459,0.7307,0.7616,0.4167,0.8,1.0,AI Research Engineer,upGrad,"Pune, Maharashtra",4.5
CAND_0041610,0.7305,0.7918,0.3333,0.85,1.0,Recommendation Systems Engineer,Zoho,"Indore, Madhya Pradesh",6.7
CAND_0030570,0.7303,0.6827,0.4167,1.0,0.936,Content Writer,Pied Piper,"Bangalore, Karnataka",6.5
CAND_0088025,0.7288,0.8161,0.3333,0.85,0.949,Staff Machine Learning Engineer,Yellow.ai,"Jaipur, Rajasthan",8.6
CAND_0030468,0.7287,0.7867,0.3333,0.85,1.0,Senior Applied Scientist,Swiggy,"Indore, Madhya Pradesh",5.4
CAND_0011687,0.7285,0.7863,0.3333,0.85,1.0,Senior NLP Engineer,Niramai,"Indore, Madhya Pradesh",7.8
CAND_0066395,0.7281,0.7151,0.4167,1.0,0.868,Sales Executive,Pied Piper,"Pune, Maharashtra",6.7
CAND_0055905,0.7281,0.8111,0.4167,0.7,1.0,Senior Machine Learning Engineer,Flipkart,London,8.1
CAND_0098780,0.728,0.7752,0.25,1.0,0.971,AI Research Engineer,Zomato,"Bangalore, Karnataka",5.9
CAND_0005649,0.7279,0.7726,0.3333,1.0,0.871,Senior Data Scientist,Sarvam AI,"Delhi, Delhi",7.4
CAND_0001644,0.7277,0.7234,0.3333,1.0,0.956,Business Analyst,Acme Corp,"Pune, Maharashtra",8.7
CAND_0008425,0.7276,0.7825,0.4167,0.85,0.898,Senior NLP Engineer,Ola,"Kolkata, West Bengal",7.8
CAND_0094370,0.7275,0.7239,0.4167,0.85,1.0,Business Analyst,Dunder Mifflin,"Jaipur, Rajasthan",8.4
CAND_0016317,0.7273,0.7231,0.4167,0.85,1.0,Project Manager,Acme Corp,"Ahmedabad, Gujarat",6.5
CAND_0002025,0.7273,0.8422,0.25,0.85,1.0,Senior AI Engineer,Apple,"Trivandrum, Kerala",5.9
CAND_0027640,0.7267,0.7317,0.4167,1.0,0.832,Marketing Manager,Globex Inc,"Bangalore, Karnataka",8.7
CAND_0033991,0.7263,0.7203,0.4167,0.85,1.0,Mechanical Engineer,Wayne Enterprises,"Chennai, Tamil Nadu",7.5
CAND_0068811,0.7263,0.7538,0.25,1.0,1.0,Applied ML Engineer,Freshworks,"Pune, Maharashtra",8.0
CAND_0081480,0.7263,0.7536,0.25,1.0,1.0,Computer Vision Engineer,Sarvam AI,"Noida, Uttar Pradesh",5.6
CAND_0008295,0.7259,0.7524,0.25,1.0,1.0,AI Research Engineer,Razorpay,"Pune, Maharashtra",6.5
CAND_0007351,0.725,0.7168,0.4167,0.85,1.0,Business Analyst,Hooli,"Vizag, Andhra Pradesh",5.1
CAND_0010541,0.725,0.7633,0.25,1.0,0.977,AI Research Engineer,Wysa,"Hyderabad, Telangana",6.2
CAND_0007052,0.7249,0.7497,0.25,1.0,1.0,ML Engineer,Unacademy,"Pune, Maharashtra",6.5
CAND_0077498,0.7248,0.7758,0.3333,0.85,1.0,Senior Software Engineer (ML),Niramai,"Ahmedabad, Gujarat",5.4
CAND_0056182,0.7246,0.69,0.3333,1.0,0.999,Mechanical Engineer,Initech,"Noida, Uttar Pradesh",8.9
CAND_0048615,0.7244,0.7177,0.4167,1.0,0.845,Graphic Designer,Wayne Enterprises,"Hyderabad, Telangana",7.2
CAND_0073874,0.7238,0.7089,0.3333,1.0,0.962,Operations Manager,Pied Piper,"Noida, Uttar Pradesh",6.5
CAND_0005311,0.7237,0.7537,0.25,1.0,0.987,AI Research Engineer,Aganitha,"Mumbai, Maharashtra",5.7
CAND_0040117,0.7236,0.7723,0.3333,0.85,1.0,Recommendation Systems Engineer,PhonePe,"Vizag, Andhra Pradesh",6.5
CAND_0024620,0.7236,0.7829,0.5,0.7,0.923,AI Engineer,PharmEasy,New York,5.9
CAND_0012918,0.7235,0.7308,0.3333,1.0,0.922,Project Manager,Globex Inc,"Noida, Uttar Pradesh",8.5
CAND_0036184,0.7231,0.7708,0.3333,0.85,1.0,Recommendation Systems Engineer,CRED,"Trivandrum, Kerala",6.0
CAND_0094292,0.723,0.7676,0.25,1.0,0.959,AI Specialist,Vedantu,"Mumbai, Maharashtra",6.5
CAND_0070525,0.7229,0.8035,0.1667,1.0,1.0,Senior Software Engineer (ML),Mad Street Den,"Hyderabad, Telangana",5.4
CAND_0030946,0.7227,0.7331,0.3333,1.0,0.914,Junior ML Engineer,Yellow.ai,"Mumbai, Maharashtra",6.7
CAND_0042506,0.7227,0.7982,0.3333,0.8,1.0,Search Engineer,Verloop.io,"Mumbai, Maharashtra",4.2
CAND_0064215,0.7226,0.7317,0.3333,1.0,0.916,Civil Engineer,Dunder Mifflin,"Hyderabad, Telangana",8.7
CAND_0081203,0.7222,0.7127,0.4167,0.85,0.993,Operations Manager,Wayne Enterprises,"Vizag, Andhra Pradesh",7.7
CAND_0095528,0.7221,0.7879,0.3333,0.85,0.965,Senior Data Scientist,Netflix,"Indore, Madhya Pradesh",5.3
CAND_0046434,0.722,0.7155,0.3333,1.0,0.941,Sales Executive,Dunder Mifflin,"Pune, Maharashtra",7.8
CAND_0093883,0.7219,0.7262,0.4167,0.85,0.968,AI Research Engineer,Wysa,"Bhubaneswar, Odisha",5.0
CAND_0013440,0.7217,0.7406,0.25,1.0,1.0,Senior Data Engineer,upGrad,"Noida, Uttar Pradesh",7.2
CAND_0079064,0.7215,0.7554,0.25,1.0,0.973,Senior Data Scientist,Niramai,"Noida, Uttar Pradesh",5.2
CAND_0076412,0.7211,0.7582,0.3333,1.0,0.862,AI Research Engineer,Wysa,"Noida, Uttar Pradesh",5.8
CAND_0049120,0.721,0.6803,0.3333,1.0,0.998,Project Manager,Wayne Enterprises,"Pune, Maharashtra",7.4
CAND_0052994,0.721,0.7053,0.4167,0.85,1.0,HR Manager,Stark Industries,"Gurgaon, Haryana",6.6
CAND_0019848,0.721,0.7079,0.4167,0.85,0.995,Operations Manager,Dunder Mifflin,"Trivandrum, Kerala",5.9
CAND_0002969,0.7209,0.7261,0.3333,1.0,0.917,Senior Data Engineer,Unacademy,"Noida, Uttar Pradesh",6.9
CAND_0025640,0.7209,0.7644,0.3333,0.85,1.0,AI Research Engineer,HCL,"Jaipur, Rajasthan",5.6
CAND_0081852,0.7207,0.7766,0.25,1.0,0.932,Senior Data Scientist,Mad Street Den,"Delhi, Delhi",5.9
CAND_0079387,0.7204,0.7629,0.3333,0.85,1.0,AI Engineer,Microsoft,"Trivandrum, Kerala",6.9
CAND_0088703,0.7203,0.7136,0.4167,1.0,0.832,Customer Support,Dunder Mifflin,"Bangalore, Karnataka",5.4
CAND_0032147,0.7203,0.7031,0.4167,0.85,1.0,Accountant,Stark Industries,"Jaipur, Rajasthan",8.2
CAND_0024878,0.7199,0.7615,0.3333,0.85,1.0,AI Specialist,HCL,"Vizag, Andhra Pradesh",5.7
CAND_0043860,0.7199,0.7616,0.3333,0.85,1.0,Junior ML Engineer,Aganitha,"Bhubaneswar, Odisha",6.1
CAND_0048079,0.7196,0.6938,0.4167,1.0,0.863,Sales Executive,Hooli,"Noida, Uttar Pradesh",7.8
CAND_0072407,0.7196,0.7042,0.4167,0.85,0.995,Civil Engineer,Hooli,"Chennai, Tamil Nadu",7.3
CAND_0075574,0.7196,0.7495,0.25,1.0,0.974,Machine Learning Engineer,Haptik,"Bangalore, Karnataka",5.7
CAND_0050454,0.7195,0.7937,0.1667,1.0,1.0,AI Engineer,Rephrase.ai,"Delhi, Delhi",6.8
CAND_0064618,0.7193,0.7005,0.4167,0.85,1.0,Project Manager,Initech,"Bhubaneswar, Odisha",5.7
CAND_0005260,0.7193,0.7814,0.4167,0.85,0.858,Senior NLP Engineer,Netflix,"Chennai, Tamil Nadu",5.2
CAND_0078635,0.719,0.723,0.3333,1.0,0.913,Software Engineer,Tech Mahindra,"Noida, Uttar Pradesh",7.9
CAND_0048558,0.719,0.7329,0.25,1.0,1.0,Data Scientist,Rephrase.ai,"Noida, Uttar Pradesh",6.7
CAND_0051004,0.7187,0.7867,0.3333,0.8,1.0,Senior Data Scientist,CRED,"Delhi, Delhi",4.7
CAND_0036593,0.7183,0.7261,0.4167,0.8,1.0,Sales Executive,Stark Industries,"Delhi, Delhi",10.1
CAND_0038382,0.7182,0.7281,0.4167,1.0,0.796,HR Manager,Wayne Enterprises,"Bangalore, Karnataka",7.0
CAND_0024526,0.7179,0.7234,0.3333,1.0,0.907,Sales Executive,Initech,"Mumbai, Maharashtra",5.2
CAND_0040200,0.7179,0.7524,0.3333,1.0,0.856,AI Research Engineer,PharmEasy,"Pune, Maharashtra",5.5
CAND_0036598,0.7178,0.6773,0.4167,1.0,0.883,Civil Engineer,Initech,"Mumbai, Maharashtra",7.3
CAND_0036778,0.7178,0.7162,0.3333,1.0,0.919,Marketing Manager,Stark Industries,"Hyderabad, Telangana",9.0
CAND_0006418,0.7178,0.7557,0.3333,0.85,1.0,Machine Learning Engineer,Verloop.io,"Gurgaon, Haryana",5.7
CAND_0079407,0.7175,0.7432,0.4167,0.85,0.916,Project Manager,Acme Corp,"Bhubaneswar, Odisha",7.5
CAND_0023396,0.7172,0.7356,0.25,1.0,0.986,Data Engineer,Initech,"Noida, Uttar Pradesh",7.4
CAND_0086022,0.7167,0.8119,0.25,0.85,1.0,Senior Applied Scientist,Sarvam AI,"Kolkata, West Bengal",5.3
CAND_0025658,0.7165,0.7257,0.25,1.0,1.0,Marketing Manager,Dunder Mifflin,"Delhi, Delhi",7.6
CAND_0066758,0.7164,0.7217,0.4167,1.0,0.798,Project Manager,Hooli,"Noida, Uttar Pradesh",8.9
CAND_0096777,0.7164,0.7169,0.3333,1.0,0.911,Business Analyst,Pied Piper,"Hyderabad, Telangana",7.7
CAND_0070514,0.7164,0.7254,0.25,1.0,1.0,AI Specialist,Glance,"Bangalore, Karnataka",5.5
CAND_0062751,0.7162,0.7202,0.4167,0.8,1.0,Mechanical Engineer,Acme Corp,"Delhi, Delhi",9.7
CAND_0050064,0.7156,0.7224,0.4167,1.0,0.793,Sales Executive,Hooli,"Delhi, Delhi",5.9
CAND_0058340,0.7152,0.6886,0.4167,0.85,1.0,Sales Executive,Stark Industries,"Trivandrum, Kerala",8.2
CAND_0066623,0.7152,0.7454,0.25,1.0,0.959,Senior Data Engineer,Nykaa,"Hyderabad, Telangana",6.3
CAND_0037980,0.7151,0.8074,0.25,0.85,1.0,Senior Applied Scientist,Niramai,"Kolkata, West Bengal",9.0
CAND_0099288,0.7149,0.6878,0.4167,0.85,1.0,Content Writer,Stark Industries,"Kolkata, West Bengal",7.4
CAND_0020954,0.7148,0.7093,0.3333,1.0,0.916,Senior Software Engineer,Swiggy,"Pune, Maharashtra",7.1
CAND_0073007,0.7143,0.779,0.1667,1.0,1.0,AI Specialist,Aganitha,"Bangalore, Karnataka",5.8
CAND_0011383,0.7141,0.7099,0.4167,1.0,0.807,Mechanical Engineer,Wayne Enterprises,"Noida, Uttar Pradesh",6.6
CAND_0009734,0.7138,0.6915,0.4167,1.0,0.838,Accountant,Wayne Enterprises,"Pune, Maharashtra",8.6
CAND_0024947,0.7138,0.7801,0.3333,0.85,0.937,AI Research Engineer,HCL,"Trivandrum, Kerala",6.1
CAND_0010603,0.7137,0.7279,0.25,1.0,0.982,ML Engineer,BYJU'S,"Bangalore, Karnataka",5.3
CAND_0004402,0.7136,0.7771,0.1667,1.0,1.0,AI Research Engineer,Yellow.ai,"Delhi, Delhi",6.0
CAND_0074723,0.7135,0.6793,0.3333,1.0,0.962,Civil Engineer,Hooli,"Bangalore, Karnataka",8.0
CAND_0044445,0.7134,0.7172,0.4167,0.85,0.941,Accountant,Globex Inc,"Ahmedabad, Gujarat",6.5
CAND_0040178,0.7134,0.7368,0.25,1.0,0.965,ML Engineer,Meesho,"Pune, Maharashtra",5.0
CAND_0030784,0.7134,0.7293,0.4167,0.8,0.97,Data Scientist,Yellow.ai,"Delhi, Delhi",4.4
CAND_0099268,0.7129,0.7336,0.25,1.0,0.968,Customer Support,Stark Industries,"Hyderabad, Telangana",6.6
CAND_0083005,0.7126,0.7343,0.4167,0.85,0.907,Mechanical Engineer,Globex Inc,"Vizag, Andhra Pradesh",5.4
CAND_0002389,0.7123,0.7138,0.25,1.0,1.0,Analytics Engineer,Acme Corp,"Noida, Uttar Pradesh",5.3
CAND_0010257,0.7123,0.7617,0.25,1.0,0.916,Senior Data Scientist,Google,"Noida, Uttar Pradesh",6.5
CAND_0016282,0.7121,0.7243,0.4167,0.85,0.922,Content Writer,Hooli,"Jaipur, Rajasthan",7.1
CAND_0071939,0.7119,0.7127,0.25,1.0,1.0,Data Scientist,Krutrim,"Pune, Maharashtra",6.4
CAND_0033445,0.7118,0.7385,0.3333,0.85,1.0,ML Engineer,Vedantu,"Ahmedabad, Gujarat",6.8
CAND_0067453,0.7115,0.7227,0.4167,0.85,0.922,Content Writer,Hooli,"Ahmedabad, Gujarat",5.8
CAND_0007460,0.7115,0.7959,0.4167,0.8,0.844,AI Engineer,Salesforce,"Pune, Maharashtra",4.7
CAND_0026162,0.7114,0.6898,0.4167,1.0,0.829,Business Analyst,Initech,"Bangalore, Karnataka",5.4
CAND_0021406,0.7113,0.711,0.25,1.0,1.0,Software Engineer,Wayne Enterprises,"Mumbai, Maharashtra",7.3
CAND_0072688,0.711,0.7101,0.25,1.0,1.0,Data Scientist,Niramai,"Pune, Maharashtra",6.9
CAND_0057736,0.7108,0.7495,0.3333,0.85,0.976,Computer Vision Engineer,Mad Street Den,"Coimbatore, Tamil Nadu",6.2
CAND_0058688,0.7108,0.7619,0.4167,0.7,1.0,AI Engineer,Vedantu,Berlin,6.7
CAND_0037944,0.7108,0.7902,0.4167,0.65,1.0,Senior Data Scientist,Vedantu,"Jaipur, Rajasthan",4.9
CAND_0078258,0.7107,0.7345,0.4167,0.8,0.947,Civil Engineer,Hooli,"Noida, Uttar Pradesh",4.8
CAND_0046698,0.7102,0.7078,0.25,1.0,1.0,Graphic Designer,Dunder Mifflin,"Pune, Maharashtra",7.0
CAND_0081086,0.7102,0.7637,0.25,1.0,0.902,AI Specialist,Observe.AI,"Noida, Uttar Pradesh",5.2
CAND_0096916,0.7101,0.7073,0.25,1.0,1.0,Software Engineer,Pied Piper,"Pune, Maharashtra",6.3
CAND_0088369,0.7097,0.6861,0.4167,0.85,0.977,Business Analyst,Pied Piper,"Ahmedabad, Gujarat",9.0
CAND_0066652,0.7097,0.7138,0.3333,1.0,0.883,Graphic Designer,Initech,"Delhi, Delhi",5.1
CAND_0019288,0.7097,0.7658,0.1667,1.0,1.0,AI Research Engineer,Paytm,"Noida, Uttar Pradesh",5.7
CAND_0045064,0.7095,0.6935,0.4167,1.0,0.813,HR Manager,Initech,"Delhi, Delhi",7.8
CAND_0093912,0.7094,0.7911,0.25,0.85,1.0,Senior Data Scientist,Razorpay,"Chandigarh, Chandigarh",5.3
CAND_0063835,0.709,0.7202,0.4167,0.85,0.914,Business Analyst,Wayne Enterprises,"Indore, Madhya Pradesh",6.6
CAND_0074523,0.7086,0.7032,0.25,1.0,1.0,Backend Engineer,Vedantu,"Delhi, Delhi",5.8
CAND_0077285,0.7086,0.7475,0.3333,0.85,0.968,Recommendation Systems Engineer,Nykaa,"Ahmedabad, Gujarat",5.5
CAND_0049978,0.7083,0.7879,0.25,0.85,1.0,Senior Software Engineer (ML),Sarvam AI,"Trivandrum, Kerala",6.6
CAND_0051466,0.7082,0.7311,0.3333,0.85,0.995,AI Research Engineer,Niramai,"Trivandrum, Kerala",5.3
CAND_0080766,0.7081,0.7863,0.3333,0.85,0.898,Staff Machine Learning Engineer,Salesforce,"Coimbatore, Tamil Nadu",8.8
CAND_0052370,0.7079,0.6999,0.4167,0.85,0.944,Operations Manager,Stark Industries,"Vizag, Andhra Pradesh",7.4
CAND_0098288,0.7079,0.7332,0.25,1.0,0.944,Junior ML Engineer,Vedantu,"Mumbai, Maharashtra",6.7
CAND_0066276,0.7078,0.7316,0.4167,0.8,0.938,Civil Engineer,Globex Inc,"Delhi, Delhi",9.2
CAND_0017093,0.7076,0.7004,0.25,1.0,1.0,ML Engineer,Zoho,"Hyderabad, Telangana",5.9
CAND_0076156,0.7075,0.7261,0.3333,0.85,1.0,HR Manager,Globex Inc,"Coimbatore, Tamil Nadu",7.3
CAND_0007412,0.7074,0.7408,0.25,1.0,0.928,Applied ML Engineer,Zoho,"Noida, Uttar Pradesh",7.4
CAND_0099401,0.7073,0.7607,0.5833,0.85,0.626,NLP Engineer,Dream11,"Ahmedabad, Gujarat",7.7
CAND_0041895,0.707,0.7283,0.3333,1.0,0.844,Civil Engineer,Wayne Enterprises,"Noida, Uttar Pradesh",8.9
CAND_0059839,0.7069,0.7363,0.4167,0.8,0.925,Civil Engineer,Initech,"Delhi, Delhi",9.5
CAND_0030348,0.7069,0.7748,0.3333,0.8,0.962,Machine Learning Engineer,BYJU'S,"Noida, Uttar Pradesh",4.5
CAND_0001206,0.7067,0.6932,0.3333,1.0,0.904,Civil Engineer,Initech,"Pune, Maharashtra",8.8
CAND_0008677,0.7067,0.7389,0.25,1.0,0.928,Senior Software Engineer,PolicyBazaar,"Pune, Maharashtra",5.8
CAND_0013393,0.7067,0.7554,0.25,1.0,0.899,ML Engineer,Freshworks,"Bangalore, Karnataka",5.3
CAND_0021488,0.7064,0.6969,0.25,1.0,1.0,Data Engineer,Nykaa,"Hyderabad, Telangana",6.5
CAND_0096537,0.7064,0.7087,0.4167,0.8,0.971,HR Manager,Globex Inc,"Noida, Uttar Pradesh",4.0
CAND_0072652,0.7063,0.7239,0.3333,0.85,0.998,Operations Manager,Acme Corp,"Indore, Madhya Pradesh",7.1
CAND_0011162,0.7063,0.7656,0.3333,0.85,0.925,Recommendation Systems Engineer,upGrad,"Coimbatore, Tamil Nadu",5.8
CAND_0043416,0.7062,0.7225,0.3333,0.85,1.0,Business Analyst,Hooli,"Chandigarh, Chandigarh",7.5
CAND_0055627,0.706,0.6958,0.25,1.0,1.0,Data Analyst,HCL,"Mumbai, Maharashtra",6.9
CAND_0039905,0.7059,0.7029,0.3333,1.0,0.883,Content Writer,Hooli,"Delhi, Delhi",6.8
CAND_0039382,0.7058,0.7156,0.3333,1.0,0.86,Marketing Manager,Initech,"Pune, Maharashtra",7.8
CAND_0068410,0.7057,0.7635,0.3333,0.85,0.926,Senior Software Engineer (ML),Unacademy,"Ahmedabad, Gujarat",5.8
CAND_0023650,0.7056,0.6947,0.25,1.0,1.0,Analytics Engineer,Flipkart,"Delhi, Delhi",5.2
CAND_0073314,0.7056,0.7539,0.1667,1.0,1.0,Senior Software Engineer (ML),Aganitha,"Noida, Uttar Pradesh",5.2
CAND_0009024,0.7056,0.7803,0.25,0.85,1.0,Search Engineer,Google,"Chennai, Tamil Nadu",5.2
CAND_0048669,0.7055,0.6914,0.3333,1.0,0.901,Marketing Manager,Initech,"Noida, Uttar Pradesh",8.7
CAND_0091899,0.7054,0.7755,0.3333,1.0,0.753,Senior Software Engineer (ML),PhonePe,"Delhi, Delhi",5.8
CAND_0071880,0.7054,0.7713,0.25,1.0,0.865,Senior Software Engineer (ML),Locobuzz,"Bangalore, Karnataka",5.8
CAND_0035508,0.7053,0.6936,0.25,1.0,1.0,Data Analyst,Pied Piper,"Hyderabad, Telangana",7.2
CAND_0013229,0.7053,0.7282,0.4167,1.0,0.731,Mechanical Engineer,Hooli,"Delhi, Delhi",5.5
CAND_0079806,0.7053,0.7355,0.3333,1.0,0.823,Accountant,Hooli,"Pune, Maharashtra",8.4
CAND_0038463,0.7053,0.7309,0.25,1.0,0.935,Civil Engineer,Globex Inc,"Noida, Uttar Pradesh",6.6
CAND_0013524,0.7052,0.7248,0.3333,1.0,0.841,Customer Support,Initech,"Mumbai, Maharashtra",7.1
CAND_0096466,0.705,0.7174,0.3333,1.0,0.853,HR Manager,Pied Piper,"Noida, Uttar Pradesh",7.0
CAND_0064904,0.7049,0.785,0.3333,0.8,0.934,AI Engineer,LinkedIn,"Hyderabad, Telangana",4.9
CAND_0062586,0.7044,0.7229,0.4167,0.85,0.886,Graphic Designer,Wayne Enterprises,"Trivandrum, Kerala",8.2
CAND_0086682,0.7044,0.7353,0.25,1.0,0.923,Customer Support,Wayne Enterprises,"Pune, Maharashtra",5.4
CAND_0017090,0.7042,0.7763,0.25,0.85,1.0,Senior Software Engineer (ML),Paytm,"Kochi, Kerala",5.5
CAND_0094619,0.704,0.7241,0.3333,0.85,0.986,Accountant,Pied Piper,"Kochi, Kerala",7.3
CAND_0005538,0.704,0.8081,0.25,0.85,0.943,Senior AI Engineer,Adobe,"Kolkata, West Bengal",5.9
CAND_0080157,0.7039,0.6957,0.4167,1.0,0.781,Sales Executive,Hooli,"Pune, Maharashtra",6.1
CAND_0082184,0.7037,0.7313,0.4167,0.85,0.868,Operations Manager,Stark Industries,"Gurgaon, Haryana",8.3
CAND_0066649,0.7036,0.744,0.4167,0.8,0.895,Customer Support,Wayne Enterprises,"Hyderabad, Telangana",10.0
CAND_0022615,0.7035,0.6885,0.4167,0.85,0.942,Operations Manager,Pied Piper,"Chandigarh, Chandigarh",8.1
CAND_0018555,0.7034,0.6884,0.25,1.0,1.0,Backend Engineer,Zoho,"Bangalore, Karnataka",7.6
CAND_0027450,0.7031,0.7272,0.4167,1.0,0.722,Civil Engineer,Acme Corp,"Pune, Maharashtra",7.5
CAND_0067554,0.7031,0.7332,0.3333,1.0,0.816,Business Analyst,Wayne Enterprises,"Noida, Uttar Pradesh",5.4
CAND_0038368,0.703,0.7421,0.25,1.0,0.904,ML Engineer,PhonePe,"Hyderabad, Telangana",5.4
CAND_0093763,0.703,0.7603,0.1667,1.0,0.976,Senior Software Engineer (ML),Swiggy,"Noida, Uttar Pradesh",5.0
CAND_0044222,0.703,0.7844,0.25,0.85,0.98,AI Engineer,PolicyBazaar,"Vizag, Andhra Pradesh",7.7
CAND_0012324,0.7026,0.6912,0.3333,1.0,0.887,Project Manager,Stark Industries,"Noida, Uttar Pradesh",5.6
CAND_0010939,0.7026,0.7177,0.4167,0.85,0.886,Marketing Manager,Wayne Enterprises,"Ahmedabad, Gujarat",8.7
CAND_0017362,0.7026,0.7206,0.4167,0.85,0.881,Operations Manager,Wayne Enterprises,"Chennai, Tamil Nadu",5.1
CAND_0039152,0.7025,0.7046,0.3333,1.0,0.863,Content Writer,Stark Industries,"Delhi, Delhi",5.2
CAND_0042284,0.7025,0.7058,0.25,1.0,0.965,Operations Manager,Wayne Enterprises,"Mumbai, Maharashtra",7.9
CAND_0091909,0.7025,0.748,0.1667,1.0,0.995,Machine Learning Engineer,Rephrase.ai,"Bangalore, Karnataka",6.9
CAND_0097681,0.7024,0.7207,0.4167,0.85,0.88,Operations Manager,Globex Inc,"Vizag, Andhra Pradesh",8.4
CAND_0092182,0.7024,0.7117,0.3333,0.85,1.0,Project Manager,Dunder Mifflin,"Jaipur, Rajasthan",8.0
CAND_0031593,0.7024,0.7837,0.3333,0.85,0.874,Search Engineer,Genpact AI,"Kolkata, West Bengal",7.8
CAND_0007596,0.7022,0.7397,0.3333,0.8,1.0,Junior ML Engineer,Flipkart,"Delhi, Delhi",4.4
CAND_0024467,0.7017,0.7239,0.3333,0.85,0.975,Accountant,Hooli,"Kochi, Kerala",7.6
CAND_0074735,0.7017,0.749,0.3333,0.85,0.931,Applied ML Engineer,Rephrase.ai,"Chandigarh, Chandigarh",5.5
CAND_0073915,0.7015,0.6907,0.4167,0.85,0.928,Business Analyst,Acme Corp,"Coimbatore, Tamil Nadu",9.0
CAND_0083910,0.7015,0.7075,0.25,1.0,0.957,Software Engineer,CRED,"Mumbai, Maharashtra",5.1
CAND_0092255,0.7015,0.7319,0.25,1.0,0.914,ML Engineer,InMobi,"Noida, Uttar Pradesh",5.2
CAND_0012888,0.7015,0.7423,0.1667,1.0,1.0,Junior ML Engineer,Genpact AI,"Delhi, Delhi",6.4
CAND_0002525,0.7014,0.6931,0.4167,0.85,0.923,Content Writer,Dunder Mifflin,"Gurgaon, Haryana",7.7
CAND_0072348,0.7014,0.7546,0.25,1.0,0.874,Senior Data Engineer,Freshworks,"Delhi, Delhi",5.8
CAND_0002220,0.7013,0.7174,0.4167,1.0,0.73,Content Writer,Pied Piper,"Hyderabad, Telangana",5.8
CAND_0064780,0.7013,0.7152,0.4167,0.85,0.884,Project Manager,Hooli,"Jaipur, Rajasthan",7.0
CAND_0009539,0.7012,0.7306,0.3333,1.0,0.811,Mechanical Engineer,Hooli,"Mumbai, Maharashtra",7.0
CAND_0011263,0.7012,0.7242,0.25,1.0,0.926,ML Engineer,Ola,"Pune, Maharashtra",5.1
CAND_0063737,0.7011,0.7256,0.25,1.0,0.923,HR Manager,Pied Piper,"Hyderabad, Telangana",7.7
CAND_0052743,0.7011,0.718,0.4167,0.8,0.928,Operations Manager,Hooli,"Delhi, Delhi",4.7
CAND_0033385,0.7006,0.6807,0.3333,1.0,0.895,HR Manager,Initech,"Hyderabad, Telangana",6.0
CAND_0078492,0.7004,0.7655,0.25,0.85,1.0,Recommendation Systems Engineer,Verloop.io,"Kochi, Kerala",5.1
CAND_0078425,0.7003,0.726,0.4167,0.85,0.86,Sales Executive,Dunder Mifflin,"Jaipur, Rajasthan",5.0
CAND_0029825,0.7002,0.7109,0.4167,1.0,0.736,Marketing Manager,Stark Industries,"Noida, Uttar Pradesh",5.6
CAND_0026791,0.7002,0.7299,0.4167,0.85,0.853,Content Writer,Hooli,"Gurgaon, Haryana",5.7
CAND_0043676,0.7001,0.7384,0.1667,1.0,1.0,Senior Software Engineer (ML),Observe.AI,"Delhi, Delhi",6.1
CAND_0056541,0.7,0.7274,0.4167,0.85,0.856,Sales Executive,Globex Inc,"Ahmedabad, Gujarat",8.3
CAND_0007978,0.6999,0.7305,0.4167,0.7,1.0,Business Analyst,TCS,"Hyderabad, Telangana",7.6
CAND_0090584,0.6998,0.7396,0.25,1.0,0.892,ML Engineer,Flipkart,"Pune, Maharashtra",5.1
CAND_0001537,0.6998,0.7305,0.4167,0.7,1.0,Project Manager,Stark Industries,London,6.3
CAND_0010202,0.6997,0.7208,0.4167,1.0,0.716,Accountant,Wayne Enterprises,"Hyderabad, Telangana",7.8
CAND_0035460,0.6997,0.7182,0.4167,0.85,0.871,Project Manager,Stark Industries,"Ahmedabad, Gujarat",5.2
CAND_0077991,0.6996,0.711,0.4167,0.85,0.883,Sales Executive,Globex Inc,"Bhubaneswar, Odisha",8.7
CAND_0000664,0.6996,0.7185,0.25,1.0,0.928,Accountant,Dunder Mifflin,"Hyderabad, Telangana",7.4
CAND_0030364,0.6995,0.7297,0.3333,1.0,0.804,Civil Engineer,Acme Corp,"Noida, Uttar Pradesh",6.3
CAND_0090376,0.6995,0.7302,0.25,1.0,0.907,Operations Manager,Dunder Mifflin,"Mumbai, Maharashtra",5.4
CAND_0060538,0.6995,0.7474,0.25,1.0,0.877,ML Engineer,Verloop.io,"Pune, Maharashtra",5.2
CAND_0065430,0.6995,0.732,0.3333,0.8,1.0,ML Engineer,Mad Street Den,"Mumbai, Maharashtra",4.4
CAND_0000859,0.6993,0.716,0.25,1.0,0.931,Senior Software Engineer,Vedantu,"Delhi, Delhi",5.9
CAND_0052169,0.6993,0.7251,0.4167,0.8,0.907,ML Engineer,Flipkart,"Delhi, Delhi",4.1
CAND_0042029,0.6991,0.7897,0.25,1.0,0.801,Senior Data Scientist,Flipkart,"Delhi, Delhi",6.5
CAND_0064615,0.699,0.6904,0.4167,0.85,0.916,Marketing Manager,Globex Inc,"Vizag, Andhra Pradesh",8.1
CAND_0043829,0.699,0.7683,0.3333,0.8,0.934,AI Research Engineer,Observe.AI,"Bangalore, Karnataka",4.8
CAND_0094891,0.6989,0.735,0.1667,1.0,1.0,Data Engineer,Paytm,"Pune, Maharashtra",5.8
CAND_0014942,0.6988,0.6751,0.25,1.0,1.0,Frontend Engineer,Flipkart,"Hyderabad, Telangana",9.0
CAND_0024327,0.6988,0.6995,0.3333,1.0,0.853,Mechanical Engineer,Stark Industries,"Noida, Uttar Pradesh",6.8
CAND_0015760,0.6987,0.7319,0.4167,0.8,0.892,AI Research Engineer,InMobi,"Delhi, Delhi",4.4
CAND_0018888,0.6986,0.7516,0.25,1.0,0.865,AI Research Engineer,Razorpay,"Noida, Uttar Pradesh",6.5
CAND_0077219,0.6985,0.7193,0.4167,1.0,0.713,Project Manager,Initech,"Hyderabad, Telangana",5.4
CAND_0082062,0.6982,0.7247,0.25,1.0,0.91,Business Analyst,Wayne Enterprises,"Noida, Uttar Pradesh",7.3
CAND_0088385,0.6982,0.7472,0.25,1.0,0.871,Computer Vision Engineer,Swiggy,"Bangalore, Karnataka",7.0
CAND_0098454,0.6982,0.759,0.25,0.85,1.0,AI Specialist,Meesho,"Indore, Madhya Pradesh",6.6
CAND_0076251,0.6981,0.7856,0.25,0.85,0.953,Search Engineer,Haptik,"Bhubaneswar, Odisha",7.6
CAND_0049668,0.698,0.699,0.3333,0.85,1.0,Data Analyst,Razorpay,"Gurgaon, Haryana",6.7
CAND_0017557,0.698,0.7276,0.25,1.0,0.904,Customer Support,Dunder Mifflin,"Hyderabad, Telangana",8.0
CAND_0019183,0.6979,0.682,0.4167,1.0,0.775,Civil Engineer,Acme Corp,"Mumbai, Maharashtra",7.6
CAND_0077081,0.6979,0.7122,0.4167,0.8,0.922,Sales Executive,Stark Industries,"Hyderabad, Telangana",9.9
CAND_0035945,0.6977,0.7118,0.4167,1.0,0.722,Marketing Manager,Initech,"Noida, Uttar Pradesh",8.4
CAND_0093107,0.6977,0.7193,0.3333,0.85,0.963,Accountant,Pied Piper,"Chennai, Tamil Nadu",6.8
CAND_0082973,0.6975,0.774,0.4167,0.85,0.762,AI Specialist,Genpact AI,"Chandigarh, Chandigarh",6.4
CAND_0044768,0.6974,0.7002,0.3333,1.0,0.845,Mechanical Engineer,Acme Corp,"Pune, Maharashtra",6.7
CAND_0069578,0.6974,0.7313,0.25,1.0,0.895,Backend Engineer,Razorpay,"Delhi, Delhi",7.1
CAND_0020350,0.6974,0.7568,0.25,0.85,1.0,AI Engineer,Zoho,"Jaipur, Rajasthan",5.8
CAND_0099806,0.6974,0.8118,0.3333,0.65,1.0,AI Engineer,Mad Street Den,"Bhubaneswar, Odisha",4.6
CAND_0003841,0.6973,0.7304,0.1667,1.0,1.0,ML Engineer,Tech Mahindra,"Pune, Maharashtra",5.0
CAND_0084819,0.6973,0.7962,0.4167,0.65,0.922,Search Engineer,Dream11,"Indore, Madhya Pradesh",4.5
CAND_0075318,0.6972,0.7327,0.4167,1.0,0.683,Operations Manager,Initech,"Noida, Uttar Pradesh",9.0
CAND_0017495,0.6972,0.7246,0.4167,0.85,0.847,Operations Manager,Stark Industries,"Kolkata, West Bengal",8.9
CAND_0005509,0.6972,0.7301,0.1667,1.0,1.0,Data Scientist,Ola,"Noida, Uttar Pradesh",6.0
CAND_0051461,0.6971,0.6857,0.3333,1.0,0.869,Content Writer,Hooli,"Bangalore, Karnataka",6.5
CAND_0029889,0.6971,0.7153,0.4167,1.0,0.713,Content Writer,Wayne Enterprises,"Mumbai, Maharashtra",7.5
CAND_0024921,0.697,0.6744,0.4167,0.85,0.934,Data Engineer,PharmEasy,"Chennai, Tamil Nadu",7.4
CAND_0062707,0.697,0.7591,0.3333,0.85,0.89,Senior Software Engineer (ML),Locobuzz,"Kolkata, West Bengal",5.6
CAND_0064217,0.6968,0.6923,0.3333,1.0,0.856,Operations Manager,Dunder Mifflin,"Noida, Uttar Pradesh",8.2
CAND_0061969,0.6968,0.765,0.1667,1.0,0.937,Senior Data Engineer,Swiggy,"Pune, Maharashtra",6.7
CAND_0069638,0.6968,0.7552,0.25,0.85,1.0,Computer Vision Engineer,Swiggy,"Chennai, Tamil Nadu",6.2
CAND_0094809,0.6967,0.7336,0.3333,0.85,0.933,Project Manager,Globex Inc,"Chandigarh, Chandigarh",8.5
CAND_0068932,0.6966,0.7285,0.1667,1.0,1.0,ML Engineer,Krutrim,"Noida, Uttar Pradesh",5.2
CAND_0065153,0.6964,0.6946,0.3333,0.85,1.0,Operations Manager,Pied Piper,"Ahmedabad, Gujarat",5.6
CAND_0005510,0.6964,0.7148,0.4167,0.85,0.86,Marketing Manager,Pied Piper,"Bhubaneswar, Odisha",6.2
CAND_0000969,0.6964,0.7539,0.25,0.85,1.0,AI Specialist,Vedantu,"Coimbatore, Tamil Nadu",5.5
CAND_0010685,0.6962,0.7534,0.25,0.85,1.0,NLP Engineer,Rephrase.ai,"Kolkata, West Bengal",6.7
CAND_0094943,0.6961,0.7175,0.4167,1.0,0.704,HR Manager,Pied Piper,"Noida, Uttar Pradesh",5.2
CAND_0096099,0.696,0.7401,0.4167,0.85,0.814,Accountant,Acme Corp,"Coimbatore, Tamil Nadu",8.3
CAND_0041294,0.6959,0.6628,0.4167,1.0,0.799,Graphic Designer,Pied Piper,"Delhi, Delhi",9.0
CAND_0015057,0.6959,0.7474,0.3333,0.8,0.955,ML Engineer,Meesho,"Pune, Maharashtra",4.6
CAND_0052706,0.6959,0.7526,0.25,0.85,1.0,AI Research Engineer,Swiggy,"Coimbatore, Tamil Nadu",5.1
CAND_0038247,0.6958,0.7017,0.4167,1.0,0.73,Content Writer,Wayne Enterprises,"Hyderabad, Telangana",8.8
CAND_0074786,0.6958,0.6869,0.3333,1.0,0.86,HR Manager,Initech,"Bangalore, Karnataka",6.1
CAND_0099581,0.6957,0.7657,0.25,1.0,0.826,AI Specialist,upGrad,"Delhi, Delhi",6.4
CAND_0029367,0.6957,0.7652,0.1667,1.0,0.931,Senior Data Scientist,Rephrase.ai,"Bangalore, Karnataka",5.7
CAND_0082086,0.6957,0.7852,0.0833,1.0,1.0,Senior Software Engineer (ML),Razorpay,"Delhi, Delhi",6.0
CAND_0092498,0.6956,0.6965,0.4167,1.0,0.738,Sales Executive,Initech,"Delhi, Delhi",5.7
CAND_0005193,0.6955,0.7253,0.1667,1.0,1.0,Senior Software Engineer,Acme Corp,"Hyderabad, Telangana",6.2
CAND_0068896,0.6954,0.7124,0.25,1.0,0.918,Business Analyst,Stark Industries,"Delhi, Delhi",5.3
CAND_0035879,0.6953,0.7507,0.3333,0.8,0.946,AI Research Engineer,Krutrim,"Noida, Uttar Pradesh",4.5
CAND_0072609,0.6952,0.7086,0.4167,0.85,0.865,Operations Manager,Globex Inc,"Gurgaon, Haryana",8.9
CAND_0048375,0.6951,0.7455,0.4167,0.65,1.0,Computer Vision Engineer,Saarthi.ai,"Indore, Madhya Pradesh",4.4
CAND_0023030,0.695,0.6642,0.25,1.0,1.0,Content Writer,Dunder Mifflin,"Delhi, Delhi",5.8
CAND_0048774,0.695,0.7227,0.25,1.0,0.898,Senior Data Engineer,PhonePe,"Noida, Uttar Pradesh",7.1
CAND_0089464,0.6949,0.7104,0.25,1.0,0.919,Data Engineer,Zoho,"Noida, Uttar Pradesh",6.1
CAND_0041211,0.6949,0.7243,0.4167,0.85,0.836,HR Manager,Dunder Mifflin,"Chennai, Tamil Nadu",9.0
CAND_0056302,0.6948,0.7248,0.3333,1.0,0.789,Mechanical Engineer,Pied Piper,"Mumbai, Maharashtra",7.8
CAND_0018924,0.6947,0.7098,0.25,1.0,0.919,Mechanical Engineer,Globex Inc,"Delhi, Delhi",6.2
CAND_0018536,0.6945,0.7298,0.25,1.0,0.883,Customer Support,Acme Corp,"Hyderabad, Telangana",8.6
CAND_0015581,0.6944,0.7631,0.25,0.85,0.974,Senior Software Engineer (ML),Niramai,"Coimbatore, Tamil Nadu",6.0
CAND_0096655,0.6942,0.7215,0.1667,1.0,1.0,Junior ML Engineer,Genpact AI,"Hyderabad, Telangana",5.9
CAND_0059678,0.6942,0.7144,0.4167,0.7,1.0,HR Manager,Initech,San Francisco,5.5
CAND_0037216,0.6941,0.6619,0.25,1.0,1.0,Cloud Engineer,Wayne Enterprises,"Pune, Maharashtra",8.3
CAND_0067112,0.6941,0.6878,0.3333,0.85,1.0,Accountant,Acme Corp,"Kolkata, West Bengal",6.3
CAND_0086151,0.694,0.7699,0.3333,0.85,0.856,Recommendation Systems Engineer,Wysa,"Vizag, Andhra Pradesh",7.7
CAND_0056327,0.6939,0.7022,0.3333,1.0,0.824,Operations Manager,Dunder Mifflin,"Pune, Maharashtra",6.4
CAND_0045094,0.6939,0.7262,0.3333,0.85,0.932,Accountant,Initech,"Ahmedabad, Gujarat",8.8
CAND_0072491,0.6937,0.713,0.25,1.0,0.908,Accountant,Hooli,"Mumbai, Maharashtra",7.1
CAND_0005895,0.6937,0.7187,0.25,1.0,0.898,Analytics Engineer,PharmEasy,"Hyderabad, Telangana",5.5
CAND_0036644,0.6937,0.7032,0.3333,0.85,0.971,Business Analyst,Stark Industries,"Kolkata, West Bengal",7.6
CAND_0002876,0.6936,0.6963,0.25,1.0,0.937,Software Engineer,Mindtree,"Noida, Uttar Pradesh",5.7
CAND_0095048,0.6936,0.7007,0.4167,0.85,0.871,Civil Engineer,Acme Corp,"Trivandrum, Kerala",7.8
CAND_0080549,0.6934,0.7134,0.3333,1.0,0.802,Sales Executive,Acme Corp,"Bangalore, Karnataka",8.9
CAND_0068264,0.6933,0.72,0.3333,1.0,0.79,HR Manager,Dunder Mifflin,"Pune, Maharashtra",9.0
CAND_0066035,0.6933,0.7417,0.3333,0.85,0.902,Data Scientist,Razorpay,"Kolkata, West Bengal",6.7
CAND_0061649,0.6932,0.7111,0.3333,1.0,0.805,Business Analyst,Initech,"Bangalore, Karnataka",7.2
CAND_0011327,0.6932,0.745,0.25,0.85,1.0,AI Research Engineer,Krutrim,"Gurgaon, Haryana",6.3
CAND_0086479,0.6931,0.7313,0.4167,1.0,0.665,Accountant,Acme Corp,"Delhi, Delhi",5.0
CAND_0060624,0.6931,0.6852,0.3333,0.85,1.0,HR Manager,Initech,"Gurgaon, Haryana",6.1
CAND_0036121,0.6929,0.7147,0.3333,0.85,0.947,ML Engineer,Wysa,"Chennai, Tamil Nadu",5.2
CAND_0094799,0.6929,0.7178,0.1667,1.0,1.0,Backend Engineer,Pied Piper,"Noida, Uttar Pradesh",6.1
CAND_0092195,0.6928,0.7178,0.4167,0.8,0.887,Business Analyst,Globex Inc,"Pune, Maharashtra",9.4
CAND_0038099,0.6928,0.7168,0.3333,0.85,0.943,Junior ML Engineer,Locobuzz,"Bhubaneswar, Odisha",5.4
CAND_0028971,0.6928,0.7348,0.4167,0.8,0.857,Project Manager,Stark Industries,"Pune, Maharashtra",9.3
CAND_0033350,0.6927,0.7096,0.3333,0.85,0.955,Data Scientist,upGrad,"Coimbatore, Tamil Nadu",6.2
CAND_0035477,0.6926,0.7327,0.4167,0.85,0.81,Customer Support,Globex Inc,"Trivandrum, Kerala",5.9
CAND_0022589,0.6926,0.7666,0.1667,1.0,0.913,Senior Software Engineer,Tech Mahindra,"Delhi, Delhi",6.4
CAND_0065195,0.6925,0.8024,0.1667,0.85,1.0,Search Engineer,CRED,"Kolkata, West Bengal",5.1
CAND_0023458,0.6924,0.7427,0.25,0.85,1.0,AI Research Engineer,BYJU'S,"Chandigarh, Chandigarh",5.0
CAND_0046511,0.6921,0.6913,0.4167,1.0,0.73,Accountant,Pied Piper,"Mumbai, Maharashtra",7.2
CAND_0060054,0.6921,0.7657,0.25,0.85,0.958,AI Engineer,Mad Street Den,"Jaipur, Rajasthan",6.4
CAND_0094759,0.692,0.8081,0.25,1.0,0.733,Lead AI Engineer,Meta,"Mumbai, Maharashtra",8.6
CAND_0082137,0.6919,0.7175,0.4167,1.0,0.683,Operations Manager,Globex Inc,"Hyderabad, Telangana",7.4
CAND_0053608,0.6918,0.6552,0.25,1.0,1.0,Data Analyst,Mphasis,"Bangalore, Karnataka",6.6
CAND_0062561,0.6918,0.7409,0.25,0.85,1.0,ML Engineer,Razorpay,"Bhubaneswar, Odisha",5.9
CAND_0030459,0.6918,0.7637,0.25,0.85,0.96,Senior Software Engineer,Mphasis,"Trivandrum, Kerala",6.1
CAND_0086512,0.6916,0.7237,0.3333,1.0,0.775,Marketing Manager,Wayne Enterprises,"Delhi, Delhi",5.2
CAND_0000683,0.6915,0.6928,0.4167,0.85,0.874,Graphic Designer,Dunder Mifflin,"Trivandrum, Kerala",6.2
CAND_0060315,0.6915,0.7772,0.1667,1.0,0.889,Senior Software Engineer (ML),Glance,"Bangalore, Karnataka",5.4
CAND_0069925,0.6913,0.7143,0.3333,1.0,0.79,Junior ML Engineer,Glance,"Mumbai, Maharashtra",5.3
CAND_0091254,0.6912,0.7624,0.25,0.85,0.959,AI Research Engineer,Zoho,"Chandigarh, Chandigarh",5.2
CAND_0021464,0.6911,0.7357,0.4167,1.0,0.647,Project Manager,Wayne Enterprises,"Delhi, Delhi",8.2
CAND_0056356,0.6911,0.7068,0.4167,0.85,0.848,Graphic Designer,Stark Industries,"Chandigarh, Chandigarh",6.2
CAND_0022260,0.691,0.7146,0.3333,0.85,0.938,Project Manager,Stark Industries,"Gurgaon, Haryana",6.7
CAND_0036177,0.6909,0.6898,0.25,1.0,0.935,Analytics Engineer,Ola,"Hyderabad, Telangana",6.0
CAND_0067952,0.6908,0.6524,0.25,1.0,1.0,Full Stack Developer,Initech,"Noida, Uttar Pradesh",9.0
CAND_0024216,0.6908,0.7311,0.4167,1.0,0.654,Operations Manager,Pied Piper,"Delhi, Delhi",7.1
CAND_0077067,0.6908,0.767,0.25,0.85,0.949,AI Specialist,PolicyBazaar,"Kochi, Kerala",5.4
CAND_0070202,0.6908,0.8017,0.4167,0.85,0.68,Machine Learning Engineer,BYJU'S,"Jaipur, Rajasthan",5.1
CAND_0022721,0.6907,0.693,0.4167,1.0,0.72,Accountant,Acme Corp,"Mumbai, Maharashtra",8.2
CAND_0053591,0.6906,0.7637,0.3333,0.7,1.0,AI Engineer,Ola,Toronto,5.3
CAND_0031862,0.6905,0.7291,0.3333,1.0,0.76,Civil Engineer,Dunder Mifflin,"Noida, Uttar Pradesh",5.2
CAND_0048413,0.6905,0.725,0.25,1.0,0.871,Analytics Engineer,Zomato,"Hyderabad, Telangana",5.3
CAND_0072660,0.6905,0.7633,0.3333,0.7,1.0,Machine Learning Engineer,Unacademy,Berlin,7.1
CAND_0013842,0.6904,0.7283,0.3333,0.85,0.911,Civil Engineer,Stark Industries,"Coimbatore, Tamil Nadu",8.4
CAND_0010149,0.6904,0.7416,0.1667,1.0,0.946,ML Engineer,Glance,"Bangalore, Karnataka",6.9
CAND_0036498,0.6904,0.7264,0.4167,0.7,0.96,Customer Support,Globex Inc,New York,8.2
CAND_0008810,0.6903,0.74,0.25,1.0,0.844,Customer Support,Hooli,"Noida, Uttar Pradesh",7.2
CAND_0046356,0.6902,0.7019,0.25,1.0,0.91,Data Engineer,Mindtree,"Noida, Uttar Pradesh",6.7
CAND_0090361,0.6902,0.7459,0.4167,0.85,0.775,Customer Support,Acme Corp,"Kochi, Kerala",8.8
CAND_0066791,0.6902,0.75,0.25,1.0,0.826,Senior Software Engineer (ML),Krutrim,"Pune, Maharashtra",5.6
CAND_0087630,0.6902,0.7711,0.3333,0.85,0.835,AI Engineer,Vedantu,"Gurgaon, Haryana",7.2
CAND_0071300,0.6901,0.7032,0.4167,1.0,0.699,Sales Executive,Acme Corp,"Hyderabad, Telangana",9.0
CAND_0052016,0.6901,0.7262,0.3333,0.85,0.913,Business Analyst,Hooli,"Coimbatore, Tamil Nadu",5.9
CAND_0081686,0.6901,0.7753,0.4167,0.7,0.873,Search Engineer,Netflix,Austin,6.0
CAND_0049246,0.69,0.6996,0.4167,1.0,0.705,Business Analyst,Wayne Enterprises,"Noida, Uttar Pradesh",8.2
CAND_0026621,0.69,0.7104,0.4167,1.0,0.686,Operations Manager,Initech,"Pune, Maharashtra",8.2
CAND_0017053,0.69,0.7023,0.4167,0.7,1.0,Sales Executive,Wipro,"Pune, Maharashtra",8.6
CAND_0023889,0.69,0.7249,0.3333,0.8,0.965,HR Manager,Acme Corp,"Noida, Uttar Pradesh",4.5
CAND_0054100,0.69,0.7356,0.25,0.85,1.0,Junior ML Engineer,Zoho,"Kolkata, West Bengal",6.0
CAND_0000821,0.6897,0.6908,0.4167,1.0,0.719,Mechanical Engineer,Wayne Enterprises,"Pune, Maharashtra",6.9
CAND_0058516,0.6897,0.6872,0.4167,0.8,0.925,Graphic Designer,Wayne Enterprises,"Mumbai, Maharashtra",9.9
CAND_0058263,0.6897,0.7253,0.1667,1.0,0.971,Analytics Engineer,Nykaa,"Hyderabad, Telangana",7.3
CAND_0081008,0.6894,0.6868,0.4167,0.85,0.874,HR Manager,Hooli,"Vizag, Andhra Pradesh",6.5
CAND_0049561,0.6894,0.7196,0.3333,1.0,0.771,Business Analyst,Globex Inc,"Noida, Uttar Pradesh",6.7
CAND_0071544,0.6894,0.7431,0.25,1.0,0.834,Computer Vision Engineer,Mad Street Den,"Bangalore, Karnataka",5.0
CAND_0070225,0.6894,0.7392,0.3333,0.85,0.887,ML Engineer,Swiggy,"Kolkata, West Bengal",6.0
CAND_0078319,0.6894,0.7283,0.3333,0.8,0.956,Project Manager,Acme Corp,"Mumbai, Maharashtra",9.3
CAND_0065293,0.6894,0.7386,0.3333,0.8,0.938,Civil Engineer,Acme Corp,"Noida, Uttar Pradesh",10.2
CAND_0006007,0.6892,0.7271,0.3333,1.0,0.757,Sales Executive,Wayne Enterprises,"Mumbai, Maharashtra",5.5
CAND_0002177,0.6891,0.7147,0.3333,0.85,0.928,Sales Executive,Initech,"Jaipur, Rajasthan",5.0
CAND_0014234,0.6891,0.7331,0.25,0.85,1.0,Junior ML Engineer,Tech Mahindra,"Indore, Madhya Pradesh",5.4
CAND_0037242,0.689,0.7118,0.25,1.0,0.887,Graphic Designer,Pied Piper,"Delhi, Delhi",5.9
CAND_0054768,0.689,0.7315,0.4167,0.8,0.844,Content Writer,Wayne Enterprises,"Mumbai, Maharashtra",11.0
CAND_0012279,0.6889,0.6993,0.4167,0.85,0.85,Graphic Designer,Acme Corp,"Indore, Madhya Pradesh",9.0
CAND_0024990,0.6889,0.7326,0.25,0.85,1.0,Junior ML Engineer,Zoho,"Trivandrum, Kerala",5.2
CAND_0064888,0.6889,0.7325,0.25,0.85,1.0,ML Engineer,Verloop.io,"Vizag, Andhra Pradesh",5.8
CAND_0098723,0.6886,0.7253,0.4167,1.0,0.653,Business Analyst,Stark Industries,"Delhi, Delhi",5.5
CAND_0012256,0.6886,0.7316,0.25,0.85,1.0,Mechanical Engineer,Initech,"Indore, Madhya Pradesh",6.4
CAND_0040186,0.6885,0.706,0.4167,1.0,0.686,Operations Manager,Initech,"Noida, Uttar Pradesh",8.1
CAND_0070653,0.6885,0.7555,0.25,1.0,0.808,AI Specialist,Dream11,"Delhi, Delhi",5.0
CAND_0017590,0.6885,0.7497,0.25,0.85,0.968,AI Research Engineer,Genpact AI,"Kolkata, West Bengal",5.1
CAND_0008239,0.6885,0.7863,0.3333,0.65,1.0,AI Engineer,Apple,"Jaipur, Rajasthan",4.0
CAND_0088457,0.6884,0.716,0.4167,1.0,0.668,Marketing Manager,Acme Corp,"Delhi, Delhi",5.6
CAND_0010283,0.6884,0.7225,0.25,1.0,0.865,AI Specialist,Saarthi.ai,"Mumbai, Maharashtra",5.3
CAND_0074486,0.6884,0.746,0.1667,1.0,0.928,Computer Vision Engineer,Nykaa,"Noida, Uttar Pradesh",5.5
CAND_0094728,0.6884,0.7607,0.3333,0.85,0.844,AI Specialist,Swiggy,"Chennai, Tamil Nadu",6.5
CAND_0063328,0.6884,0.7596,0.3333,0.8,0.896,Computer Vision Engineer,Ola,"Delhi, Delhi",4.6
CAND_0025882,0.6884,0.7907,0.1667,0.85,1.0,Senior Software Engineer (ML),Freshworks,"Chennai, Tamil Nadu",5.6
CAND_0034369,0.6883,0.7227,0.4167,1.0,0.656,Project Manager,Globex Inc,"Noida, Uttar Pradesh",6.4
CAND_0084878,0.6883,0.7394,0.3333,1.0,0.731,Operations Manager,Acme Corp,"Mumbai, Maharashtra",6.4
CAND_0008521,0.6882,0.6666,0.25,1.0,0.962,Java Developer,Hooli,"Pune, Maharashtra",8.4
CAND_0060726,0.6881,0.7098,0.25,1.0,0.886,HR Manager,Dunder Mifflin,"Noida, Uttar Pradesh",6.8
CAND_0012051,0.688,0.7063,0.4167,1.0,0.683,Operations Manager,Hooli,"Hyderabad, Telangana",8.9
CAND_0030686,0.6879,0.7076,0.4167,1.0,0.68,Project Manager,Dunder Mifflin,"Hyderabad, Telangana",8.0
CAND_0022484,0.6879,0.6988,0.3333,0.8,1.0,Mechanical Engineer,Dunder Mifflin,"Noida, Uttar Pradesh",4.1
CAND_0099054,0.6876,0.7327,0.4167,1.0,0.635,Mechanical Engineer,Globex Inc,"Hyderabad, Telangana",8.6
CAND_0051772,0.6876,0.732,0.4167,0.85,0.786,Accountant,Hooli,"Kolkata, West Bengal",8.5
CAND_0094400,0.6876,0.7493,0.25,1.0,0.814,Computer Vision Engineer,Verloop.io,"Hyderabad, Telangana",5.5
CAND_0014440,0.6876,0.7928,0.1667,0.85,0.992,Recommendation Systems Engineer,CRED,"Chennai, Tamil Nadu",6.4
CAND_0066302,0.6875,0.7033,0.4167,1.0,0.686,Civil Engineer,Initech,"Bangalore, Karnataka",8.9
CAND_0058506,0.6875,0.6704,0.25,1.0,0.952,Full Stack Developer,Stark Industries,"Mumbai, Maharashtra",5.8
CAND_0080589,0.6875,0.739,0.25,1.0,0.832,Computer Vision Engineer,Niramai,"Mumbai, Maharashtra",5.7
CAND_0061738,0.6873,0.668,0.25,1.0,0.955,.NET Developer,Stark Industries,"Bangalore, Karnataka",5.1
CAND_0077503,0.6873,0.6955,0.25,1.0,0.907,Content Writer,Globex Inc,"Hyderabad, Telangana",5.5
CAND_0042553,0.6872,0.6769,0.25,1.0,0.939,Software Engineer,Mphasis,"Noida, Uttar Pradesh",8.5
CAND_0095392,0.6872,0.7314,0.4167,1.0,0.635,Marketing Manager,Wayne Enterprises,"Noida, Uttar Pradesh",6.5
CAND_0007688,0.6872,0.7228,0.4167,0.65,1.0,Business Analyst,Wayne Enterprises,"Gurgaon, Haryana",10.0
CAND_0078397,0.6871,0.6913,0.3333,0.85,0.959,Project Manager,Hooli,"Gurgaon, Haryana",8.7
CAND_0002120,0.6871,0.7537,0.3333,0.7,1.0,ML Engineer,HCL,Berlin,6.5
CAND_0038157,0.687,0.7018,0.4167,0.8,0.886,Content Writer,Globex Inc,"Hyderabad, Telangana",10.0
CAND_0068843,0.6869,0.6913,0.4167,1.0,0.704,Civil Engineer,Wayne Enterprises,"Delhi, Delhi",5.3
CAND_0019978,0.6869,0.7082,0.4167,0.85,0.824,Sales Executive,Dunder Mifflin,"Bhubaneswar, Odisha",5.1
CAND_0073871,0.6869,0.7222,0.3333,0.85,0.904,Project Manager,Initech,"Indore, Madhya Pradesh",5.5
CAND_0027801,0.6869,0.7605,0.1667,1.0,0.895,NLP Engineer,InMobi,"Hyderabad, Telangana",7.4
CAND_0049538,0.6869,0.7748,0.25,0.85,0.916,Applied ML Engineer,Saarthi.ai,"Jaipur, Rajasthan",5.8
CAND_0074653,0.6868,0.7002,0.1667,1.0,1.0,Accountant,Hooli,"Noida, Uttar Pradesh",7.5
CAND_0049147,0.6868,0.7375,0.3333,1.0,0.727,Content Writer,Stark Industries,"Mumbai, Maharashtra",8.0
CAND_0094019,0.6867,0.7268,0.3333,1.0,0.745,Sales Executive,Hooli,"Delhi, Delhi",5.5
CAND_0083879,0.6867,0.7597,0.0833,1.0,1.0,Machine Learning Engineer,Ola,"Noida, Uttar Pradesh",7.1
CAND_0033839,0.6867,0.7708,0.25,0.85,0.922,AI Specialist,Rephrase.ai,"Jaipur, Rajasthan",5.3
CAND_0046924,0.6866,0.7619,0.3333,1.0,0.683,Computer Vision Engineer,PharmEasy,"Noida, Uttar Pradesh",6.3
CAND_0033713,0.6866,0.726,0.25,0.85,1.0,Software Engineer,Vedantu,"Jaipur, Rajasthan",6.9
CAND_0005269,0.6866,0.7922,0.25,0.85,0.884,Senior Software Engineer (ML),Sarvam AI,"Kochi, Kerala",6.1
CAND_0021146,0.6865,0.6953,0.4167,1.0,0.695,Graphic Designer,Stark Industries,"Mumbai, Maharashtra",8.4
CAND_0018549,0.6865,0.7851,0.1667,0.85,1.0,Recommendation Systems Engineer,Uber,"Coimbatore, Tamil Nadu",6.8
CAND_0017379,0.6864,0.7037,0.1667,1.0,0.992,Data Engineer,Hooli,"Pune, Maharashtra",5.1
CAND_0053492,0.6864,0.7373,0.4167,0.7,0.921,Content Writer,Initech,Sydney,7.6
CAND_0075249,0.6864,0.7849,0.1667,0.85,1.0,Applied ML Engineer,Zomato,"Ahmedabad, Gujarat",6.2
CAND_0051747,0.6863,0.7051,0.4167,1.0,0.677,Business Analyst,Dunder Mifflin,"Bangalore, Karnataka",5.5
CAND_0085291,0.6863,0.6941,0.3333,0.8,1.0,Graphic Designer,Stark Industries,"Delhi, Delhi",9.5
CAND_0006557,0.6863,0.7886,0.25,0.85,0.889,NLP Engineer,Paytm,"Jaipur, Rajasthan",7.9
CAND_0014392,0.6862,0.7103,0.4167,0.85,0.817,Content Writer,Stark Industries,"Chennai, Tamil Nadu",5.0
CAND_0061549,0.6861,0.7233,0.4167,0.8,0.844,Customer Support,Globex Inc,"Delhi, Delhi",10.3
CAND_0056331,0.6859,0.6965,0.3333,0.85,0.944,Business Analyst,Dunder Mifflin,"Jaipur, Rajasthan",6.5
CAND_0067717,0.6859,0.7404,0.3333,1.0,0.717,AI Specialist,Aganitha,"Noida, Uttar Pradesh",6.9
CAND_0058606,0.6859,0.7296,0.3333,0.85,0.886,Analytics Engineer,PharmEasy,"Coimbatore, Tamil Nadu",5.1
CAND_0006821,0.6859,0.7753,0.4167,0.85,0.702,Senior Software Engineer (ML),Unacademy,"Kolkata, West Bengal",5.0
CAND_0059795,0.6859,0.7575,0.0833,1.0,1.0,Senior Software Engineer (ML),Locobuzz,"Mumbai, Maharashtra",5.6
CAND_0078384,0.6858,0.7276,0.4167,1.0,0.635,HR Manager,Globex Inc,"Noida, Uttar Pradesh",5.4
CAND_0073982,0.6857,0.7002,0.1667,1.0,0.995,Data Scientist,Dream11,"Delhi, Delhi",7.0
CAND_0023934,0.6856,0.7232,0.25,0.85,1.0,Business Analyst,Acme Corp,"Indore, Madhya Pradesh",6.2
CAND_0031581,0.6854,0.7112,0.1667,1.0,0.974,Project Manager,Stark Industries,"Mumbai, Maharashtra",6.1
CAND_0072112,0.6853,0.7317,0.4167,0.85,0.775,Business Analyst,Acme Corp,"Chandigarh, Chandigarh",6.7
CAND_0004393,0.6853,0.7334,0.4167,0.85,0.772,Sales Executive,Globex Inc,"Indore, Madhya Pradesh",7.3
CAND_0031010,0.6853,0.7174,0.4167,0.65,1.0,Operations Manager,Dunder Mifflin,"Bhubaneswar, Odisha",10.2
CAND_0044890,0.6853,0.7583,0.25,0.85,0.937,AI Research Engineer,Haptik,"Bhubaneswar, Odisha",5.0
CAND_0013523,0.6852,0.7174,0.3333,0.85,0.904,Operations Manager,Globex Inc,"Bhubaneswar, Odisha",7.6
CAND_0095971,0.6852,0.7448,0.3333,0.85,0.856,Customer Support,Pied Piper,"Trivandrum, Kerala",8.1
CAND_0051165,0.6851,0.7011,0.3333,0.85,0.932,Analytics Engineer,Zomato,"Vizag, Andhra Pradesh",6.2
CAND_0041904,0.6851,0.7297,0.25,1.0,0.836,Project Manager,Hooli,"Pune, Maharashtra",7.8
CAND_0060778,0.685,0.7078,0.25,1.0,0.874,Content Writer,Hooli,"Mumbai, Maharashtra",7.9
CAND_0056324,0.6849,0.74,0.3333,0.8,0.913,Business Analyst,Dunder Mifflin,"Bangalore, Karnataka",10.9
CAND_0003599,0.6849,0.7549,0.25,0.85,0.941,Computer Vision Engineer,Krutrim,"Coimbatore, Tamil Nadu",6.5
CAND_0014527,0.6848,0.7006,0.4167,1.0,0.677,Business Analyst,Dunder Mifflin,"Noida, Uttar Pradesh",8.2
CAND_0090597,0.6848,0.7246,0.4167,1.0,0.635,Civil Engineer,Dunder Mifflin,"Delhi, Delhi",5.2
CAND_0076952,0.6848,0.7282,0.3333,1.0,0.733,Business Analyst,Pied Piper,"Noida, Uttar Pradesh",6.2
CAND_0089405,0.6848,0.7126,0.4167,0.8,0.856,Civil Engineer,Globex Inc,"Mumbai, Maharashtra",9.9
CAND_0088176,0.6848,0.7268,0.4167,0.65,0.981,Accountant,Acme Corp,"Jaipur, Rajasthan",9.8
CAND_0005191,0.6848,0.7579,0.25,0.85,0.935,AI Specialist,Flipkart,"Vizag, Andhra Pradesh",6.2
CAND_0068022,0.6847,0.7292,0.25,1.0,0.835,Mechanical Engineer,Dunder Mifflin,"Noida, Uttar Pradesh",7.1
CAND_0008665,0.6847,0.7444,0.4167,0.6,1.0,Customer Support,Globex Inc,"Pune, Maharashtra",12.3
CAND_0067775,0.6846,0.698,0.1667,1.0,0.993,Software Engineer,Globex Inc,"Delhi, Delhi",8.2
CAND_0068012,0.6845,0.7434,0.1667,1.0,0.913,Junior ML Engineer,Vedantu,"Pune, Maharashtra",5.7
CAND_0094620,0.6844,0.7098,0.4167,1.0,0.659,Accountant,Hooli,"Delhi, Delhi",5.3
CAND_0064638,0.6844,0.7185,0.3333,0.85,0.898,HR Manager,Initech,"Kochi, Kerala",7.7
CAND_0000803,0.6843,0.7163,0.4167,1.0,0.647,Marketing Manager,Initech,"Delhi, Delhi",6.7
CAND_0093401,0.6843,0.7453,0.25,0.85,0.955,AI Specialist,Haptik,"Kolkata, West Bengal",6.0
CAND_0081053,0.6843,0.7484,0.25,0.85,0.949,NLP Engineer,Glance,"Chandigarh, Chandigarh",5.4
CAND_0039347,0.6842,0.7338,0.4167,0.85,0.766,HR Manager,Pied Piper,"Jaipur, Rajasthan",6.4
CAND_0039003,0.6841,0.7364,0.4167,1.0,0.611,Operations Manager,Pied Piper,"Hyderabad, Telangana",6.8
CAND_0088378,0.6841,0.7337,0.25,0.85,0.974,AI Research Engineer,Yellow.ai,"Jaipur, Rajasthan",6.0
CAND_0035313,0.6841,0.7409,0.4167,0.65,0.953,Customer Support,Wayne Enterprises,"Gurgaon, Haryana",4.2
CAND_0000422,0.6841,0.7547,0.25,0.85,0.937,AI Research Engineer,Haptik,"Kolkata, West Bengal",6.3
CAND_0019504,0.6839,0.7098,0.25,1.0,0.865,Senior Software Engineer,Flipkart,"Noida, Uttar Pradesh",5.8
CAND_0098439,0.6838,0.7219,0.3333,0.85,0.889,Marketing Manager,Dunder Mifflin,"Indore, Madhya Pradesh",6.2
CAND_0016553,0.6838,0.718,0.25,0.85,1.0,Content Writer,Pied Piper,"Ahmedabad, Gujarat",8.3
CAND_0065277,0.6838,0.7428,0.1667,1.0,0.911,Computer Vision Engineer,Aganitha,"Mumbai, Maharashtra",6.3
CAND_0076592,0.6837,0.7216,0.3333,0.85,0.889,Sales Executive,Hooli,"Indore, Madhya Pradesh",8.0
CAND_0012209,0.6836,0.7127,0.4167,0.65,1.0,HR Manager,Initech,"Chandigarh, Chandigarh",4.3
CAND_0039983,0.6836,0.7509,0.0833,1.0,1.0,Computer Vision Engineer,Meesho,"Delhi, Delhi",6.6
CAND_0009200,0.6836,0.7769,0.25,0.85,0.896,AI Specialist,HCL,"Vizag, Andhra Pradesh",5.7
CAND_0079874,0.6835,0.7256,0.3333,0.8,0.931,Mechanical Engineer,Pied Piper,"Pune, Maharashtra",10.0
CAND_0056997,0.6835,0.7273,0.4167,0.65,0.974,Sales Executive,Pied Piper,"Jaipur, Rajasthan",10.5
CAND_0068910,0.6835,0.7504,0.0833,1.0,1.0,Senior Software Engineer,Ola,"Noida, Uttar Pradesh",5.7
CAND_0099269,0.6834,0.746,0.25,1.0,0.799,Data Scientist,BYJU'S,"Noida, Uttar Pradesh",5.5
CAND_0032216,0.6834,0.7169,0.25,0.85,1.0,ML Engineer,upGrad,"Chennai, Tamil Nadu",6.1
CAND_0019880,0.6834,0.7502,0.0833,1.0,1.0,AI Specialist,Aganitha,"Pune, Maharashtra",5.7
CAND_0069300,0.6833,0.7262,0.4167,0.85,0.775,Business Analyst,Globex Inc,"Indore, Madhya Pradesh",5.2
CAND_0034671,0.6832,0.7202,0.3333,0.85,0.889,Marketing Manager,Hooli,"Coimbatore, Tamil Nadu",8.4
CAND_0016392,0.6831,0.7235,0.3333,0.85,0.883,Accountant,Globex Inc,"Gurgaon, Haryana",7.5
CAND_0012837,0.6831,0.7159,0.25,0.85,1.0,Junior ML Engineer,Sarvam AI,"Chandigarh, Chandigarh",6.4
CAND_0080086,0.683,0.7046,0.4167,0.85,0.811,Customer Support,Wayne Enterprises,"Trivandrum, Kerala",8.3
CAND_0076154,0.683,0.7255,0.3333,0.8,0.929,Project Manager,Stark Industries,"Noida, Uttar Pradesh",4.8
CAND_0029996,0.6829,0.7222,0.3333,1.0,0.734,Mechanical Engineer,Acme Corp,"Hyderabad, Telangana",8.5
CAND_0080413,0.6828,0.7157,0.3333,0.85,0.895,Sales Executive,Hooli,"Ahmedabad, Gujarat",5.0
CAND_0018525,0.6826,0.6893,0.4167,1.0,0.686,HR Manager,Initech,"Delhi, Delhi",6.9
CAND_0077319,0.6826,0.7047,0.3333,1.0,0.763,Operations Manager,Hooli,"Mumbai, Maharashtra",7.0
CAND_0017706,0.6826,0.716,0.4167,0.85,0.789,Sales Executive,Globex Inc,"Trivandrum, Kerala",8.9
CAND_0005755,0.6826,0.7331,0.4167,0.85,0.759,Civil Engineer,Globex Inc,"Indore, Madhya Pradesh",6.4
CAND_0021290,0.6825,0.7106,0.4167,0.65,0.998,Project Manager,Initech,"Coimbatore, Tamil Nadu",9.6
CAND_0047542,0.6825,0.7738,0.1667,0.85,1.0,Senior Software Engineer (ML),Meesho,"Chennai, Tamil Nadu",5.0
CAND_0037662,0.6824,0.6931,0.4167,0.85,0.828,Accountant,Globex Inc,"Gurgaon, Haryana",6.4
CAND_0040433,0.6824,0.7415,0.3333,1.0,0.698,Customer Support,Wayne Enterprises,"Noida, Uttar Pradesh",7.8
CAND_0061672,0.6823,0.6776,0.25,1.0,0.913,Cloud Engineer,Swiggy,"Pune, Maharashtra",7.8
CAND_0028829,0.6823,0.7136,0.25,0.85,1.0,Graphic Designer,Wayne Enterprises,"Gurgaon, Haryana",7.9
CAND_0076035,0.6823,0.7337,0.1667,1.0,0.919,AI Specialist,Swiggy,"Bangalore, Karnataka",7.0
CAND_0065748,0.6823,0.7375,0.4167,0.6,1.0,Sales Executive,Pied Piper,"Bangalore, Karnataka",13.5
CAND_0091358,0.6822,0.7292,0.4167,1.0,0.614,Business Analyst,Acme Corp,"Mumbai, Maharashtra",6.6
CAND_0033552,0.6822,0.7104,0.3333,0.85,0.901,Content Writer,Dunder Mifflin,"Chandigarh, Chandigarh",5.9
CAND_0066248,0.6822,0.7289,0.25,1.0,0.823,Analytics Engineer,Initech,"Mumbai, Maharashtra",6.4
CAND_0071009,0.6822,0.714,0.3333,0.85,0.895,Content Writer,Acme Corp,"Gurgaon, Haryana",6.3
CAND_0088434,0.6822,0.7259,0.4167,0.8,0.82,Content Writer,Acme Corp,"Mumbai, Maharashtra",4.8
CAND_0064270,0.6822,0.7704,0.3333,0.8,0.846,Applied ML Engineer,Verloop.io,"Pune, Maharashtra",4.2
CAND_0025736,0.6821,0.7228,0.4167,0.7,0.925,Sales Executive,Wipro,"Mumbai, Maharashtra",9.0
CAND_0032973,0.682,0.6866,0.1667,1.0,1.0,Analytics Engineer,Acme Corp,"Pune, Maharashtra",7.2
CAND_0025335,0.682,0.734,0.1667,1.0,0.917,Data Scientist,PolicyBazaar,"Delhi, Delhi",6.6
CAND_0080372,0.682,0.7501,0.1667,1.0,0.889,Computer Vision Engineer,Zoho,"Mumbai, Maharashtra",5.2
CAND_0032095,0.6819,0.7413,0.25,0.8,1.0,Accountant,Acme Corp,"Delhi, Delhi",10.5
CAND_0074814,0.6818,0.6783,0.4167,1.0,0.701,Marketing Manager,Wayne Enterprises,"Bangalore, Karnataka",8.3
CAND_0097077,0.6817,0.6972,0.3333,1.0,0.772,Customer Support,Initech,"Bangalore, Karnataka",5.6
CAND_0055335,0.6817,0.7307,0.3333,1.0,0.713,Customer Support,Pied Piper,"Delhi, Delhi",7.2
CAND_0026481,0.6817,0.7124,0.4167,0.8,0.841,Sales Executive,Stark Industries,"Delhi, Delhi",10.1
CAND_0056210,0.6817,0.7236,0.1667,1.0,0.934,Data Engineer,BYJU'S,"Bangalore, Karnataka",6.7
CAND_0097079,0.6817,0.7479,0.25,0.85,0.937,Computer Vision Engineer,Freshworks,"Jaipur, Rajasthan",5.7
CAND_0051662,0.6815,0.7304,0.25,1.0,0.817,Business Analyst,Dunder Mifflin,"Pune, Maharashtra",7.1
CAND_0069771,0.6815,0.7376,0.1667,1.0,0.908,Junior ML Engineer,Sarvam AI,"Mumbai, Maharashtra",5.7
CAND_0051201,0.6814,0.7241,0.4167,0.7,0.919,Operations Manager,Wipro,"Pune, Maharashtra",6.4
CAND_0015823,0.6814,0.7375,0.3333,0.7,1.0,Civil Engineer,Globex Inc,Berlin,6.6
CAND_0034041,0.6814,0.7348,0.4167,0.6,1.0,Business Analyst,Acme Corp,"Mumbai, Maharashtra",3.2
CAND_0032311,0.6813,0.6847,0.1667,1.0,1.0,Cloud Engineer,Pied Piper,"Hyderabad, Telangana",6.4
CAND_0042596,0.6813,0.7109,0.25,0.85,1.0,Analytics Engineer,Dream11,"Ahmedabad, Gujarat",5.2
CAND_0051335,0.6813,0.7347,0.4167,0.6,1.0,Civil Engineer,Dunder Mifflin,"Delhi, Delhi",14.9
CAND_0082882,0.6812,0.7701,0.1667,0.85,1.0,Senior Data Engineer,Razorpay,"Kolkata, West Bengal",7.5
CAND_0053830,0.6811,0.6839,0.1667,1.0,1.0,Software Engineer,Zomato,"Mumbai, Maharashtra",6.1
CAND_0076188,0.6811,0.7199,0.1667,1.0,0.937,Data Engineer,PolicyBazaar,"Noida, Uttar Pradesh",6.2
CAND_0080225,0.6811,0.7284,0.4167,0.7,0.91,Accountant,Dunder Mifflin,Singapore,5.7
CAND_0091200,0.6811,0.7415,0.4167,0.7,0.887,Project Manager,Dunder Mifflin,Dubai,7.6
CAND_0070774,0.681,0.6969,0.3333,0.85,0.919,Accountant,Hooli,"Chandigarh, Chandigarh",6.4
CAND_0050757,0.6809,0.7284,0.4167,0.85,0.759,Sales Executive,Pied Piper,"Vizag, Andhra Pradesh",6.2
CAND_0060221,0.6807,0.7348,0.3333,1.0,0.701,Customer Support,Dunder Mifflin,"Delhi, Delhi",5.7
CAND_0016128,0.6805,0.6936,0.3333,0.85,0.922,Business Analyst,Globex Inc,"Trivandrum, Kerala",8.9
CAND_0025703,0.6805,0.6965,0.3333,0.85,0.917,Civil Engineer,Stark Industries,"Trivandrum, Kerala",6.7
CAND_0093039,0.6805,0.7038,0.4167,0.65,1.0,Marketing Manager,Stark Industries,"Kochi, Kerala",10.4
CAND_0002830,0.6805,0.7479,0.3333,0.8,0.877,Customer Support,Pied Piper,"Bangalore, Karnataka",9.2
CAND_0085851,0.6804,0.7328,0.1667,1.0,0.911,ML Engineer,Genpact AI,"Hyderabad, Telangana",7.0
CAND_0045475,0.6804,0.7568,0.25,0.8,0.965,ML Engineer,Genpact AI,"Delhi, Delhi",4.9
CAND_0002631,0.6801,0.7044,0.4167,1.0,0.647,Operations Manager,Stark Industries,"Delhi, Delhi",5.6
CAND_0073883,0.6801,0.7212,0.25,0.85,0.976,AI Specialist,Krutrim,"Chandigarh, Chandigarh",5.3
CAND_0064621,0.6799,0.7148,0.25,0.85,0.986,Software Engineer,Tech Mahindra,"Kolkata, West Bengal",5.0
CAND_0017516,0.6799,0.7401,0.0833,1.0,1.0,Senior Data Engineer,Zomato,"Bangalore, Karnataka",6.6
CAND_0062363,0.6799,0.733,0.3333,0.7,1.0,Senior Software Engineer,Capgemini,"Bangalore, Karnataka",5.7
CAND_0015320,0.6799,0.7429,0.3333,0.7,0.983,Content Writer,Initech,Seattle,6.7
CAND_0035958,0.6798,0.7212,0.4167,0.8,0.816,Customer Support,Initech,"Delhi, Delhi",4.1
CAND_0092245,0.6797,0.7898,0.3333,0.65,0.95,Senior Data Scientist,Ola,"Coimbatore, Tamil Nadu",4.1
CAND_0041225,0.6796,0.687,0.25,1.0,0.883,Backend Engineer,HCL,"Mumbai, Maharashtra",7.4
CAND_0088049,0.6796,0.7151,0.25,1.0,0.834,Junior ML Engineer,Freshworks,"Mumbai, Maharashtra",5.9
CAND_0065472,0.6796,0.742,0.25,1.0,0.787,Customer Support,Initech,"Noida, Uttar Pradesh",7.9
CAND_0018202,0.6795,0.7238,0.4167,0.85,0.76,Civil Engineer,Pied Piper,"Kochi, Kerala",6.6
CAND_0072661,0.6794,0.7281,0.4167,0.7,0.902,Accountant,Dunder Mifflin,Dubai,7.8
CAND_0011293,0.6794,0.7427,0.25,0.85,0.935,Senior Software Engineer,BYJU'S,"Vizag, Andhra Pradesh",5.1
CAND_0004008,0.6793,0.7416,0.4167,0.85,0.728,Civil Engineer,Initech,"Chandigarh, Chandigarh",7.1
CAND_0017965,0.6793,0.7348,0.1667,1.0,0.902,Data Engineer,Stark Industries,"Mumbai, Maharashtra",5.9
CAND_0026532,0.6793,0.7827,0.4167,0.65,0.856,Recommendation Systems Engineer,Zomato,"Chennai, Tamil Nadu",4.8
CAND_0085568,0.6792,0.7396,0.4167,0.6,0.981,Marketing Manager,Globex Inc,"Pune, Maharashtra",11.8
CAND_0048533,0.6791,0.7067,0.3333,0.85,0.892,Graphic Designer,Hooli,"Kochi, Kerala",7.0
CAND_0063117,0.6791,0.7147,0.4167,0.65,0.974,Customer Support,Dunder Mifflin,"Trivandrum, Kerala",9.3
CAND_0008517,0.6791,0.7723,0.0833,1.0,0.94,AI Research Engineer,Locobuzz,"Noida, Uttar Pradesh",5.6
CAND_0073027,0.679,0.7191,0.3333,0.8,0.92,Business Analyst,Dunder Mifflin,"Hyderabad, Telangana",4.4
CAND_0021602,0.6789,0.7171,0.1667,1.0,0.931,Analytics Engineer,Ola,"Noida, Uttar Pradesh",6.3
CAND_0046010,0.6789,0.717,0.25,0.85,0.977,Software Engineer,Flipkart,"Chandigarh, Chandigarh",5.1
CAND_0049155,0.6788,0.7305,0.4167,0.85,0.745,Business Analyst,Pied Piper,"Bhubaneswar, Odisha",5.2
CAND_0086087,0.6788,0.6989,0.4167,0.65,1.0,Accountant,Acme Corp,"Chennai, Tamil Nadu",9.4
CAND_0074037,0.6788,0.7293,0.3333,0.8,0.901,Business Analyst,Wayne Enterprises,"Noida, Uttar Pradesh",10.7
CAND_0002793,0.6788,0.7432,0.25,0.85,0.931,AI Specialist,Meesho,"Trivandrum, Kerala",5.5
CAND_0041478,0.6787,0.7109,0.3333,0.85,0.883,Content Writer,Acme Corp,"Ahmedabad, Gujarat",9.0
CAND_0095243,0.6786,0.7123,0.3333,0.85,0.88,Graphic Designer,Globex Inc,"Coimbatore, Tamil Nadu",8.1
CAND_0029751,0.6786,0.7031,0.25,0.85,1.0,HR Manager,Pied Piper,"Kochi, Kerala",7.0
CAND_0074770,0.6785,0.6406,0.25,1.0,0.959,Java Developer,Swiggy,"Noida, Uttar Pradesh",8.5
CAND_0034880,0.6784,0.6847,0.4167,0.85,0.823,Project Manager,Pied Piper,"Trivandrum, Kerala",8.4
CAND_0024407,0.6784,0.7309,0.4167,0.7,0.892,Civil Engineer,Infosys,"Noida, Uttar Pradesh",5.3
CAND_0034798,0.6782,0.7263,0.4167,1.0,0.599,Marketing Manager,Wayne Enterprises,"Mumbai, Maharashtra",6.6
CAND_0034523,0.6782,0.7274,0.4167,0.85,0.747,Civil Engineer,Wayne Enterprises,"Jaipur, Rajasthan",7.6
CAND_0085289,0.6782,0.7377,0.4167,0.85,0.729,Mechanical Engineer,Globex Inc,"Kolkata, West Bengal",7.2
CAND_0046102,0.6781,0.7301,0.4167,0.8,0.792,Sales Executive,Stark Industries,"Hyderabad, Telangana",9.9
CAND_0043637,0.6781,0.735,0.0833,1.0,1.0,Junior ML Engineer,Rephrase.ai,"Delhi, Delhi",5.5
CAND_0010547,0.678,0.6814,0.3333,1.0,0.781,Accountant,Initech,"Noida, Uttar Pradesh",7.1
CAND_0026331,0.678,0.728,0.4167,0.85,0.745,Civil Engineer,Globex Inc,"Kochi, Kerala",6.7
CAND_0007496,0.678,0.7139,0.3333,0.85,0.874,Graphic Designer,Globex Inc,"Chennai, Tamil Nadu",8.9
CAND_0063622,0.678,0.7348,0.0833,1.0,1.0,Computer Vision Engineer,Niramai,"Hyderabad, Telangana",5.2
CAND_0038218,0.6779,0.6949,0.3333,0.85,0.907,Customer Support,Pied Piper,"Vizag, Andhra Pradesh",7.9
CAND_0028793,0.6779,0.7748,0.25,0.85,0.871,Search Engineer,Google,"Trivandrum, Kerala",7.2
CAND_0053695,0.6779,0.7607,0.1667,0.85,1.0,Recommendation Systems Engineer,Meesho,"Bhubaneswar, Odisha",5.8
CAND_0034615,0.6778,0.6648,0.25,1.0,0.913,Java Developer,Initech,"Mumbai, Maharashtra",9.0
CAND_0091275,0.6778,0.7076,0.4167,0.65,0.98,Mechanical Engineer,Wayne Enterprises,"Ahmedabad, Gujarat",9.7
CAND_0084460,0.6778,0.7379,0.25,0.85,0.935,Senior Software Engineer (ML),upGrad,"Gurgaon, Haryana",5.6
CAND_0050876,0.6778,0.7575,0.25,0.85,0.901,Applied ML Engineer,Freshworks,"Kolkata, West Bengal",6.0
CAND_0051889,0.6777,0.7205,0.4167,0.7,0.907,Sales Executive,Acme Corp,Seattle,8.6
CAND_0066075,0.6776,0.7599,0.1667,0.85,1.0,Senior Software Engineer (ML),Meesho,"Coimbatore, Tamil Nadu",5.2
CAND_0004167,0.6774,0.6969,0.3333,1.0,0.751,Operations Manager,Dunder Mifflin,"Mumbai, Maharashtra",7.5
CAND_0015674,0.6774,0.7104,0.4167,0.8,0.823,Content Writer,Stark Industries,"Pune, Maharashtra",9.2
CAND_0085104,0.6774,0.7627,0.25,1.0,0.74,Senior Data Engineer,Swiggy,"Bangalore, Karnataka",5.4
CAND_0018877,0.6774,0.7546,0.3333,0.65,1.0,Customer Support,Globex Inc,"Indore, Madhya Pradesh",10.9
CAND_0066536,0.6773,0.6992,0.3333,0.85,0.896,HR Manager,Dunder Mifflin,"Indore, Madhya Pradesh",9.0
CAND_0009846,0.6772,0.7221,0.25,1.0,0.81,Business Analyst,Globex Inc,"Pune, Maharashtra",5.9
CAND_0090977,0.6771,0.6823,0.3333,0.85,0.925,Sales Executive,Globex Inc,"Ahmedabad, Gujarat",7.7
CAND_0007858,0.6771,0.7252,0.25,1.0,0.804,Mechanical Engineer,Wayne Enterprises,"Pune, Maharashtra",6.0
CAND_0043693,0.6771,0.7104,0.1667,1.0,0.934,Data Engineer,PolicyBazaar,"Noida, Uttar Pradesh",6.7
CAND_0098217,0.6771,0.7323,0.0833,1.0,1.0,ML Engineer,Glance,"Noida, Uttar Pradesh",6.4
CAND_0043805,0.677,0.6846,0.4167,1.0,0.666,Operations Manager,Acme Corp,"Mumbai, Maharashtra",5.4
CAND_0083957,0.677,0.7042,0.3333,1.0,0.736,Civil Engineer,Hooli,"Noida, Uttar Pradesh",7.9
CAND_0004168,0.677,0.7319,0.0833,1.0,1.0,Accountant,Hooli,"Bangalore, Karnataka",6.1
CAND_0012624,0.677,0.7319,0.0833,1.0,1.0,Data Engineer,Tech Mahindra,"Pune, Maharashtra",5.4
CAND_0094564,0.6769,0.716,0.25,1.0,0.819,Analytics Engineer,Nykaa,"Noida, Uttar Pradesh",5.1
CAND_0062762,0.6769,0.7004,0.3333,0.85,0.892,Operations Manager,Acme Corp,"Trivandrum, Kerala",5.7
CAND_0015454,0.6769,0.7231,0.4167,0.85,0.748,Graphic Designer,Stark Industries,"Chandigarh, Chandigarh",6.5
CAND_0015693,0.6769,0.7045,0.4167,0.7,0.931,Business Analyst,Infosys,"Bangalore, Karnataka",7.8
CAND_0054703,0.6769,0.7424,0.25,0.85,0.923,Computer Vision Engineer,Razorpay,"Vizag, Andhra Pradesh",6.8
CAND_0053367,0.6768,0.7025,0.25,1.0,0.842,Sales Executive,Dunder Mifflin,"Mumbai, Maharashtra",6.1
CAND_0071936,0.6768,0.7248,0.4167,0.85,0.745,HR Manager,Hooli,"Bhubaneswar, Odisha",8.0
CAND_0072547,0.6768,0.7305,0.25,0.85,0.943,Senior Software Engineer (ML),Vedantu,"Kolkata, West Bengal",5.1
CAND_0074345,0.6767,0.688,0.1667,1.0,0.971,Analytics Engineer,Zomato,"Bangalore, Karnataka",6.0
CAND_0051793,0.6767,0.7148,0.4167,0.85,0.762,Mechanical Engineer,Dunder Mifflin,"Kochi, Kerala",6.4
CAND_0073265,0.6766,0.7212,0.4167,0.6,1.0,Sales Executive,Wayne Enterprises,"Mumbai, Maharashtra",11.4
CAND_0079212,0.6766,0.7454,0.25,0.85,0.916,Project Manager,Acme Corp,"Trivandrum, Kerala",8.7
CAND_0025354,0.6766,0.7595,0.4167,0.65,0.883,Customer Support,Hooli,"Indore, Madhya Pradesh",4.2
CAND_0014063,0.6766,0.7569,0.1667,0.85,1.0,AI Specialist,Sarvam AI,"Vizag, Andhra Pradesh",5.4
CAND_0024147,0.6766,0.757,0.1667,0.85,1.0,ML Engineer,Ola,"Jaipur, Rajasthan",5.9
CAND_0020231,0.6764,0.7041,0.3333,1.0,0.733,Graphic Designer,Dunder Mifflin,"Hyderabad, Telangana",5.9
CAND_0040259,0.6763,0.7297,0.25,1.0,0.792,HR Manager,Wayne Enterprises,"Bangalore, Karnataka",8.8
CAND_0061819,0.6763,0.7326,0.25,0.85,0.937,Junior ML Engineer,Aganitha,"Chandigarh, Chandigarh",5.0
CAND_0051267,0.6762,0.7209,0.3333,0.85,0.853,Software Engineer,Stark Industries,"Trivandrum, Kerala",6.7
CAND_0004848,0.6762,0.7295,0.1667,1.0,0.896,Junior ML Engineer,Freshworks,"Bangalore, Karnataka",5.7
CAND_0064020,0.6762,0.7318,0.1667,1.0,0.892,Senior Software Engineer,Pied Piper,"Noida, Uttar Pradesh",5.9
CAND_0065407,0.6762,0.7236,0.3333,0.8,0.898,Sales Executive,Globex Inc,"Delhi, Delhi",10.4
CAND_0081948,0.6762,0.7179,0.4167,0.7,0.904,Software Engineer,Infosys,"Hyderabad, Telangana",7.3
CAND_0030827,0.6762,0.8047,0.3333,0.7,0.856,Senior Data Scientist,Freshworks,Singapore,5.4
CAND_0070496,0.6761,0.7121,0.25,1.0,0.822,Senior Software Engineer,PolicyBazaar,"Delhi, Delhi",6.0
CAND_0058892,0.676,0.6694,0.1667,1.0,1.0,Cloud Engineer,Zomato,"Hyderabad, Telangana",6.0
CAND_0080653,0.676,0.7362,0.1667,1.0,0.883,Senior Data Engineer,Vedantu,"Mumbai, Maharashtra",5.4
CAND_0083998,0.6759,0.7197,0.4167,1.0,0.599,Project Manager,Wayne Enterprises,"Mumbai, Maharashtra",6.4
CAND_0019968,0.6759,0.6928,0.4167,0.85,0.796,Graphic Designer,Acme Corp,"Trivandrum, Kerala",8.5
CAND_0002995,0.6759,0.7453,0.0833,1.0,0.971,Senior Software Engineer,Hooli,"Pune, Maharashtra",7.9
CAND_0037627,0.6758,0.7189,0.3333,1.0,0.704,Operations Manager,Globex Inc,"Mumbai, Maharashtra",5.1
CAND_0089381,0.6758,0.7277,0.25,0.85,0.943,Computer Vision Engineer,Ola,"Vizag, Andhra Pradesh",6.0
CAND_0088708,0.6757,0.7016,0.3333,0.85,0.884,Civil Engineer,Hooli,"Trivandrum, Kerala",6.3
CAND_0035690,0.6757,0.721,0.3333,0.7,1.0,Marketing Manager,Initech,Austin,8.4
CAND_0005558,0.6756,0.6689,0.1667,1.0,0.999,Backend Engineer,Pied Piper,"Pune, Maharashtra",7.6
CAND_0029047,0.6755,0.6906,0.4167,0.85,0.798,Content Writer,Acme Corp,"Vizag, Andhra Pradesh",5.9
CAND_0018293,0.6755,0.6943,0.25,0.85,1.0,Data Scientist,PharmEasy,"Indore, Madhya Pradesh",5.6
CAND_0082718,0.6755,0.6896,0.4167,0.65,1.0,Business Analyst,Globex Inc,"Kolkata, West Bengal",4.4
CAND_0027218,0.6755,0.7211,0.3333,0.8,0.899,AI Research Engineer,Paytm,"Pune, Maharashtra",4.7
CAND_0025171,0.6754,0.6924,0.25,1.0,0.853,Analytics Engineer,BYJU'S,"Delhi, Delhi",6.8
CAND_0043904,0.6754,0.6864,0.3333,0.8,0.959,Data Scientist,Razorpay,"Delhi, Delhi",4.6
CAND_0028551,0.6753,0.7109,0.3333,1.0,0.716,Sales Executive,Wayne Enterprises,"Hyderabad, Telangana",7.6
CAND_0066091,0.6753,0.7034,0.1667,1.0,0.937,Software Engineer,Razorpay,"Hyderabad, Telangana",7.4
CAND_0078255,0.6753,0.7204,0.4167,0.85,0.745,Sales Executive,Pied Piper,"Vizag, Andhra Pradesh",5.9
CAND_0044855,0.6753,0.7651,0.3333,0.85,0.771,Senior Data Scientist,Flipkart,"Coimbatore, Tamil Nadu",6.6
CAND_0024157,0.6752,0.7008,0.1667,1.0,0.941,Analytics Engineer,Stark Industries,"Delhi, Delhi",5.5
CAND_0073671,0.6752,0.7197,0.3333,0.7,1.0,Mechanical Engineer,Dunder Mifflin,San Francisco,7.1
CAND_0025923,0.6752,0.7804,0.1667,0.85,0.952,Senior Software Engineer (ML),HCL,"Kolkata, West Bengal",5.0
CAND_0042565,0.6751,0.7143,0.25,1.0,0.813,Analytics Engineer,PhonePe,"Mumbai, Maharashtra",5.1
CAND_0055999,0.6751,0.7347,0.4167,0.85,0.719,Mechanical Engineer,Pied Piper,"Trivandrum, Kerala",7.8
CAND_0047280,0.6751,0.7217,0.3333,0.7,0.996,Mechanical Engineer,Infosys,"Delhi, Delhi",5.2
CAND_0007471,0.6751,0.7181,0.4167,0.6,0.998,Graphic Designer,Globex Inc,"Hyderabad, Telangana",3.6
CAND_0017178,0.6751,0.7475,0.25,0.8,0.955,ML Engineer,Swiggy,"Hyderabad, Telangana",4.2
CAND_0012510,0.675,0.691,0.4167,0.85,0.795,Marketing Manager,Dunder Mifflin,"Gurgaon, Haryana",8.6
CAND_0034613,0.675,0.6925,0.4167,0.85,0.792,Mechanical Engineer,Hooli,"Ahmedabad, Gujarat",7.5
CAND_0094876,0.675,0.6947,0.25,1.0,0.847,Content Writer,Acme Corp,"Delhi, Delhi",8.2
CAND_0088067,0.675,0.6917,0.3333,0.85,0.898,Backend Engineer,HCL,"Indore, Madhya Pradesh",8.0
CAND_0001347,0.675,0.7298,0.4167,0.7,0.877,Customer Support,Wayne Enterprises,Berlin,8.6
CAND_0007411,0.675,0.7842,0.3333,0.85,0.736,Senior Machine Learning Engineer,Amazon,"Kochi, Kerala",8.0
CAND_0065769,0.6749,0.7153,0.3333,0.85,0.856,Mechanical Engineer,Globex Inc,"Coimbatore, Tamil Nadu",6.0
CAND_0028440,0.6749,0.7274,0.3333,0.85,0.835,Project Manager,Dunder Mifflin,"Trivandrum, Kerala",8.2
CAND_0072298,0.6748,0.6701,0.25,1.0,0.889,Mobile Developer,Mindtree,"Mumbai, Maharashtra",6.0
CAND_0029730,0.6748,0.7293,0.3333,1.0,0.681,Project Manager,Pied Piper,"Noida, Uttar Pradesh",6.5
CAND_0046832,0.6748,0.7202,0.3333,0.85,0.847,Accountant,Wayne Enterprises,"Coimbatore, Tamil Nadu",6.3
CAND_0070695,0.6747,0.6657,0.1667,1.0,1.0,Mobile Developer,Zomato,"Bangalore, Karnataka",6.0
CAND_0015668,0.6747,0.7109,0.25,1.0,0.817,Software Engineer,Tech Mahindra,"Delhi, Delhi",6.6
CAND_0085375,0.6747,0.7019,0.1667,1.0,0.937,QA Engineer,Tech Mahindra,"Pune, Maharashtra",5.0
CAND_0049527,0.6747,0.7001,0.25,0.85,0.986,Civil Engineer,Wayne Enterprises,"Chandigarh, Chandigarh",8.5
CAND_0063862,0.6747,0.7229,0.25,0.85,0.946,ML Engineer,Tech Mahindra,"Kolkata, West Bengal",5.3
CAND_0039587,0.6747,0.7253,0.0833,1.0,1.0,Data Engineer,HCL,"Mumbai, Maharashtra",6.2
CAND_0022833,0.6746,0.6368,0.25,1.0,0.946,Full Stack Developer,HCL,"Noida, Uttar Pradesh",5.6
CAND_0073720,0.6746,0.6912,0.1667,1.0,0.955,Software Engineer,Razorpay,"Hyderabad, Telangana",5.6
CAND_0051499,0.6746,0.7299,0.3333,0.85,0.829,Mechanical Engineer,Wayne Enterprises,"Trivandrum, Kerala",8.1
CAND_0085108,0.6746,0.707,0.4167,0.65,0.965,Customer Support,Pied Piper,"Vizag, Andhra Pradesh",9.5
CAND_0074754,0.6746,0.7389,0.4167,0.6,0.959,Civil Engineer,Dunder Mifflin,"Mumbai, Maharashtra",13.0
CAND_0098997,0.6746,0.7464,0.3333,0.65,1.0,Customer Support,Globex Inc,"Chandigarh, Chandigarh",10.1
CAND_0069905,0.6746,0.7889,0.1667,0.85,0.934,Applied ML Engineer,Sarvam AI,"Bhubaneswar, Odisha",6.6
CAND_0006263,0.6745,0.6652,0.1667,1.0,1.0,.NET Developer,Zomato,"Pune, Maharashtra",6.3
CAND_0073675,0.6745,0.6914,0.25,0.85,1.0,Data Analyst,Ola,"Kolkata, West Bengal",6.4
CAND_0019220,0.6744,0.7191,0.3333,0.85,0.847,Accountant,Hooli,"Trivandrum, Kerala",7.6
CAND_0063915,0.6743,0.7067,0.3333,1.0,0.718,Graphic Designer,Globex Inc,"Mumbai, Maharashtra",5.7
CAND_0004620,0.6743,0.717,0.3333,0.7,1.0,Business Analyst,Acme Corp,Austin,5.1
CAND_0095619,0.6743,0.7743,0.3333,0.6,1.0,NLP Engineer,Nykaa,"Mumbai, Maharashtra",15.6
CAND_0010148,0.6742,0.6699,0.25,1.0,0.886,Analytics Engineer,Mindtree,"Hyderabad, Telangana",6.5
CAND_0084786,0.6742,0.708,0.4167,1.0,0.611,Marketing Manager,Hooli,"Pune, Maharashtra",6.3
CAND_0072929,0.6742,0.7184,0.4167,1.0,0.593,Mechanical Engineer,Wayne Enterprises,"Hyderabad, Telangana",5.4
CAND_0011125,0.6742,0.7316,0.3333,1.0,0.674,Junior ML Engineer,Wysa,"Bangalore, Karnataka",6.6
CAND_0096861,0.6742,0.7334,0.25,0.85,0.925,Project Manager,Wayne Enterprises,"Kochi, Kerala",9.0
CAND_0056264,0.6741,0.6886,0.1667,1.0,0.957,Backend Engineer,Nykaa,"Noida, Uttar Pradesh",6.5
CAND_0000967,0.6741,0.7028,0.3333,0.85,0.874,HR Manager,Hooli,"Coimbatore, Tamil Nadu",5.1
CAND_0006538,0.6741,0.7497,0.1667,0.85,1.0,AI Specialist,Dream11,"Kolkata, West Bengal",5.7
CAND_0082988,0.674,0.7246,0.4167,1.0,0.581,Customer Support,Stark Industries,"Hyderabad, Telangana",5.7
CAND_0091145,0.674,0.7279,0.4167,1.0,0.575,Project Manager,Acme Corp,"Hyderabad, Telangana",7.6
CAND_0092331,0.674,0.7299,0.4167,0.85,0.722,Project Manager,Initech,"Chennai, Tamil Nadu",8.9
CAND_0022108,0.6739,0.7067,0.3333,1.0,0.716,Graphic Designer,Acme Corp,"Delhi, Delhi",8.6
CAND_0065514,0.6739,0.7087,0.25,1.0,0.817,ML Engineer,Genpact AI,"Pune, Maharashtra",6.6
CAND_0089947,0.6739,0.7291,0.3333,1.0,0.677,Junior ML Engineer,Saarthi.ai,"Noida, Uttar Pradesh",5.4
CAND_0007567,0.6739,0.7493,0.1667,0.85,1.0,AI Specialist,Niramai,"Kochi, Kerala",6.1
CAND_0079447,0.6738,0.726,0.3333,0.85,0.832,Mechanical Engineer,Dunder Mifflin,"Kolkata, West Bengal",7.1
CAND_0081593,0.6737,0.6629,0.1667,1.0,1.0,.NET Developer,Pied Piper,"Hyderabad, Telangana",6.0
CAND_0032128,0.6737,0.6923,0.4167,0.85,0.786,Mechanical Engineer,Stark Industries,"Trivandrum, Kerala",5.2
CAND_0047470,0.6737,0.6845,0.4167,0.65,1.0,HR Manager,Pied Piper,"Ahmedabad, Gujarat",4.6
CAND_0011432,0.6737,0.7488,0.1667,0.85,1.0,Senior Data Scientist,Amazon,"Chennai, Tamil Nadu",7.6
CAND_0041568,0.6737,0.7977,0.3333,0.7,0.856,Search Engineer,Haptik,Sydney,5.2
CAND_0037322,0.6736,0.7099,0.3333,0.85,0.859,Accountant,Pied Piper,"Kolkata, West Bengal",8.0
CAND_0021545,0.6736,0.7484,0.1667,1.0,0.85,Senior Data Engineer,Acme Corp,"Hyderabad, Telangana",7.8
CAND_0003977,0.6736,0.7923,0.3333,0.8,0.765,Recommendation Systems Engineer,Google,"Delhi, Delhi",4.6
CAND_0059853,0.6735,0.7353,0.4167,1.0,0.56,Accountant,Wayne Enterprises,"Mumbai, Maharashtra",8.2
CAND_0060869,0.6735,0.7083,0.4167,0.8,0.807,Civil Engineer,Hooli,"Bangalore, Karnataka",10.6
CAND_0066610,0.6735,0.7235,0.25,1.0,0.789,Software Engineer,Tech Mahindra,"Pune, Maharashtra",6.1
CAND_0054394,0.6735,0.7765,0.1667,0.8,1.0,Recommendation Systems Engineer,PharmEasy,"Pune, Maharashtra",4.1
CAND_0050324,0.6733,0.7403,0.4167,0.7,0.85,Civil Engineer,Hooli,Toronto,7.8
CAND_0037029,0.6732,0.7489,0.25,1.0,0.743,Software Engineer,Swiggy,"Delhi, Delhi",6.9
CAND_0077798,0.6732,0.7265,0.25,0.85,0.932,Software Engineer,Meesho,"Chennai, Tamil Nadu",8.0
CAND_0051292,0.6732,0.7472,0.1667,0.85,1.0,Applied ML Engineer,Freshworks,"Trivandrum, Kerala",5.2
CAND_0048368,0.6731,0.6876,0.25,0.85,1.0,Software Engineer,Swiggy,"Chennai, Tamil Nadu",6.1
CAND_0048756,0.6731,0.7209,0.0833,1.0,1.0,Business Analyst,Stark Industries,"Bangalore, Karnataka",7.2
CAND_0013090,0.6731,0.7113,0.4167,0.6,1.0,Civil Engineer,Dunder Mifflin,"Delhi, Delhi",3.4
CAND_0021491,0.6731,0.7544,0.25,0.85,0.883,AI Research Engineer,Wysa,"Bhubaneswar, Odisha",6.1
CAND_0063138,0.673,0.6941,0.25,1.0,0.838,Analytics Engineer,Zoho,"Mumbai, Maharashtra",7.2
CAND_0040079,0.6729,0.7175,0.4167,0.85,0.738,Customer Support,Pied Piper,"Bhubaneswar, Odisha",6.7
CAND_0064599,0.6729,0.7267,0.4167,0.8,0.772,Mechanical Engineer,Wayne Enterprises,"Noida, Uttar Pradesh",4.0
CAND_0006970,0.6729,0.728,0.25,0.85,0.928,Senior Software Engineer,upGrad,"Ahmedabad, Gujarat",5.3
CAND_0092839,0.6729,0.7464,0.1667,0.85,1.0,Analytics Engineer,Meesho,"Kolkata, West Bengal",7.5
CAND_0094686,0.6728,0.7247,0.4167,0.85,0.725,Business Analyst,Initech,"Bhubaneswar, Odisha",6.7
CAND_0042410,0.6727,0.6815,0.3333,0.85,0.904,Content Writer,Hooli,"Trivandrum, Kerala",9.0
CAND_0015568,0.6727,0.7343,0.25,1.0,0.766,Operations Manager,Pied Piper,"Noida, Uttar Pradesh",6.4
CAND_0044262,0.6727,0.7326,0.25,0.85,0.919,Data Scientist,upGrad,"Trivandrum, Kerala",6.9
CAND_0069476,0.6726,0.6598,0.1667,1.0,1.0,Full Stack Developer,Swiggy,"Mumbai, Maharashtra",6.9
CAND_0020781,0.6726,0.6861,0.25,0.85,1.0,HR Manager,Dunder Mifflin,"Trivandrum, Kerala",7.5
CAND_0078514,0.6726,0.742,0.1667,1.0,0.856,Software Engineer,Vedantu,"Hyderabad, Telangana",5.0
CAND_0033784,0.6726,0.7425,0.25,0.85,0.901,Customer Support,Stark Industries,"Kochi, Kerala",5.8
CAND_0057696,0.6726,0.765,0.1667,0.85,0.966,Senior Software Engineer,InMobi,"Indore, Madhya Pradesh",7.6
CAND_0047983,0.6725,0.6857,0.25,0.85,1.0,Software Engineer,CRED,"Ahmedabad, Gujarat",5.0
CAND_0020723,0.6725,0.7117,0.4167,0.8,0.796,Operations Manager,Globex Inc,"Hyderabad, Telangana",9.6
CAND_0012411,0.6724,0.7074,0.4167,0.85,0.753,Content Writer,Pied Piper,"Indore, Madhya Pradesh",6.0
CAND_0094165,0.6724,0.7231,0.25,0.85,0.934,AI Research Engineer,PhonePe,"Chandigarh, Chandigarh",5.8
CAND_0008417,0.6724,0.7247,0.4167,0.65,0.923,Business Analyst,Stark Industries,"Gurgaon, Haryana",10.3
CAND_0050841,0.6723,0.6876,0.4167,0.85,0.787,Sales Executive,Stark Industries,"Jaipur, Rajasthan",6.7
CAND_0032312,0.6723,0.6853,0.25,0.85,1.0,QA Engineer,Dunder Mifflin,"Indore, Madhya Pradesh",6.5
CAND_0070762,0.6723,0.7176,0.4167,0.65,0.935,Operations Manager,Dunder Mifflin,"Chandigarh, Chandigarh",4.6
CAND_0057529,0.6722,0.7163,0.25,1.0,0.795,Junior ML Engineer,Glance,"Mumbai, Maharashtra",6.9
CAND_0074225,0.6722,0.7552,0.3333,0.65,0.973,Machine Learning Engineer,Unacademy,"Vizag, Andhra Pradesh",4.3
CAND_0072606,0.6721,0.64,0.25,1.0,0.928,Java Developer,Pied Piper,"Pune, Maharashtra",9.0
CAND_0037000,0.6721,0.7753,0.4167,0.6,0.883,Search Engineer,Unacademy,"Noida, Uttar Pradesh",2.7
CAND_0027282,0.672,0.6945,0.1667,1.0,0.936,QA Engineer,Pied Piper,"Hyderabad, Telangana",5.8
CAND_0011924,0.672,0.7272,0.25,0.85,0.925,Senior Data Engineer,Freshworks,"Kochi, Kerala",6.1
CAND_0043698,0.672,0.7517,0.1667,0.85,0.986,Senior Data Engineer,Tech Mahindra,"Ahmedabad, Gujarat",7.4
CAND_0094614,0.6719,0.7229,0.3333,0.85,0.828,Operations Manager,Hooli,"Indore, Madhya Pradesh",7.8
CAND_0026640,0.6719,0.7446,0.3333,0.85,0.79,Computer Vision Engineer,Observe.AI,"Ahmedabad, Gujarat",6.1
CAND_0051630,0.6719,0.7633,0.4167,0.85,0.653,Machine Learning Engineer,Razorpay,"Kolkata, West Bengal",6.0
CAND_0069936,0.6718,0.7333,0.25,1.0,0.763,Business Analyst,Wayne Enterprises,"Mumbai, Maharashtra",7.1
CAND_0028801,0.6718,0.7058,0.3333,0.8,0.907,Sales Executive,Pied Piper,"Pune, Maharashtra",9.2
CAND_0028888,0.6718,0.7171,0.0833,1.0,1.0,Senior Software Engineer,PhonePe,"Delhi, Delhi",7.4
CAND_0076237,0.6718,0.7075,0.4167,0.6,1.0,Graphic Designer,Globex Inc,"Hyderabad, Telangana",3.5
CAND_0035779,0.6718,0.7351,0.25,0.85,0.91,ML Engineer,Swiggy,"Ahmedabad, Gujarat",5.5
CAND_0040489,0.6718,0.7226,0.3333,0.7,0.978,Business Analyst,Stark Industries,Sydney,8.0
CAND_0008943,0.6718,0.7477,0.1667,0.85,0.992,Computer Vision Engineer,Observe.AI,"Vizag, Andhra Pradesh",6.0
CAND_0067202,0.6717,0.6775,0.4167,0.85,0.802,Sales Executive,Wayne Enterprises,"Gurgaon, Haryana",6.1
CAND_0031540,0.6717,0.7056,0.3333,1.0,0.707,Project Manager,Wayne Enterprises,"Bangalore, Karnataka",5.3
CAND_0016777,0.6717,0.6986,0.4167,0.85,0.765,Project Manager,Stark Industries,"Chennai, Tamil Nadu",5.9
CAND_0004196,0.6717,0.7097,0.3333,0.7,1.0,HR Manager,TCS,"Hyderabad, Telangana",7.2
CAND_0007564,0.6716,0.7339,0.3333,1.0,0.657,Civil Engineer,Initech,"Hyderabad, Telangana",7.8
CAND_0033580,0.6716,0.7207,0.3333,0.8,0.88,Project Manager,Hooli,"Mumbai, Maharashtra",4.2
CAND_0070485,0.6716,0.7774,0.25,0.85,0.835,Search Engineer,Saarthi.ai,"Coimbatore, Tamil Nadu",6.4
CAND_0078589,0.6715,0.7229,0.25,1.0,0.78,Software Engineer,upGrad,"Pune, Maharashtra",5.9
CAND_0022634,0.6714,0.7265,0.4167,0.65,0.915,Customer Support,Initech,"Gurgaon, Haryana",4.3
CAND_0061175,0.6714,0.7716,0.25,0.85,0.844,AI Research Engineer,Haptik,"Gurgaon, Haryana",6.7
CAND_0003395,0.6713,0.6983,0.3333,0.85,0.868,Graphic Designer,Pied Piper,"Coimbatore, Tamil Nadu",5.7
CAND_0018127,0.6712,0.6922,0.4167,1.0,0.624,Business Analyst,Stark Industries,"Pune, Maharashtra",5.1
CAND_0047068,0.6712,0.7218,0.4167,0.8,0.772,Civil Engineer,Globex Inc,"Noida, Uttar Pradesh",9.5
CAND_0080104,0.6711,0.7066,0.4167,0.85,0.748,Operations Manager,Dunder Mifflin,"Kochi, Kerala",6.0
CAND_0056309,0.6711,0.7347,0.25,1.0,0.757,Senior Data Engineer,Acme Corp,"Noida, Uttar Pradesh",8.0
CAND_0040955,0.6711,0.7395,0.1667,1.0,0.853,Junior ML Engineer,Rephrase.ai,"Pune, Maharashtra",6.6
CAND_0051275,0.671,0.6827,0.1667,1.0,0.952,Software Engineer,Dunder Mifflin,"Mumbai, Maharashtra",6.2
CAND_0039581,0.671,0.7166,0.4167,0.85,0.73,Graphic Designer,Initech,"Trivandrum, Kerala",8.4
CAND_0089470,0.671,0.7518,0.1667,1.0,0.831,AI Research Engineer,Zomato,"Pune, Maharashtra",6.5
CAND_0090308,0.671,0.7366,0.4167,0.7,0.845,HR Manager,Stark Industries,Singapore,7.1
CAND_0059017,0.671,0.7837,0.1667,0.85,0.925,AI Research Engineer,PhonePe,"Ahmedabad, Gujarat",6.8
CAND_0036492,0.6709,0.7138,0.25,1.0,0.793,HR Manager,Acme Corp,"Delhi, Delhi",5.4
CAND_0053001,0.6709,0.7276,0.25,0.85,0.919,Software Engineer,Hooli,"Kolkata, West Bengal",6.6
CAND_0018234,0.6708,0.6967,0.3333,1.0,0.718,Civil Engineer,Acme Corp,"Delhi, Delhi",7.5
CAND_0010497,0.6708,0.7236,0.3333,1.0,0.671,Graphic Designer,Globex Inc,"Pune, Maharashtra",8.9
CAND_0080970,0.6708,0.6941,0.25,0.85,0.977,Graphic Designer,Stark Industries,"Ahmedabad, Gujarat",5.0
CAND_0038230,0.6708,0.719,0.3333,0.85,0.829,Business Analyst,Wayne Enterprises,"Chandigarh, Chandigarh",7.3
CAND_0003130,0.6708,0.7502,0.1667,0.85,0.983,Senior Software Engineer,Pied Piper,"Trivandrum, Kerala",5.4
CAND_0050631,0.6707,0.7044,0.4167,0.6,1.0,Sales Executive,Wayne Enterprises,"Mumbai, Maharashtra",14.5
CAND_0007017,0.6706,0.7345,0.3333,1.0,0.651,Accountant,Acme Corp,"Bangalore, Karnataka",5.3
CAND_0028710,0.6706,0.7133,0.3333,0.85,0.838,Customer Support,Initech,"Kochi, Kerala",6.8
CAND_0060257,0.6706,0.7563,0.1667,0.85,0.971,AI Specialist,Paytm,"Gurgaon, Haryana",5.8
CAND_0030821,0.6705,0.7279,0.4167,0.85,0.708,HR Manager,Acme Corp,"Trivandrum, Kerala",5.9
CAND_0045613,0.6705,0.7386,0.4167,0.85,0.689,Computer Vision Engineer,Saarthi.ai,"Kolkata, West Bengal",5.0
CAND_0067609,0.6705,0.7344,0.25,0.8,0.955,Junior ML Engineer,Wysa,"Delhi, Delhi",4.5
CAND_0016663,0.6705,0.7347,0.3333,0.65,1.0,Customer Support,Dunder Mifflin,"Ahmedabad, Gujarat",4.2
CAND_0045127,0.6704,0.6796,0.25,0.85,1.0,Graphic Designer,Stark Industries,"Ahmedabad, Gujarat",8.2
CAND_0056130,0.6704,0.7131,0.4167,0.85,0.733,Operations Manager,Acme Corp,"Kochi, Kerala",8.9
CAND_0033775,0.6704,0.7517,0.25,0.85,0.874,Senior Data Engineer,Unacademy,"Coimbatore, Tamil Nadu",7.3
CAND_0053595,0.6703,0.6939,0.1667,1.0,0.929,QA Engineer,Flipkart,"Hyderabad, Telangana",5.8
CAND_0083432,0.6703,0.7307,0.4167,0.85,0.702,Mechanical Engineer,Wayne Enterprises,"Chennai, Tamil Nadu",8.0
CAND_0093211,0.6703,0.7033,0.4167,0.65,0.95,Content Writer,Acme Corp,"Gurgaon, Haryana",10.5
CAND_0075502,0.6703,0.7661,0.4167,0.6,0.89,Senior Software Engineer (ML),PharmEasy,"Mumbai, Maharashtra",3.3
CAND_0044091,0.6702,0.7225,0.3333,0.85,0.82,ML Engineer,Vedantu,"Indore, Madhya Pradesh",6.5
CAND_0014179,0.6702,0.7298,0.4167,0.8,0.753,Mechanical Engineer,Globex Inc,"Hyderabad, Telangana",10.2
CAND_0031169,0.6702,0.7126,0.0833,1.0,1.0,Mechanical Engineer,Dunder Mifflin,"Mumbai, Maharashtra",6.2
CAND_0060835,0.6702,0.7696,0.1667,1.0,0.796,Senior Software Engineer (ML),Sarvam AI,"Bangalore, Karnataka",6.6
CAND_0033408,0.6701,0.7011,0.3333,1.0,0.707,Data Analyst,Freshworks,"Mumbai, Maharashtra",7.0
CAND_0088510,0.6701,0.6916,0.1667,1.0,0.932,Backend Engineer,HCL,"Hyderabad, Telangana",5.8
CAND_0030430,0.6701,0.6954,0.1667,1.0,0.925,Data Engineer,PharmEasy,"Bangalore, Karnataka",5.2
CAND_0004677,0.6701,0.7022,0.1667,1.0,0.913,Data Engineer,Razorpay,"Noida, Uttar Pradesh",5.6
CAND_0004911,0.6701,0.7307,0.4167,0.6,0.951,Marketing Manager,Globex Inc,"Hyderabad, Telangana",13.9
CAND_0097936,0.6701,0.7337,0.3333,0.65,1.0,Civil Engineer,Pied Piper,"Kolkata, West Bengal",4.3
CAND_0011363,0.67,0.6597,0.25,1.0,0.883,DevOps Engineer,Mphasis,"Bangalore, Karnataka",6.3
CAND_0075439,0.67,0.7493,0.4167,0.65,0.868,Machine Learning Engineer,Flipkart,"Vizag, Andhra Pradesh",4.3
CAND_0031757,0.6699,0.7648,0.0833,1.0,0.907,Senior Data Engineer,Dunder Mifflin,"Noida, Uttar Pradesh",6.3
CAND_0052459,0.6698,0.6922,0.4167,1.0,0.617,Graphic Designer,Acme Corp,"Pune, Maharashtra",7.1
CAND_0055139,0.6698,0.747,0.3333,0.85,0.775,ML Engineer,HCL,"Chennai, Tamil Nadu",6.9
CAND_0060113,0.6697,0.6515,0.1667,1.0,1.0,DevOps Engineer,Swiggy,"Bangalore, Karnataka",8.8
CAND_0059672,0.6697,0.7062,0.4167,0.85,0.742,Accountant,Globex Inc,"Gurgaon, Haryana",5.4
CAND_0045313,0.6697,0.7268,0.3333,0.85,0.81,Business Analyst,Wayne Enterprises,"Trivandrum, Kerala",9.0
CAND_0075489,0.6697,0.711,0.0833,1.0,1.0,Analytics Engineer,Meesho,"Noida, Uttar Pradesh",6.5
CAND_0046353,0.6697,0.724,0.25,0.85,0.919,ML Engineer,Razorpay,"Gurgaon, Haryana",6.4
CAND_0064777,0.6697,0.7543,0.25,0.85,0.866,Senior Data Engineer,Mindtree,"Indore, Madhya Pradesh",7.1
CAND_0023017,0.6696,0.7224,0.4167,0.85,0.713,Sales Executive,Initech,"Kolkata, West Bengal",7.4
CAND_0040871,0.6696,0.7142,0.4167,0.8,0.777,Mechanical Engineer,Hooli,"Hyderabad, Telangana",9.2
CAND_0074823,0.6696,0.7171,0.4167,0.8,0.772,Operations Manager,Globex Inc,"Noida, Uttar Pradesh",9.1
CAND_0082248,0.6696,0.7059,0.25,0.8,1.0,Backend Engineer,Hooli,"Pune, Maharashtra",4.5
CAND_0070872,0.6696,0.7352,0.1667,1.0,0.853,Business Analyst,Globex Inc,"Pune, Maharashtra",7.3
CAND_0028932,0.6695,0.7166,0.3333,1.0,0.677,Operations Manager,Wayne Enterprises,"Mumbai, Maharashtra",5.2
CAND_0000932,0.6695,0.7204,0.4167,0.85,0.716,Operations Manager,Pied Piper,"Kolkata, West Bengal",6.9
CAND_0005405,0.6695,0.7257,0.3333,0.85,0.811,Civil Engineer,Initech,"Indore, Madhya Pradesh",5.7
CAND_0080670,0.6695,0.7421,0.3333,0.8,0.832,Customer Support,Acme Corp,"Pune, Maharashtra",4.6
CAND_0022023,0.6695,0.7395,0.25,0.8,0.941,AI Research Engineer,Saarthi.ai,"Pune, Maharashtra",4.6
CAND_0074835,0.6694,0.6699,0.25,1.0,0.862,Data Analyst,Stark Industries,"Delhi, Delhi",5.6
CAND_0024591,0.6693,0.7099,0.0833,1.0,1.0,Software Engineer,HCL,"Hyderabad, Telangana",5.6
CAND_0076991,0.6693,0.71,0.0833,1.0,1.0,Analytics Engineer,Freshworks,"Noida, Uttar Pradesh",6.4
CAND_0025495,0.6692,0.6739,0.25,1.0,0.854,.NET Developer,Initech,"Delhi, Delhi",5.0
CAND_0095093,0.6692,0.7225,0.4167,0.85,0.711,Accountant,Wayne Enterprises,"Coimbatore, Tamil Nadu",7.9
CAND_0032279,0.6691,0.6497,0.1667,1.0,1.0,Java Developer,Flipkart,"Pune, Maharashtra",6.9
CAND_0019491,0.6691,0.7034,0.3333,0.8,0.898,Marketing Manager,Globex Inc,"Delhi, Delhi",4.9
CAND_0008748,0.6689,0.6749,0.25,1.0,0.851,Software Engineer,Swiggy,"Noida, Uttar Pradesh",7.5
CAND_0044998,0.6689,0.7081,0.25,1.0,0.793,Marketing Manager,Initech,"Delhi, Delhi",8.6
CAND_0005477,0.6689,0.7034,0.1667,1.0,0.905,ML Engineer,Zomato,"Bangalore, Karnataka",6.2
CAND_0063224,0.6689,0.7284,0.4167,0.65,0.899,Accountant,Hooli,"Kochi, Kerala",10.1
CAND_0072399,0.6688,0.7163,0.3333,1.0,0.674,Sales Executive,Stark Industries,"Bangalore, Karnataka",7.8
CAND_0032605,0.6688,0.6751,0.25,0.85,1.0,Cloud Engineer,HCL,"Chandigarh, Chandigarh",6.6
CAND_0055271,0.6688,0.7004,0.25,0.85,0.956,Data Engineer,CRED,"Indore, Madhya Pradesh",7.2
CAND_0079228,0.6688,0.7234,0.0833,1.0,0.974,Senior Software Engineer,Swiggy,"Hyderabad, Telangana",5.8
CAND_0007914,0.6687,0.709,0.3333,1.0,0.686,Analytics Engineer,Mphasis,"Bangalore, Karnataka",5.1
CAND_0099421,0.6687,0.7444,0.3333,1.0,0.624,Customer Support,Globex Inc,"Hyderabad, Telangana",7.8
CAND_0003572,0.6687,0.7083,0.0833,1.0,1.0,Software Engineer,Flipkart,"Mumbai, Maharashtra",7.9
CAND_0058061,0.6687,0.7572,0.25,0.85,0.856,Data Engineer,PolicyBazaar,"Gurgaon, Haryana",7.4
CAND_0040594,0.6686,0.6484,0.1667,1.0,1.0,Mobile Developer,Dunder Mifflin,"Mumbai, Maharashtra",5.7
CAND_0027704,0.6686,0.6918,0.25,1.0,0.82,Civil Engineer,Dunder Mifflin,"Mumbai, Maharashtra",7.5
CAND_0004733,0.6686,0.7181,0.3333,0.85,0.82,Sales Executive,Acme Corp,"Trivandrum, Kerala",5.6
CAND_0023093,0.6686,0.7284,0.3333,0.7,0.952,ML Engineer,PolicyBazaar,Seattle,5.1
CAND_0064256,0.6686,0.7341,0.1667,0.85,1.0,Junior ML Engineer,BYJU'S,"Kolkata, West Bengal",6.4
CAND_0071224,0.6686,0.7558,0.0833,1.0,0.916,Senior Data Engineer,Mindtree,"Mumbai, Maharashtra",5.6
CAND_0097085,0.6685,0.7256,0.4167,0.85,0.702,Customer Support,Wayne Enterprises,"Indore, Madhya Pradesh",5.8
CAND_0036753,0.6685,0.7148,0.1667,1.0,0.883,Senior Data Engineer,Tech Mahindra,"Hyderabad, Telangana",7.0
CAND_0058327,0.6685,0.7462,0.4167,0.8,0.716,Customer Support,Acme Corp,"Delhi, Delhi",10.0
CAND_0091370,0.6684,0.6477,0.1667,1.0,1.0,DevOps Engineer,Tech Mahindra,"Bangalore, Karnataka",5.1
CAND_0086034,0.6684,0.6782,0.1667,1.0,0.947,.NET Developer,CRED,"Mumbai, Maharashtra",5.4
CAND_0053027,0.6684,0.7191,0.25,0.85,0.921,Accountant,Stark Industries,"Kolkata, West Bengal",6.1
CAND_0052324,0.6684,0.7288,0.3333,0.65,1.0,HR Manager,Initech,"Coimbatore, Tamil Nadu",4.7
CAND_0017722,0.6683,0.7138,0.25,1.0,0.78,Data Scientist,Saarthi.ai,"Noida, Uttar Pradesh",5.7
CAND_0038263,0.6683,0.7142,0.3333,0.85,0.825,Content Writer,Dunder Mifflin,"Kochi, Kerala",7.4
CAND_0030498,0.6683,0.7159,0.3333,0.85,0.822,HR Manager,Globex Inc,"Indore, Madhya Pradesh",7.5
CAND_0012498,0.6683,0.7203,0.4167,0.65,0.91,HR Manager,Hooli,"Kolkata, West Bengal",10.2
CAND_0054447,0.6682,0.714,0.3333,1.0,0.675,Graphic Designer,Dunder Mifflin,"Bangalore, Karnataka",8.4
CAND_0072362,0.6682,0.7066,0.0833,1.0,1.0,Analytics Engineer,Unacademy,"Bangalore, Karnataka",5.7
CAND_0096172,0.6682,0.762,0.3333,0.85,0.741,NLP Engineer,Krutrim,"Chennai, Tamil Nadu",5.2
CAND_0064564,0.6681,0.6492,0.25,1.0,0.892,Full Stack Developer,HCL,"Pune, Maharashtra",8.3
CAND_0092551,0.6681,0.7094,0.4167,1.0,0.578,HR Manager,Dunder Mifflin,"Pune, Maharashtra",6.4
CAND_0050765,0.6681,0.7144,0.25,0.8,0.978,AI Specialist,Swiggy,"Delhi, Delhi",4.9
CAND_0036871,0.6681,0.7151,0.4167,0.6,0.968,Sales Executive,Globex Inc,"Bangalore, Karnataka",13.4
CAND_0013934,0.668,0.6776,0.1667,1.0,0.946,Frontend Engineer,Tech Mahindra,"Noida, Uttar Pradesh",7.9
CAND_0074731,0.668,0.6876,0.25,0.85,0.974,Data Scientist,InMobi,"Chennai, Tamil Nadu",6.6
CAND_0006090,0.668,0.7247,0.3333,0.85,0.805,Operations Manager,Dunder Mifflin,"Chandigarh, Chandigarh",6.5
CAND_0015168,0.668,0.7329,0.3333,0.7,0.941,Business Analyst,Hooli,Singapore,6.7
CAND_0046313,0.668,0.7958,0.25,0.7,0.935,Senior Software Engineer (ML),Flipkart,San Francisco,5.8
CAND_0093341,0.6679,0.6756,0.1667,1.0,0.949,Software Engineer,Swiggy,"Noida, Uttar Pradesh",5.5
CAND_0045708,0.6679,0.6918,0.3333,0.85,0.862,Operations Manager,Pied Piper,"Trivandrum, Kerala",6.6
CAND_0014948,0.6679,0.7122,0.4167,0.7,0.872,Business Analyst,Infosys,"Bangalore, Karnataka",8.3
CAND_0032554,0.6679,0.7244,0.4167,0.65,0.901,Content Writer,Dunder Mifflin,"Kolkata, West Bengal",9.1
CAND_0071575,0.6678,0.6773,0.3333,0.85,0.887,HR Manager,Initech,"Kolkata, West Bengal",7.8
CAND_0052827,0.6678,0.7134,0.3333,1.0,0.674,Data Scientist,Genpact AI,"Hyderabad, Telangana",5.9
CAND_0006521,0.6678,0.7213,0.3333,1.0,0.66,Sales Executive,Wayne Enterprises,"Noida, Uttar Pradesh",7.1
CAND_0076963,0.6678,0.7056,0.1667,1.0,0.896,Backend Engineer,Dunder Mifflin,"Bangalore, Karnataka",6.5
CAND_0032271,0.6678,0.7418,0.0833,1.0,0.937,AI Research Engineer,Mad Street Den,"Hyderabad, Telangana",6.6
CAND_0094025,0.6676,0.7146,0.25,0.85,0.925,Data Scientist,CRED,"Chandigarh, Chandigarh",6.4
CAND_0095674,0.6676,0.7582,0.0833,1.0,0.907,Senior Software Engineer,Tech Mahindra,"Noida, Uttar Pradesh",5.4
CAND_0016782,0.6675,0.6847,0.1667,1.0,0.931,Data Engineer,Ola,"Noida, Uttar Pradesh",7.5
CAND_0098624,0.6675,0.7393,0.25,0.85,0.881,Senior Software Engineer (ML),CRED,"Trivandrum, Kerala",6.3
CAND_0015528,0.6675,0.7521,0.25,0.85,0.859,Applied ML Engineer,Krutrim,"Coimbatore, Tamil Nadu",7.4
CAND_0078066,0.6674,0.689,0.1667,1.0,0.923,Analytics Engineer,InMobi,"Pune, Maharashtra",6.7
CAND_0038827,0.6674,0.7064,0.4167,0.8,0.78,Marketing Manager,Stark Industries,"Noida, Uttar Pradesh",10.2
CAND_0047521,0.6674,0.729,0.25,0.8,0.949,Junior ML Engineer,HCL,"Mumbai, Maharashtra",4.4
CAND_0045141,0.6674,0.7306,0.1667,0.85,1.0,Data Scientist,HCL,"Kochi, Kerala",5.3
CAND_0099308,0.6673,0.6959,0.4167,0.7,0.898,Operations Manager,Acme Corp,Toronto,5.5
CAND_0022042,0.6672,0.7385,0.3333,1.0,0.627,Civil Engineer,Stark Industries,"Pune, Maharashtra",8.3
CAND_0025109,0.6672,0.7386,0.3333,0.65,0.977,Data Scientist,Nykaa,"Jaipur, Rajasthan",4.5
CAND_0089699,0.6671,0.6942,0.4167,0.6,1.0,Accountant,Dunder Mifflin,"Bangalore, Karnataka",2.6
CAND_0090280,0.6671,0.7208,0.4167,0.7,0.853,Business Analyst,Hooli,New York,6.2
CAND_0041964,0.6671,0.7415,0.0833,1.0,0.934,Senior Data Engineer,BYJU'S,"Bangalore, Karnataka",5.6
CAND_0099101,0.667,0.6756,0.25,0.85,0.99,Graphic Designer,Initech,"Bhubaneswar, Odisha",5.3
CAND_0068393,0.667,0.7327,0.3333,0.65,0.986,Junior ML Engineer,Haptik,"Indore, Madhya Pradesh",4.4
CAND_0092600,0.6669,0.7041,0.3333,0.8,0.886,Marketing Manager,Stark Industries,"Mumbai, Maharashtra",9.1
CAND_0001729,0.6668,0.6894,0.1667,1.0,0.919,Backend Engineer,Swiggy,"Bangalore, Karnataka",5.5
CAND_0025959,0.6668,0.7224,0.25,0.85,0.907,Accountant,Initech,"Gurgaon, Haryana",8.5
CAND_0087529,0.6668,0.7602,0.3333,0.8,0.787,AI Specialist,InMobi,"Noida, Uttar Pradesh",4.0
CAND_0037769,0.6667,0.7296,0.3333,0.85,0.79,Mechanical Engineer,Initech,"Trivandrum, Kerala",7.8
CAND_0068332,0.6667,0.7256,0.25,0.85,0.901,Software Engineer,Tech Mahindra,"Chennai, Tamil Nadu",6.7
CAND_0047272,0.6667,0.7389,0.25,0.85,0.878,Senior Data Engineer,PolicyBazaar,"Jaipur, Rajasthan",6.3
CAND_0032365,0.6666,0.6723,0.1667,1.0,0.948,Cloud Engineer,Swiggy,"Delhi, Delhi",6.5
CAND_0012065,0.6666,0.6907,0.1667,1.0,0.916,Data Analyst,Wayne Enterprises,"Pune, Maharashtra",5.4
CAND_0021446,0.6666,0.7273,0.25,1.0,0.748,Project Manager,Dunder Mifflin,"Pune, Maharashtra",6.3
CAND_0011439,0.6666,0.7023,0.0833,1.0,1.0,Accountant,Initech,"Hyderabad, Telangana",8.0
CAND_0021836,0.6666,0.7404,0.25,0.85,0.875,ML Engineer,CRED,"Jaipur, Rajasthan",6.5
CAND_0059283,0.6666,0.7354,0.4167,0.6,0.925,Sales Executive,Acme Corp,"Delhi, Delhi",1.8
CAND_0020708,0.6666,0.7831,0.25,0.65,1.0,Search Engineer,PolicyBazaar,"Indore, Madhya Pradesh",4.2
CAND_0079652,0.6665,0.6388,0.25,1.0,0.902,Java Developer,CRED,"Pune, Maharashtra",7.3
CAND_0075448,0.6665,0.7182,0.3333,1.0,0.659,Project Manager,Wayne Enterprises,"Pune, Maharashtra",7.9
CAND_0067713,0.6665,0.7227,0.3333,1.0,0.651,Accountant,Pied Piper,"Delhi, Delhi",7.2
CAND_0048271,0.6665,0.7486,0.25,0.85,0.86,Project Manager,Stark Industries,"Indore, Madhya Pradesh",7.8
CAND_0071747,0.6665,0.7457,0.3333,0.65,0.961,AI Research Engineer,Rephrase.ai,"Kolkata, West Bengal",4.2
CAND_0045377,0.6664,0.7031,0.3333,0.85,0.835,Content Writer,Acme Corp,"Kochi, Kerala",7.9
CAND_0028012,0.6664,0.7017,0.0833,1.0,1.0,Mechanical Engineer,Dunder Mifflin,"Noida, Uttar Pradesh",6.8
CAND_0061282,0.6663,0.696,0.25,1.0,0.801,Frontend Engineer,Globex Inc,"Hyderabad, Telangana",5.1
CAND_0016220,0.6663,0.696,0.1667,1.0,0.905,Data Engineer,Wayne Enterprises,"Noida, Uttar Pradesh",5.0
CAND_0070980,0.6663,0.6981,0.4167,0.7,0.889,Mechanical Engineer,Stark Industries,Singapore,5.0
CAND_0082159,0.6663,0.7393,0.3333,0.85,0.771,Mechanical Engineer,Stark Industries,"Kochi, Kerala",5.1
CAND_0042380,0.6663,0.718,0.4167,0.6,0.954,Operations Manager,Wayne Enterprises,"Pune, Maharashtra",14.8
CAND_0052195,0.6663,0.7275,0.1667,0.85,1.0,Computer Vision Engineer,Sarvam AI,"Kolkata, West Bengal",6.3
CAND_0013665,0.6663,0.7739,0.1667,0.85,0.919,Senior Software Engineer (ML),InMobi,"Trivandrum, Kerala",5.2
CAND_0071394,0.6662,0.707,0.25,1.0,0.781,HR Manager,Dunder Mifflin,"Bangalore, Karnataka",8.9
CAND_0051997,0.6662,0.7133,0.3333,0.85,0.816,Business Analyst,Globex Inc,"Indore, Madhya Pradesh",7.9
CAND_0036126,0.6662,0.7002,0.25,0.85,0.943,QA Engineer,CRED,"Chandigarh, Chandigarh",7.8
CAND_0003461,0.6662,0.7408,0.3333,0.85,0.768,Marketing Manager,Hooli,"Kochi, Kerala",8.6
CAND_0021571,0.6661,0.7008,0.0833,1.0,1.0,Civil Engineer,Hooli,"Pune, Maharashtra",8.1
CAND_0040251,0.666,0.7115,0.3333,1.0,0.668,Business Analyst,Initech,"Bangalore, Karnataka",7.1
CAND_0087167,0.666,0.6945,0.4167,0.85,0.744,Civil Engineer,Wayne Enterprises,"Vizag, Andhra Pradesh",6.0
CAND_0059192,0.666,0.7266,0.1667,0.85,1.0,Analytics Engineer,Mindtree,"Kolkata, West Bengal",7.2
CAND_0021718,0.6659,0.684,0.3333,0.85,0.866,Accountant,Hooli,"Chandigarh, Chandigarh",9.0
CAND_0006553,0.6659,0.7168,0.0833,1.0,0.971,Senior Software Engineer,Pied Piper,"Delhi, Delhi",7.0
CAND_0052585,0.6659,0.7204,0.4167,0.7,0.848,Operations Manager,Initech,Berlin,6.2
CAND_0036484,0.6659,0.7607,0.1667,0.85,0.94,AI Research Engineer,InMobi,"Kolkata, West Bengal",5.7
CAND_0014609,0.6658,0.7107,0.0833,1.0,0.981,Data Engineer,Wayne Enterprises,"Delhi, Delhi",7.4
CAND_0099298,0.6658,0.7425,0.3333,0.85,0.763,Customer Support,Hooli,"Kochi, Kerala",8.3
CAND_0073139,0.6658,0.7552,0.25,0.8,0.895,ML Engineer,Rephrase.ai,"Bangalore, Karnataka",4.6
CAND_0020845,0.6658,0.7803,0.1667,0.85,0.905,AI Research Engineer,Swiggy,"Vizag, Andhra Pradesh",7.0
CAND_0085744,0.6657,0.7394,0.25,1.0,0.722,Senior Software Engineer,Stark Industries,"Noida, Uttar Pradesh",7.4
CAND_0001450,0.6657,0.6948,0.25,0.8,1.0,HR Manager,Wayne Enterprises,"Noida, Uttar Pradesh",9.6
CAND_0093282,0.6657,0.7363,0.4167,0.6,0.919,Customer Support,Pied Piper,"Bangalore, Karnataka",14.2
CAND_0041236,0.6656,0.6948,0.1667,1.0,0.904,Data Engineer,Vedantu,"Noida, Uttar Pradesh",5.5
CAND_0043024,0.6656,0.6995,0.0833,1.0,1.0,Civil Engineer,Wayne Enterprises,"Bangalore, Karnataka",6.3
CAND_0075010,0.6656,0.7207,0.3333,0.65,1.0,Operations Manager,Wayne Enterprises,"Kolkata, West Bengal",9.4
CAND_0093767,0.6655,0.7062,0.3333,1.0,0.675,HR Manager,Dunder Mifflin,"Noida, Uttar Pradesh",5.9
CAND_0021759,0.6655,0.6658,0.25,0.85,1.0,Frontend Engineer,Dunder Mifflin,"Coimbatore, Tamil Nadu",8.0
CAND_0093839,0.6655,0.6887,0.1667,1.0,0.914,Software Engineer,Pied Piper,"Delhi, Delhi",5.4
CAND_0045900,0.6655,0.7062,0.4167,0.65,0.921,Customer Support,Globex Inc,"Ahmedabad, Gujarat",4.4
CAND_0053527,0.6655,0.7316,0.0833,1.0,0.943,Junior ML Engineer,PhonePe,"Bangalore, Karnataka",7.0
CAND_0001086,0.6654,0.7306,0.1667,0.85,0.99,Senior Software Engineer,Dunder Mifflin,"Vizag, Andhra Pradesh",8.0
CAND_0008407,0.6653,0.7121,0.25,1.0,0.768,Customer Support,Pied Piper,"Delhi, Delhi",7.7
CAND_0073804,0.6653,0.6984,0.0833,1.0,1.0,Analytics Engineer,Hooli,"Mumbai, Maharashtra",7.2
CAND_0075090,0.6653,0.698,0.4167,0.6,0.984,Project Manager,Pied Piper,"Hyderabad, Telangana",3.2
CAND_0089211,0.6653,0.737,0.3333,0.8,0.82,AI Specialist,Yellow.ai,"Noida, Uttar Pradesh",4.4
CAND_0050291,0.6653,0.732,0.25,0.85,0.883,Senior Software Engineer,Zomato,"Indore, Madhya Pradesh",5.9
CAND_0056783,0.6653,0.7312,0.3333,0.65,0.98,Content Writer,Pied Piper,"Chandigarh, Chandigarh",10.5
CAND_0020991,0.6653,0.7406,0.3333,0.65,0.964,Junior ML Engineer,PhonePe,"Vizag, Andhra Pradesh",4.9
CAND_0035119,0.6652,0.7014,0.3333,0.85,0.832,Operations Manager,Globex Inc,"Coimbatore, Tamil Nadu",6.6
CAND_0098690,0.6652,0.7186,0.3333,0.85,0.802,Software Engineer,Wayne Enterprises,"Gurgaon, Haryana",5.6
CAND_0021350,0.6652,0.7321,0.3333,0.8,0.828,Project Manager,Acme Corp,"Bangalore, Karnataka",10.7
CAND_0023515,0.6652,0.7314,0.4167,0.65,0.875,Customer Support,Hooli,"Trivandrum, Kerala",9.5
CAND_0038949,0.6651,0.7212,0.25,0.85,0.901,ML Engineer,CRED,"Bhubaneswar, Odisha",6.4
CAND_0035764,0.6651,0.7708,0.25,0.85,0.814,Senior Software Engineer (ML),Zomato,"Kochi, Kerala",6.8
CAND_0084796,0.665,0.7037,0.25,1.0,0.781,HR Manager,Hooli,"Hyderabad, Telangana",5.2
CAND_0033978,0.665,0.7376,0.1667,1.0,0.826,Senior Data Engineer,Ola,"Noida, Uttar Pradesh",6.3
CAND_0032584,0.665,0.7259,0.25,0.85,0.892,Senior Data Engineer,PharmEasy,"Chandigarh, Chandigarh",7.8
CAND_0002697,0.665,0.7453,0.4167,0.5,1.0,Customer Support,Initech,Berlin,9.1
CAND_0003791,0.6648,0.7505,0.25,0.7,0.998,ML Engineer,Meesho,San Francisco,6.6
CAND_0026208,0.6647,0.6967,0.0833,1.0,1.0,Analytics Engineer,Mphasis,"Mumbai, Maharashtra",6.6
CAND_0031152,0.6646,0.7198,0.25,1.0,0.751,Civil Engineer,Globex Inc,"Bangalore, Karnataka",8.3
CAND_0003100,0.6646,0.7499,0.25,1.0,0.698,AI Specialist,Verloop.io,"Delhi, Delhi",5.5
CAND_0028287,0.6646,0.7318,0.25,0.85,0.88,Data Scientist,Unacademy,"Vizag, Andhra Pradesh",5.7
CAND_0026424,0.6646,0.7362,0.4167,0.7,0.814,Senior Software Engineer (ML),Razorpay,San Francisco,5.6
CAND_0033842,0.6646,0.7788,0.1667,0.85,0.902,Senior Software Engineer (ML),Rephrase.ai,"Gurgaon, Haryana",5.8
CAND_0045328,0.6644,0.6687,0.3333,1.0,0.735,.NET Developer,Mphasis,"Bangalore, Karnataka",8.8
CAND_0026942,0.6644,0.722,0.1667,0.85,1.0,Junior ML Engineer,Verloop.io,"Chandigarh, Chandigarh",6.0
CAND_0079845,0.6643,0.6714,0.1667,1.0,0.938,Backend Engineer,Wayne Enterprises,"Delhi, Delhi",6.1
CAND_0091836,0.6643,0.7147,0.3333,0.85,0.804,HR Manager,Pied Piper,"Indore, Madhya Pradesh",6.1
CAND_0059577,0.6643,0.7003,0.4167,0.65,0.925,Mechanical Engineer,Initech,"Indore, Madhya Pradesh",9.8
CAND_0005821,0.6642,0.6717,0.1667,1.0,0.937,Frontend Engineer,Mphasis,"Hyderabad, Telangana",8.2
CAND_0079479,0.6642,0.6734,0.1667,1.0,0.934,Mobile Developer,Razorpay,"Delhi, Delhi",8.9
CAND_0066420,0.6642,0.6833,0.1667,1.0,0.917,.NET Developer,Mindtree,"Bangalore, Karnataka",6.5
CAND_0043351,0.6642,0.6876,0.3333,0.85,0.851,Content Writer,Globex Inc,"Bhubaneswar, Odisha",5.8
CAND_0091341,0.6642,0.7053,0.4167,0.85,0.716,Marketing Manager,Globex Inc,"Gurgaon, Haryana",6.5
CAND_0093050,0.6641,0.6918,0.4167,0.85,0.739,Operations Manager,Stark Industries,"Jaipur, Rajasthan",8.5
CAND_0020179,0.6641,0.6977,0.3333,0.8,0.883,Project Manager,Pied Piper,"Hyderabad, Telangana",10.5
CAND_0062124,0.664,0.7148,0.4167,0.85,0.698,HR Manager,Initech,"Kolkata, West Bengal",8.9
CAND_0081328,0.664,0.6823,0.4167,0.7,0.905,Sales Executive,Initech,Sydney,7.7
CAND_0083852,0.664,0.6873,0.25,0.85,0.955,Data Scientist,Mad Street Den,"Ahmedabad, Gujarat",6.0
CAND_0063306,0.664,0.7041,0.3333,0.7,0.971,Business Analyst,Acme Corp,Berlin,5.5
CAND_0035864,0.6639,0.6856,0.3333,0.85,0.853,Analytics Engineer,Hooli,"Indore, Madhya Pradesh",8.0
CAND_0095150,0.6639,0.6794,0.25,0.85,0.968,.NET Developer,Globex Inc,"Gurgaon, Haryana",7.5
CAND_0007198,0.6639,0.7095,0.4167,0.7,0.857,Content Writer,Acme Corp,Austin,8.0
CAND_0001493,0.6639,0.7289,0.0833,1.0,0.94,Data Engineer,Hooli,"Pune, Maharashtra",6.2
CAND_0065878,0.6639,0.7801,0.0833,0.85,1.0,Senior Data Scientist,Niramai,"Trivandrum, Kerala",7.8
CAND_0099346,0.6638,0.6957,0.3333,0.85,0.835,HR Manager,Initech,"Kochi, Kerala",5.5
CAND_0024139,0.6638,0.7031,0.1667,1.0,0.88,QA Engineer,CRED,"Hyderabad, Telangana",7.4
CAND_0053772,0.6638,0.7459,0.3333,0.85,0.747,Customer Support,Initech,"Indore, Madhya Pradesh",5.2
CAND_0054546,0.6638,0.7626,0.1667,0.8,0.976,AI Research Engineer,Razorpay,"Pune, Maharashtra",4.9
CAND_0001930,0.6638,0.7805,0.1667,0.85,0.895,Senior Software Engineer (ML),Dream11,"Kolkata, West Bengal",6.9
CAND_0066457,0.6637,0.6942,0.3333,0.8,0.887,Project Manager,Hooli,"Pune, Maharashtra",9.5
CAND_0089491,0.6637,0.7158,0.3333,0.85,0.799,Sales Executive,Pied Piper,"Chandigarh, Chandigarh",6.2
CAND_0082489,0.6637,0.7387,0.25,1.0,0.713,ML Engineer,InMobi,"Noida, Uttar Pradesh",5.3
CAND_0013814,0.6636,0.719,0.4167,1.0,0.539,Customer Support,Hooli,"Pune, Maharashtra",5.0
CAND_0084036,0.6636,0.6813,0.3333,0.85,0.859,Accountant,Globex Inc,"Vizag, Andhra Pradesh",5.8
CAND_0003557,0.6636,0.7511,0.25,0.85,0.841,ML Engineer,Krutrim,"Chandigarh, Chandigarh",6.8
CAND_0004650,0.6635,0.6699,0.1667,1.0,0.937,.NET Developer,Zomato,"Pune, Maharashtra",8.0
CAND_0033451,0.6635,0.7039,0.4167,0.85,0.715,HR Manager,Initech,"Ahmedabad, Gujarat",6.1
CAND_0044407,0.6634,0.6871,0.3333,0.8,0.898,Graphic Designer,Pied Piper,"Bangalore, Karnataka",10.2
CAND_0020107,0.6634,0.6991,0.25,0.85,0.931,Content Writer,Initech,"Bhubaneswar, Odisha",8.6
CAND_0051970,0.6634,0.7192,0.1667,0.85,1.0,Analytics Engineer,Freshworks,"Coimbatore, Tamil Nadu",6.4
CAND_0091691,0.6634,0.727,0.3333,0.7,0.928,Mechanical Engineer,Stark Industries,San Francisco,5.6
CAND_0040576,0.6633,0.6473,0.25,1.0,0.871,Java Developer,Mphasis,"Bangalore, Karnataka",8.6
CAND_0021797,0.6633,0.676,0.1667,1.0,0.925,.NET Developer,CRED,"Noida, Uttar Pradesh",7.3
CAND_0010207,0.6633,0.7067,0.3333,0.85,0.813,HR Manager,Stark Industries,"Vizag, Andhra Pradesh",5.9
CAND_0038832,0.6633,0.6928,0.0833,1.0,1.0,QA Engineer,Initech,"Delhi, Delhi",6.9
CAND_0042620,0.6633,0.7039,0.25,0.85,0.922,Software Engineer,Acme Corp,"Indore, Madhya Pradesh",7.5
CAND_0062009,0.6633,0.7292,0.1667,1.0,0.832,Junior ML Engineer,Freshworks,"Bangalore, Karnataka",5.9
CAND_0019149,0.6633,0.7463,0.25,0.85,0.848,Senior Data Engineer,CRED,"Gurgaon, Haryana",5.7
CAND_0031936,0.6633,0.7302,0.3333,0.7,0.922,Civil Engineer,TCS,"Mumbai, Maharashtra",6.7
CAND_0054859,0.6633,0.7598,0.0833,1.0,0.883,Senior Software Engineer (ML),Ola,"Noida, Uttar Pradesh",6.9
CAND_0001434,0.6632,0.6408,0.1667,1.0,0.986,Mobile Developer,Hooli,"Pune, Maharashtra",7.4
CAND_0073812,0.6632,0.719,0.3333,1.0,0.641,Business Analyst,Stark Industries,"Mumbai, Maharashtra",6.9
CAND_0023478,0.6632,0.7305,0.3333,1.0,0.621,Mechanical Engineer,Globex Inc,"Hyderabad, Telangana",5.3
CAND_0064221,0.6632,0.7232,0.3333,0.85,0.784,Project Manager,Pied Piper,"Kochi, Kerala",8.3
CAND_0077881,0.6632,0.7482,0.3333,0.8,0.79,Junior ML Engineer,Dream11,"Mumbai, Maharashtra",4.6
CAND_0041918,0.6632,0.7411,0.1667,0.85,0.961,AI Specialist,Glance,"Ahmedabad, Gujarat",5.7
CAND_0072531,0.6631,0.7034,0.3333,1.0,0.668,Content Writer,Initech,"Mumbai, Maharashtra",5.7
CAND_0026206,0.6631,0.6737,0.1667,1.0,0.928,Cloud Engineer,Acme Corp,"Hyderabad, Telangana",8.9
CAND_0007994,0.6631,0.7291,0.1667,1.0,0.831,Software Engineer,Razorpay,"Mumbai, Maharashtra",6.6
CAND_0096192,0.6631,0.724,0.25,0.85,0.886,Sales Executive,Pied Piper,"Kochi, Kerala",5.6
CAND_0023403,0.663,0.6821,0.1667,1.0,0.913,QA Engineer,Initech,"Delhi, Delhi",7.3
CAND_0024289,0.663,0.723,0.4167,0.7,0.829,Operations Manager,Wayne Enterprises,Sydney,7.1
CAND_0011787,0.6629,0.7061,0.3333,1.0,0.662,Civil Engineer,Wayne Enterprises,"Bangalore, Karnataka",5.6
CAND_0050738,0.6629,0.6995,0.0833,1.0,0.986,Accountant,Hooli,"Pune, Maharashtra",5.4
CAND_0018961,0.6629,0.7566,0.25,1.0,0.678,AI Specialist,Wysa,"Bangalore, Karnataka",5.0
CAND_0023541,0.6629,0.7534,0.1667,0.85,0.938,AI Specialist,Sarvam AI,"Bhubaneswar, Odisha",5.0
CAND_0042501,0.6628,0.6926,0.4167,0.85,0.731,Content Writer,Hooli,"Bhubaneswar, Odisha",7.6
CAND_0027874,0.6628,0.6715,0.3333,0.8,0.922,Content Writer,Pied Piper,"Noida, Uttar Pradesh",10.2
CAND_0095727,0.6628,0.7221,0.25,1.0,0.738,HR Manager,Initech,"Hyderabad, Telangana",8.7
CAND_0003871,0.6628,0.7175,0.1667,0.85,1.0,Customer Support,Wayne Enterprises,"Chennai, Tamil Nadu",7.7
CAND_0053217,0.6627,0.68,0.25,1.0,0.811,.NET Developer,Wayne Enterprises,"Delhi, Delhi",5.7
CAND_0033310,0.6627,0.7005,0.3333,1.0,0.671,Mechanical Engineer,Pied Piper,"Bangalore, Karnataka",7.6
CAND_0044106,0.6627,0.6912,0.0833,1.0,1.0,Accountant,Wayne Enterprises,"Delhi, Delhi",5.1
CAND_0037177,0.6627,0.7204,0.3333,0.85,0.786,Accountant,Acme Corp,"Kolkata, West Bengal",5.2
CAND_0076778,0.6627,0.7304,0.0833,1.0,0.931,Software Engineer,Globex Inc,"Bangalore, Karnataka",7.3
CAND_0076596,0.6627,0.7197,0.4167,0.65,0.883,Business Analyst,Globex Inc,"Jaipur, Rajasthan",4.2
CAND_0098445,0.6627,0.734,0.0833,1.0,0.925,Data Engineer,Mindtree,"Mumbai, Maharashtra",5.0
CAND_0060468,0.6626,0.7375,0.1667,1.0,0.814,Computer Vision Engineer,BYJU'S,"Noida, Uttar Pradesh",6.4
CAND_0066179,0.6626,0.7614,0.25,0.8,0.868,Senior Software Engineer,Vedantu,"Pune, Maharashtra",4.2
CAND_0039838,0.6626,0.7464,0.3333,0.65,0.94,Recommendation Systems Engineer,Amazon,"Kochi, Kerala",4.9
CAND_0053300,0.6625,0.657,0.25,0.85,1.0,Data Analyst,Dream11,"Kochi, Kerala",7.4
CAND_0075784,0.6625,0.7039,0.4167,0.85,0.71,Marketing Manager,Acme Corp,"Jaipur, Rajasthan",5.5
CAND_0068809,0.6625,0.6905,0.0833,1.0,1.0,Software Engineer,Hooli,"Mumbai, Maharashtra",8.4
CAND_0065890,0.6625,0.6856,0.25,0.8,1.0,Business Analyst,Dunder Mifflin,"Noida, Uttar Pradesh",4.0
CAND_0020372,0.6625,0.6923,0.4167,0.6,0.98,Marketing Manager,Stark Industries,"Pune, Maharashtra",13.4
CAND_0005460,0.6625,0.723,0.0833,1.0,0.943,Backend Engineer,Meesho,"Hyderabad, Telangana",7.0
CAND_0073504,0.6625,0.7167,0.1667,0.85,1.0,Junior ML Engineer,PolicyBazaar,"Gurgaon, Haryana",6.6
CAND_0033987,0.6625,0.7403,0.0833,1.0,0.913,ML Engineer,Wysa,"Delhi, Delhi",6.8
CAND_0021265,0.6624,0.6738,0.4167,0.65,0.962,Accountant,Wayne Enterprises,"Chennai, Tamil Nadu",4.8
CAND_0069113,0.6624,0.6903,0.0833,1.0,1.0,Analytics Engineer,Paytm,"Delhi, Delhi",7.6
CAND_0099626,0.6623,0.6959,0.3333,1.0,0.677,Business Analyst,Hooli,"Mumbai, Maharashtra",6.2
CAND_0059324,0.6623,0.722,0.4167,0.65,0.877,Project Manager,Dunder Mifflin,"Kochi, Kerala",4.8
CAND_0068398,0.6622,0.7175,0.1667,1.0,0.847,Senior Data Engineer,Vedantu,"Delhi, Delhi",5.0
CAND_0085706,0.6622,0.7446,0.0833,1.0,0.904,Senior Software Engineer,Flipkart,"Mumbai, Maharashtra",7.7
CAND_0001302,0.6622,0.742,0.25,0.7,1.0,Computer Vision Engineer,Paytm,Sydney,5.8
CAND_0062729,0.6621,0.6821,0.4167,1.0,0.596,Content Writer,Acme Corp,"Hyderabad, Telangana",5.8
CAND_0091927,0.6621,0.6863,0.1667,1.0,0.901,Software Engineer,Razorpay,"Delhi, Delhi",7.9
CAND_0024309,0.6621,0.6902,0.3333,0.85,0.836,Mechanical Engineer,Hooli,"Coimbatore, Tamil Nadu",6.0
CAND_0026307,0.6621,0.7109,0.25,1.0,0.754,Senior Data Engineer,Dunder Mifflin,"Delhi, Delhi",6.1
CAND_0058352,0.6621,0.7368,0.4167,0.85,0.65,Content Writer,Hooli,"Indore, Madhya Pradesh",7.9
CAND_0069643,0.6621,0.7479,0.1667,0.85,0.943,Senior Software Engineer,Vedantu,"Jaipur, Rajasthan",7.1
CAND_0015065,0.6621,0.7667,0.3333,0.6,0.952,AI Research Engineer,Flipkart,"Delhi, Delhi",3.9
CAND_0030874,0.662,0.682,0.25,1.0,0.804,Frontend Engineer,Globex Inc,"Delhi, Delhi",7.3
CAND_0017387,0.662,0.7171,0.4167,0.8,0.734,Content Writer,Wayne Enterprises,"Pune, Maharashtra",10.5
CAND_0035195,0.662,0.7315,0.4167,0.85,0.659,Business Analyst,Wayne Enterprises,"Chandigarh, Chandigarh",5.9
CAND_0047327,0.662,0.7218,0.3333,0.85,0.78,Junior ML Engineer,Vedantu,"Gurgaon, Haryana",5.0
CAND_0082520,0.662,0.7269,0.4167,0.7,0.817,Sales Executive,Globex Inc,Seattle,6.4
CAND_0001081,0.662,0.7524,0.0833,1.0,0.889,Senior Data Engineer,CRED,"Hyderabad, Telangana",5.2
CAND_0008202,0.662,0.7985,0.25,0.85,0.75,Senior Software Engineer (ML),Yellow.ai,"Vizag, Andhra Pradesh",5.7
CAND_0032270,0.6619,0.7101,0.5,0.65,0.792,Data Scientist,Tech Mahindra,"Vizag, Andhra Pradesh",4.4
CAND_0041016,0.6619,0.7232,0.0833,1.0,0.94,Junior ML Engineer,Zomato,"Bangalore, Karnataka",5.2
CAND_0015493,0.6619,0.7208,0.1667,0.85,0.99,Data Scientist,CRED,"Vizag, Andhra Pradesh",6.4
CAND_0021472,0.6618,0.7068,0.4167,0.85,0.701,HR Manager,Dunder Mifflin,"Jaipur, Rajasthan",5.9
CAND_0023568,0.6618,0.6886,0.0833,1.0,1.0,Customer Support,Stark Industries,"Delhi, Delhi",9.0
CAND_0035653,0.6618,0.7094,0.25,0.85,0.905,Data Scientist,Swiggy,"Indore, Madhya Pradesh",5.6
CAND_0013097,0.6618,0.748,0.0,1.0,1.0,Senior Software Engineer,Meesho,"Hyderabad, Telangana",6.3
CAND_0043125,0.6618,0.7524,0.1667,0.85,0.934,Senior Software Engineer (ML),Rephrase.ai,"Kolkata, West Bengal",5.3
CAND_0037433,0.6617,0.6885,0.3333,0.85,0.837,Software Engineer,PolicyBazaar,"Vizag, Andhra Pradesh",6.6
CAND_0044658,0.6617,0.6883,0.0833,1.0,1.0,Business Analyst,Acme Corp,"Delhi, Delhi",6.9
CAND_0062462,0.6617,0.733,0.25,1.0,0.713,Computer Vision Engineer,Tech Mahindra,"Noida, Uttar Pradesh",5.0
CAND_0051619,0.6617,0.7167,0.1667,1.0,0.846,Data Engineer,Flipkart,"Bangalore, Karnataka",5.6
CAND_0041696,0.6617,0.7578,0.0833,1.0,0.878,Senior Software Engineer (ML),Saarthi.ai,"Hyderabad, Telangana",6.2
CAND_0030953,0.6617,0.7755,0.25,0.85,0.789,Search Engineer,Nykaa,"Chennai, Tamil Nadu",7.8
CAND_0071353,0.6616,0.6557,0.1667,1.0,0.952,Full Stack Developer,Mindtree,"Delhi, Delhi",6.7
CAND_0058548,0.6616,0.714,0.3333,0.85,0.792,Graphic Designer,Stark Industries,"Ahmedabad, Gujarat",7.2
CAND_0033562,0.6616,0.7254,0.3333,0.8,0.822,Mechanical Engineer,Acme Corp,"Mumbai, Maharashtra",4.6
CAND_0029971,0.6616,0.7237,0.1667,0.85,0.983,Junior ML Engineer,InMobi,"Trivandrum, Kerala",5.4
CAND_0034857,0.6615,0.6913,0.4167,0.85,0.727,Graphic Designer,Pied Piper,"Gurgaon, Haryana",5.2
CAND_0048238,0.6615,0.7204,0.3333,1.0,0.63,Graphic Designer,Globex Inc,"Noida, Uttar Pradesh",7.7
CAND_0014783,0.6615,0.6915,0.3333,0.8,0.881,Analytics Engineer,Mphasis,"Bangalore, Karnataka",4.6
CAND_0052518,0.6615,0.7073,0.3333,0.8,0.853,HR Manager,Globex Inc,"Noida, Uttar Pradesh",4.5
CAND_0010204,0.6615,0.7137,0.1667,0.85,1.0,Backend Engineer,upGrad,"Trivandrum, Kerala",7.0
CAND_0080051,0.6615,0.7138,0.1667,0.85,1.0,Data Scientist,Niramai,"Gurgaon, Haryana",5.2
CAND_0018652,0.6615,0.7286,0.3333,0.7,0.916,Project Manager,TCS,"Pune, Maharashtra",6.6
CAND_0088441,0.6615,0.7606,0.25,0.85,0.814,AI Specialist,Sarvam AI,"Coimbatore, Tamil Nadu",6.5
CAND_0039868,0.6614,0.662,0.1667,1.0,0.94,DevOps Engineer,Wayne Enterprises,"Hyderabad, Telangana",7.1
CAND_0033625,0.6614,0.6998,0.25,0.85,0.92,Project Manager,Globex Inc,"Jaipur, Rajasthan",5.7
CAND_0067090,0.6614,0.7125,0.4167,0.65,0.889,HR Manager,Stark Industries,"Vizag, Andhra Pradesh",9.3
CAND_0015726,0.6614,0.7254,0.25,0.8,0.925,Project Manager,Stark Industries,"Bangalore, Karnataka",4.1
CAND_0022127,0.6614,0.7375,0.1667,0.85,0.958,Computer Vision Engineer,Rephrase.ai,"Kolkata, West Bengal",5.5
CAND_0097567,0.6614,0.7468,0.0,1.0,1.0,Software Engineer,PharmEasy,"Bangalore, Karnataka",6.3
CAND_0096116,0.6613,0.7292,0.3333,1.0,0.614,Project Manager,Wayne Enterprises,"Bangalore, Karnataka",7.2
CAND_0089225,0.6613,0.7175,0.4167,0.65,0.88,Business Analyst,Acme Corp,"Vizag, Andhra Pradesh",4.4
CAND_0061674,0.6613,0.732,0.25,0.8,0.913,Senior Data Engineer,Nykaa,"Mumbai, Maharashtra",4.7
CAND_0098846,0.6613,0.7809,0.0833,0.85,0.986,AI Engineer,upGrad,"Indore, Madhya Pradesh",7.6
CAND_0085078,0.6612,0.7308,0.0833,1.0,0.923,Senior Software Engineer,Mindtree,"Mumbai, Maharashtra",6.7
CAND_0046132,0.6612,0.7414,0.1667,0.8,1.0,AI Research Engineer,Verloop.io,"Noida, Uttar Pradesh",4.3
CAND_0057462,0.6611,0.6532,0.25,0.85,1.0,Java Developer,Swiggy,"Jaipur, Rajasthan",5.2
CAND_0066350,0.6611,0.6942,0.25,1.0,0.778,Analytics Engineer,PharmEasy,"Hyderabad, Telangana",6.4
CAND_0031043,0.6611,0.7252,0.3333,1.0,0.62,Sales Executive,Globex Inc,"Delhi, Delhi",6.2
CAND_0081779,0.6611,0.6931,0.3333,0.85,0.826,Accountant,Dunder Mifflin,"Coimbatore, Tamil Nadu",6.8
CAND_0011084,0.6611,0.6861,0.4167,0.65,0.934,HR Manager,Hooli,"Coimbatore, Tamil Nadu",4.6
CAND_0029552,0.6611,0.7273,0.4167,0.65,0.862,Civil Engineer,Dunder Mifflin,"Gurgaon, Haryana",10.5
CAND_0016657,0.6611,0.7664,0.1667,1.0,0.756,AI Research Engineer,PhonePe,"Delhi, Delhi",5.3
CAND_0032089,0.6611,0.7343,0.1667,0.85,0.962,ML Engineer,Saarthi.ai,"Trivandrum, Kerala",6.6
CAND_0084354,0.661,0.6945,0.4167,0.85,0.719,Accountant,Pied Piper,"Chennai, Tamil Nadu",6.3
CAND_0098438,0.661,0.6913,0.1667,1.0,0.887,Data Engineer,Freshworks,"Pune, Maharashtra",6.4
CAND_0095361,0.661,0.6953,0.1667,1.0,0.88,QA Engineer,Acme Corp,"Hyderabad, Telangana",8.4
CAND_0001297,0.661,0.6861,0.0833,1.0,1.0,Project Manager,Acme Corp,"Hyderabad, Telangana",5.0
CAND_0075279,0.661,0.7316,0.4167,0.8,0.704,Content Writer,Acme Corp,"Delhi, Delhi",10.7
CAND_0005488,0.661,0.7583,0.0833,1.0,0.874,Senior Software Engineer,BYJU'S,"Hyderabad, Telangana",5.3
CAND_0020017,0.661,0.7463,0.0,1.0,0.999,Senior Software Engineer,Unacademy,"Bangalore, Karnataka",7.0
CAND_0074921,0.661,0.7518,0.1667,0.85,0.931,Senior Data Engineer,Stark Industries,"Coimbatore, Tamil Nadu",5.3
CAND_0036474,0.6609,0.6708,0.1667,1.0,0.922,Analytics Engineer,Mindtree,"Hyderabad, Telangana",6.6
CAND_0012251,0.6609,0.6859,0.0833,1.0,1.0,Cloud Engineer,Zomato,"Delhi, Delhi",6.3
CAND_0082476,0.6609,0.7171,0.3333,0.85,0.783,Operations Manager,Pied Piper,"Trivandrum, Kerala",5.9
CAND_0039630,0.6609,0.7238,0.3333,0.85,0.771,Business Analyst,Pied Piper,"Coimbatore, Tamil Nadu",8.1
CAND_0025810,0.6609,0.6912,0.4167,0.6,0.974,Project Manager,Acme Corp,"Hyderabad, Telangana",1.9
CAND_0080462,0.6608,0.6553,0.1667,1.0,0.949,Java Developer,Mphasis,"Bangalore, Karnataka",6.9
CAND_0041376,0.6608,0.7022,0.0833,1.0,0.971,Data Analyst,PharmEasy,"Delhi, Delhi",6.9
CAND_0084584,0.6608,0.7412,0.4167,0.85,0.636,Operations Manager,Wayne Enterprises,"Gurgaon, Haryana",6.4
CAND_0054318,0.6608,0.7619,0.4167,0.45,1.0,AI Research Engineer,BYJU'S,"Chandigarh, Chandigarh",3.5
CAND_0064682,0.6607,0.7,0.3333,1.0,0.662,Content Writer,Acme Corp,"Mumbai, Maharashtra",6.1
CAND_0071202,0.6607,0.705,0.3333,0.8,0.853,Content Writer,Dunder Mifflin,"Hyderabad, Telangana",10.8
CAND_0098108,0.6607,0.7048,0.0833,1.0,0.966,Software Engineer,Swiggy,"Mumbai, Maharashtra",5.0
CAND_0082929,0.6606,0.6425,0.25,1.0,0.866,DevOps Engineer,Dunder Mifflin,"Bangalore, Karnataka",5.9
CAND_0077351,0.6606,0.7166,0.4167,0.85,0.678,Business Analyst,Initech,"Jaipur, Rajasthan",5.8
CAND_0028307,0.6606,0.685,0.0833,1.0,1.0,HR Manager,Initech,"Delhi, Delhi",5.9
CAND_0040650,0.6606,0.7077,0.3333,0.85,0.798,Graphic Designer,Dunder Mifflin,"Chandigarh, Chandigarh",7.5
CAND_0056262,0.6606,0.7424,0.3333,1.0,0.587,Junior ML Engineer,Swiggy,"Bangalore, Karnataka",6.0
CAND_0019389,0.6606,0.7121,0.4167,0.7,0.836,Content Writer,Wayne Enterprises,Austin,5.7
CAND_0077261,0.6606,0.7707,0.0833,0.85,1.0,AI Specialist,Meesho,"Chandigarh, Chandigarh",5.7
CAND_0046593,0.6605,0.688,0.3333,0.85,0.832,Mechanical Engineer,Wayne Enterprises,"Chennai, Tamil Nadu",8.6
CAND_0070662,0.6605,0.6892,0.25,0.85,0.934,Frontend Engineer,Dunder Mifflin,"Coimbatore, Tamil Nadu",7.9
CAND_0078986,0.6605,0.7213,0.1667,1.0,0.832,Analytics Engineer,Mphasis,"Noida, Uttar Pradesh",7.7
CAND_0029135,0.6605,0.7705,0.0833,0.85,1.0,AI Specialist,Meesho,"Ahmedabad, Gujarat",5.8
CAND_0092568,0.6605,0.7847,0.25,0.7,0.917,AI Specialist,TCS,"Noida, Uttar Pradesh",5.7
CAND_0062355,0.6604,0.6845,0.0833,1.0,1.0,Software Engineer,Mindtree,"Noida, Uttar Pradesh",7.5
CAND_0068235,0.6604,0.6846,0.0833,1.0,1.0,.NET Developer,Mindtree,"Bangalore, Karnataka",5.7
CAND_0016868,0.6604,0.7192,0.1667,1.0,0.835,Senior Software Engineer,Mphasis,"Pune, Maharashtra",6.5
CAND_0058146,0.6604,0.7442,0.25,0.85,0.837,AI Research Engineer,PolicyBazaar,"Ahmedabad, Gujarat",5.1
CAND_0087783,0.6604,0.7883,0.3333,0.85,0.656,Senior Software Engineer (ML),Meesho,"Coimbatore, Tamil Nadu",6.7
CAND_0090347,0.6603,0.6508,0.25,0.85,1.0,Java Developer,Dunder Mifflin,"Coimbatore, Tamil Nadu",5.9
CAND_0003382,0.6603,0.6956,0.0833,1.0,0.98,Accountant,Hooli,"Pune, Maharashtra",6.2
CAND_0001961,0.6603,0.7396,0.1667,1.0,0.799,Senior Data Engineer,Nykaa,"Noida, Uttar Pradesh",6.8
CAND_0073208,0.6602,0.7143,0.4167,0.65,0.88,Content Writer,Pied Piper,"Kochi, Kerala",11.0
CAND_0005808,0.6602,0.7447,0.3333,0.85,0.731,Senior Data Engineer,Pied Piper,"Vizag, Andhra Pradesh",6.4
CAND_0080280,0.6601,0.6899,0.0833,1.0,0.989,QA Engineer,Zomato,"Delhi, Delhi",7.4
CAND_0038282,0.6601,0.7278,0.4167,0.85,0.656,Content Writer,Wayne Enterprises,"Ahmedabad, Gujarat",9.0
CAND_0017269,0.6601,0.7159,0.3333,0.85,0.781,Project Manager,Dunder Mifflin,"Kolkata, West Bengal",6.8
CAND_0053422,0.6601,0.7538,0.1667,0.85,0.923,Data Scientist,Aganitha,"Vizag, Andhra Pradesh",6.8
CAND_0040553,0.66,0.6927,0.4167,0.85,0.717,Project Manager,Acme Corp,"Vizag, Andhra Pradesh",7.0
CAND_0055548,0.66,0.7009,0.3333,0.85,0.807,Civil Engineer,Hooli,"Coimbatore, Tamil Nadu",8.4
CAND_0091920,0.66,0.7278,0.1667,0.85,0.968,Analytics Engineer,Zoho,"Kolkata, West Bengal",5.0
CAND_0078546,0.66,0.7376,0.1667,0.85,0.951,Data Engineer,Dunder Mifflin,"Chandigarh, Chandigarh",5.7
CAND_0076959,0.66,0.7358,0.25,0.7,1.0,Software Engineer,Zoho,Austin,7.6
CAND_0051820,0.6599,0.6698,0.1667,1.0,0.919,Cloud Engineer,Mphasis,"Noida, Uttar Pradesh",8.4
CAND_0061292,0.6599,0.7131,0.25,0.85,0.889,Operations Manager,Initech,"Coimbatore, Tamil Nadu",6.6
CAND_0011759,0.6599,0.7201,0.25,0.85,0.877,Senior Software Engineer,Paytm,"Jaipur, Rajasthan",6.7
CAND_0027237,0.6598,0.7059,0.25,1.0,0.751,Sales Executive,Stark Industries,"Pune, Maharashtra",7.7
CAND_0077671,0.6598,0.6919,0.1667,1.0,0.88,Frontend Engineer,Flipkart,"Noida, Uttar Pradesh",7.3
CAND_0003408,0.6598,0.7098,0.4167,0.85,0.686,Accountant,Hooli,"Kolkata, West Bengal",8.5
CAND_0081944,0.6598,0.6797,0.25,0.85,0.947,Backend Engineer,Swiggy,"Indore, Madhya Pradesh",5.7
CAND_0088965,0.6598,0.7184,0.3333,0.85,0.775,Civil Engineer,Wayne Enterprises,"Bhubaneswar, Odisha",6.6
CAND_0088335,0.6598,0.7346,0.1667,1.0,0.805,AI Research Engineer,Tech Mahindra,"Noida, Uttar Pradesh",6.4
CAND_0033520,0.6598,0.7181,0.1667,0.85,0.984,Senior Data Engineer,Flipkart,"Kochi, Kerala",6.5
CAND_0061189,0.6597,0.7006,0.25,0.85,0.91,Customer Support,Wayne Enterprises,"Gurgaon, Haryana",8.9
CAND_0012397,0.6597,0.7041,0.3333,0.65,1.0,Business Analyst,Dunder Mifflin,"Gurgaon, Haryana",9.5
CAND_0050476,0.6597,0.7278,0.3333,0.7,0.908,HR Manager,Dunder Mifflin,Sydney,5.3
CAND_0031752,0.6597,0.7395,0.1667,0.85,0.946,ML Engineer,Unacademy,"Kolkata, West Bengal",5.0
CAND_0049543,0.6596,0.7202,0.3333,0.85,0.771,ML Engineer,PolicyBazaar,"Kolkata, West Bengal",6.1
CAND_0017552,0.6596,0.7063,0.4167,0.7,0.841,Project Manager,Pied Piper,Austin,7.6
CAND_0071941,0.6595,0.6773,0.1667,1.0,0.904,Software Engineer,Razorpay,"Noida, Uttar Pradesh",5.2
CAND_0058062,0.6595,0.6892,0.3333,0.85,0.825,Operations Manager,Dunder Mifflin,"Indore, Madhya Pradesh",5.1
CAND_0016302,0.6595,0.6945,0.1667,1.0,0.874,Cloud Engineer,Stark Industries,"Hyderabad, Telangana",5.6
CAND_0065016,0.6595,0.7063,0.3333,0.85,0.795,Civil Engineer,Globex Inc,"Coimbatore, Tamil Nadu",8.2
CAND_0027179,0.6595,0.7246,0.3333,0.85,0.763,Project Manager,Dunder Mifflin,"Kolkata, West Bengal",6.9
CAND_0013304,0.6595,0.7138,0.25,0.85,0.886,Data Engineer,Ola,"Coimbatore, Tamil Nadu",6.6
CAND_0033662,0.6595,0.7207,0.1667,0.85,0.978,Senior Software Engineer,Vedantu,"Chennai, Tamil Nadu",7.5
CAND_0004131,0.6595,0.7394,0.25,0.85,0.841,Junior ML Engineer,Flipkart,"Coimbatore, Tamil Nadu",6.8
CAND_0085146,0.6594,0.6825,0.3333,0.85,0.836,HR Manager,Wayne Enterprises,"Kolkata, West Bengal",8.7
CAND_0023861,0.6594,0.6817,0.0833,1.0,1.0,Software Engineer,Mphasis,"Hyderabad, Telangana",7.9
CAND_0017216,0.6594,0.7179,0.25,1.0,0.728,Business Analyst,Acme Corp,"Mumbai, Maharashtra",5.8
CAND_0025302,0.6594,0.7278,0.0833,1.0,0.919,Senior Data Engineer,Vedantu,"Bangalore, Karnataka",6.8
CAND_0046484,0.6594,0.7315,0.3333,0.6,1.0,Accountant,Pied Piper,"Hyderabad, Telangana",1.6
CAND_0080315,0.6594,0.7699,0.25,0.65,0.987,AI Research Engineer,Sarvam AI,"Ahmedabad, Gujarat",4.1
CAND_0045156,0.6593,0.7032,0.4167,1.0,0.545,HR Manager,Wayne Enterprises,"Hyderabad, Telangana",8.3
CAND_0016103,0.6593,0.7212,0.3333,0.85,0.768,Marketing Manager,Wayne Enterprises,"Bhubaneswar, Odisha",5.4
CAND_0026738,0.6592,0.7041,0.3333,1.0,0.647,Accountant,Wayne Enterprises,"Noida, Uttar Pradesh",8.3
CAND_0097840,0.6592,0.7185,0.4167,0.85,0.668,Mechanical Engineer,Pied Piper,"Ahmedabad, Gujarat",7.6
CAND_0065991,0.6592,0.6892,0.0833,1.0,0.986,Data Scientist,Haptik,"Bangalore, Karnataka",5.4
CAND_0050334,0.6592,0.7109,0.4167,0.6,0.931,Accountant,Globex Inc,"Noida, Uttar Pradesh",13.8
CAND_0084545,0.6592,0.7357,0.1667,0.8,1.0,Senior Data Engineer,InMobi,"Pune, Maharashtra",4.0
CAND_0009307,0.6592,0.7309,0.3333,0.6,1.0,Data Engineer,Zomato,"Noida, Uttar Pradesh",3.3
CAND_0000633,0.6591,0.7376,0.25,0.7,0.992,Software Engineer,Infosys,"Delhi, Delhi",6.4
CAND_0046894,0.6591,0.744,0.3333,0.6,0.977,Content Writer,Wayne Enterprises,"Noida, Uttar Pradesh",14.1
CAND_0015097,0.6591,0.7664,0.0833,0.85,1.0,Senior Software Engineer (ML),Zoho,"Coimbatore, Tamil Nadu",6.0
CAND_0017577,0.659,0.662,0.1667,1.0,0.928,.NET Developer,Flipkart,"Hyderabad, Telangana",7.5
CAND_0010176,0.659,0.6991,0.25,1.0,0.759,Data Engineer,Meesho,"Noida, Uttar Pradesh",5.4
CAND_0087006,0.659,0.7662,0.1667,0.85,0.896,Senior Software Engineer (ML),Saarthi.ai,"Chennai, Tamil Nadu",5.7
CAND_0089345,0.6589,0.6567,0.1667,1.0,0.937,.NET Developer,Initech,"Hyderabad, Telangana",6.1
CAND_0093626,0.6589,0.6669,0.1667,1.0,0.919,Cloud Engineer,CRED,"Noida, Uttar Pradesh",7.0
CAND_0028056,0.6589,0.6793,0.25,0.85,0.943,.NET Developer,Flipkart,"Bhubaneswar, Odisha",5.3
CAND_0022479,0.6589,0.7099,0.0833,1.0,0.948,Analytics Engineer,Meesho,"Mumbai, Maharashtra",7.9
CAND_0039691,0.6589,0.7185,0.4167,0.65,0.866,Business Analyst,Pied Piper,"Indore, Madhya Pradesh",9.1
CAND_0022254,0.6589,0.7548,0.25,0.85,0.811,Senior Data Engineer,upGrad,"Indore, Madhya Pradesh",5.7
CAND_0010901,0.6589,0.7324,0.25,0.7,1.0,Civil Engineer,Dunder Mifflin,Seattle,6.5
CAND_0020884,0.6588,0.674,0.3333,0.8,0.898,Content Writer,Pied Piper,"Hyderabad, Telangana",9.1
CAND_0065446,0.6588,0.6933,0.3333,0.85,0.814,Graphic Designer,Globex Inc,"Gurgaon, Haryana",9.0
CAND_0015786,0.6588,0.7078,0.0833,1.0,0.951,Analytics Engineer,Wayne Enterprises,"Noida, Uttar Pradesh",7.5
CAND_0019684,0.6588,0.7271,0.4167,0.6,0.901,Operations Manager,Dunder Mifflin,"Delhi, Delhi",1.2
CAND_0048469,0.6588,0.7455,0.25,0.8,0.877,Computer Vision Engineer,Vedantu,"Delhi, Delhi",4.7
CAND_0013112,0.6588,0.7397,0.3333,0.7,0.883,Senior Software Engineer,Freshworks,Toronto,7.0
CAND_0084630,0.6587,0.7199,0.3333,1.0,0.617,Business Analyst,Pied Piper,"Mumbai, Maharashtra",7.5
CAND_0028051,0.6587,0.6797,0.0833,1.0,1.0,Business Analyst,Wayne Enterprises,"Pune, Maharashtra",5.5
CAND_0043023,0.6587,0.7189,0.3333,0.8,0.819,Graphic Designer,Stark Industries,"Delhi, Delhi",4.5
CAND_0086801,0.6587,0.7414,0.0833,1.0,0.892,Computer Vision Engineer,Freshworks,"Pune, Maharashtra",6.6
CAND_0076805,0.6587,0.7351,0.4167,0.6,0.886,Mechanical Engineer,Hooli,"Noida, Uttar Pradesh",3.5
CAND_0022261,0.6586,0.6856,0.0833,1.0,0.989,Mechanical Engineer,Hooli,"Delhi, Delhi",6.1
CAND_0090312,0.6585,0.6928,0.4167,0.8,0.759,Accountant,Globex Inc,"Pune, Maharashtra",4.2
CAND_0077488,0.6585,0.6916,0.0833,1.0,0.978,Data Analyst,Dream11,"Pune, Maharashtra",6.6
CAND_0022182,0.6585,0.72,0.3333,0.85,0.766,Business Analyst,Initech,"Chandigarh, Chandigarh",8.8
CAND_0036409,0.6585,0.7054,0.1667,0.85,1.0,QA Engineer,Razorpay,"Kochi, Kerala",5.5
CAND_0061339,0.6585,0.7771,0.25,0.65,0.97,Search Engineer,Rephrase.ai,"Chandigarh, Chandigarh",4.2
CAND_0052141,0.6584,0.7257,0.4167,0.7,0.801,Project Manager,Acme Corp,London,7.1
CAND_0076590,0.6584,0.7257,0.4167,0.7,0.801,Mechanical Engineer,Globex Inc,San Francisco,9.0
CAND_0061136,0.6583,0.6647,0.1667,1.0,0.92,Java Developer,Mphasis,"Mumbai, Maharashtra",9.0
CAND_0063460,0.6583,0.6786,0.0833,1.0,1.0,Data Analyst,Zoho,"Mumbai, Maharashtra",7.4
CAND_0060162,0.6583,0.6972,0.3333,0.85,0.805,Operations Manager,Globex Inc,"Gurgaon, Haryana",7.7
CAND_0047278,0.6583,0.6916,0.25,0.85,0.919,Backend Engineer,Ola,"Chandigarh, Chandigarh",7.9
CAND_0033630,0.6583,0.6945,0.0833,1.0,0.972,Software Engineer,HCL,"Bangalore, Karnataka",7.5
CAND_0035256,0.6583,0.7041,0.0833,1.0,0.955,QA Engineer,Pied Piper,"Noida, Uttar Pradesh",8.0
CAND_0090155,0.6583,0.7401,0.0833,1.0,0.892,ML Engineer,Swiggy,"Pune, Maharashtra",5.8
CAND_0096639,0.6582,0.6616,0.25,0.85,0.971,Data Analyst,InMobi,"Trivandrum, Kerala",6.4
CAND_0045955,0.6582,0.7044,0.1667,0.85,1.0,Analytics Engineer,Stark Industries,"Kochi, Kerala",5.9
CAND_0098198,0.6582,0.7125,0.1667,0.85,0.986,Data Analyst,CRED,"Coimbatore, Tamil Nadu",5.5
CAND_0066909,0.6582,0.7303,0.4167,0.6,0.892,Accountant,Dunder Mifflin,"Mumbai, Maharashtra",12.1
CAND_0051486,0.6582,0.7729,0.1667,0.85,0.88,AI Specialist,Aganitha,"Bhubaneswar, Odisha",5.9
CAND_0049896,0.6582,0.8019,0.1667,0.85,0.829,Search Engineer,Unacademy,"Vizag, Andhra Pradesh",7.3
CAND_0048089,0.6581,0.7033,0.3333,0.85,0.793,Civil Engineer,Globex Inc,"Vizag, Andhra Pradesh",6.0
CAND_0049085,0.6581,0.7149,0.3333,0.8,0.823,Accountant,Initech,"Delhi, Delhi",4.9
CAND_0038821,0.6581,0.7319,0.3333,0.65,0.943,AI Specialist,upGrad,"Gurgaon, Haryana",4.3
CAND_0052942,0.658,0.6831,0.1667,1.0,0.886,QA Engineer,Zomato,"Hyderabad, Telangana",8.0
CAND_0028318,0.658,0.698,0.3333,0.85,0.802,Data Scientist,Krutrim,"Coimbatore, Tamil Nadu",6.4
CAND_0033649,0.658,0.7037,0.1667,0.85,1.0,Data Scientist,Krutrim,"Coimbatore, Tamil Nadu",5.3
CAND_0074123,0.658,0.7037,0.1667,0.85,1.0,Data Scientist,CRED,"Bhubaneswar, Odisha",6.9
CAND_0052431,0.658,0.7272,0.25,0.85,0.855,ML Engineer,Swiggy,"Ahmedabad, Gujarat",5.3
CAND_0051915,0.658,0.7113,0.1667,0.85,0.987,Data Engineer,Globex Inc,"Kolkata, West Bengal",5.5
CAND_0079284,0.658,0.7685,0.1667,0.8,0.937,Machine Learning Engineer,Google,"Hyderabad, Telangana",4.9
CAND_0078002,0.658,0.7632,0.0833,0.85,1.0,Machine Learning Engineer,Meta,"Coimbatore, Tamil Nadu",6.3
CAND_0047206,0.6579,0.6537,0.1667,1.0,0.937,Mobile Developer,Hooli,"Hyderabad, Telangana",8.2
CAND_0028854,0.6579,0.6658,0.1667,1.0,0.916,.NET Developer,Hooli,"Noida, Uttar Pradesh",6.6
CAND_0061600,0.6579,0.664,0.25,0.85,0.965,Data Analyst,Vedantu,"Kolkata, West Bengal",7.5
CAND_0040521,0.6579,0.6775,0.0833,1.0,1.0,Software Engineer,Meesho,"Mumbai, Maharashtra",7.9
CAND_0072265,0.6579,0.6772,0.0833,1.0,1.0,Business Analyst,Globex Inc,"Hyderabad, Telangana",5.8
CAND_0094763,0.6579,0.7136,0.3333,0.85,0.774,Marketing Manager,Pied Piper,"Ahmedabad, Gujarat",7.2
CAND_0035922,0.6579,0.7303,0.3333,0.7,0.895,Operations Manager,Infosys,"Bangalore, Karnataka",6.7
CAND_0040535,0.6578,0.6871,0.3333,0.85,0.82,Sales Executive,Pied Piper,"Chandigarh, Chandigarh",8.3
CAND_0024036,0.6578,0.6928,0.3333,0.85,0.81,HR Manager,Initech,"Jaipur, Rajasthan",7.0
CAND_0017171,0.6578,0.7032,0.1667,0.85,1.0,Analytics Engineer,Meesho,"Vizag, Andhra Pradesh",6.7
CAND_0097991,0.6578,0.7439,0.0833,1.0,0.883,Software Engineer,Dunder Mifflin,"Bangalore, Karnataka",7.9
CAND_0020463,0.6578,0.7366,0.0,1.0,1.0,Data Engineer,Ola,"Pune, Maharashtra",5.1
CAND_0068545,0.6577,0.6497,0.1667,1.0,0.943,Java Developer,Flipkart,"Delhi, Delhi",7.3
CAND_0064125,0.6577,0.7346,0.4167,0.85,0.632,Mechanical Engineer,Initech,"Ahmedabad, Gujarat",8.7
CAND_0059519,0.6577,0.7029,0.1667,0.85,1.0,QA Engineer,Hooli,"Vizag, Andhra Pradesh",5.4
CAND_0074824,0.6577,0.7331,0.3333,0.65,0.939,Project Manager,Initech,"Jaipur, Rajasthan",9.7
CAND_0018344,0.6576,0.7236,0.3333,1.0,0.605,Accountant,Stark Industries,"Delhi, Delhi",6.6
CAND_0021224,0.6576,0.6764,0.0833,1.0,1.0,DevOps Engineer,Tech Mahindra,"Bangalore, Karnataka",8.7
CAND_0078790,0.6576,0.7008,0.25,0.8,0.949,Data Scientist,Vedantu,"Noida, Uttar Pradesh",4.5
CAND_0036394,0.6576,0.72,0.4167,0.7,0.807,Sales Executive,Acme Corp,London,5.5
CAND_0061063,0.6575,0.7016,0.3333,0.85,0.793,Accountant,Initech,"Indore, Madhya Pradesh",6.5
CAND_0013111,0.6575,0.7571,0.25,0.65,1.0,AI Research Engineer,Saarthi.ai,"Indore, Madhya Pradesh",4.2
CAND_0033700,0.6574,0.6746,0.1667,1.0,0.898,Data Analyst,Vedantu,"Bangalore, Karnataka",6.4
CAND_0078813,0.6574,0.7011,0.4167,0.85,0.689,Accountant,Wayne Enterprises,"Ahmedabad, Gujarat",7.9
CAND_0028531,0.6574,0.6889,0.25,0.85,0.919,Accountant,Stark Industries,"Kolkata, West Bengal",6.1
CAND_0028833,0.6573,0.6901,0.4167,0.85,0.708,Marketing Manager,Stark Industries,"Gurgaon, Haryana",7.4
CAND_0092033,0.6573,0.7125,0.4167,0.85,0.669,Operations Manager,Initech,"Bhubaneswar, Odisha",5.2
CAND_0065423,0.6573,0.72,0.3333,0.85,0.76,Content Writer,Stark Industries,"Chandigarh, Chandigarh",8.9
CAND_0092202,0.6573,0.7283,0.0833,1.0,0.908,QA Engineer,Globex Inc,"Mumbai, Maharashtra",5.4
CAND_0090093,0.6573,0.7305,0.1667,0.8,1.0,Data Scientist,Flipkart,"Noida, Uttar Pradesh",4.4
CAND_0091229,0.6573,0.7562,0.1667,0.85,0.905,Senior Software Engineer (ML),Niramai,"Bhubaneswar, Odisha",7.0
CAND_0001218,0.6573,0.7588,0.25,0.7,0.946,AI Specialist,Nykaa,San Francisco,6.4
CAND_0035473,0.6572,0.7084,0.1667,1.0,0.838,Backend Engineer,Dunder Mifflin,"Mumbai, Maharashtra",5.9
CAND_0017185,0.6572,0.7333,0.4167,0.85,0.632,Civil Engineer,Wayne Enterprises,"Chandigarh, Chandigarh",7.7
CAND_0006757,0.6572,0.7612,0.0833,0.85,1.0,Senior Software Engineer,Unacademy,"Coimbatore, Tamil Nadu",5.4
CAND_0074970,0.6571,0.6916,0.25,1.0,0.763,Data Engineer,Vedantu,"Noida, Uttar Pradesh",5.5
CAND_0014285,0.657,0.6749,0.0833,1.0,1.0,Marketing Manager,Hooli,"Noida, Uttar Pradesh",6.8
CAND_0018914,0.657,0.7166,0.4167,0.85,0.66,Civil Engineer,Acme Corp,"Trivandrum, Kerala",8.4
CAND_0085299,0.657,0.7069,0.3333,0.85,0.781,Mechanical Engineer,Hooli,"Ahmedabad, Gujarat",8.7
CAND_0089098,0.657,0.7119,0.4167,0.7,0.818,Graphic Designer,Hooli,Toronto,6.1
CAND_0079514,0.657,0.7135,0.25,0.85,0.874,Business Analyst,Initech,"Trivandrum, Kerala",5.4
CAND_0031232,0.657,0.7367,0.3333,0.85,0.729,Mechanical Engineer,Initech,"Indore, Madhya Pradesh",8.3
CAND_0098347,0.6569,0.6692,0.3333,0.85,0.847,Graphic Designer,Hooli,"Bhubaneswar, Odisha",5.2
CAND_0078604,0.6569,0.7216,0.4167,0.85,0.651,Business Analyst,Globex Inc,"Jaipur, Rajasthan",8.5
CAND_0062669,0.6569,0.6953,0.3333,0.7,0.951,Operations Manager,Infosys,"Bangalore, Karnataka",7.4
CAND_0064286,0.6569,0.7216,0.4167,0.55,0.951,Graphic Designer,Wipro,"Kochi, Kerala",8.2
CAND_0054123,0.6569,0.7752,0.3333,0.65,0.861,Applied ML Engineer,Meta,"Gurgaon, Haryana",4.7
CAND_0083932,0.6568,0.6712,0.3333,1.0,0.693,Cloud Engineer,Dunder Mifflin,"Noida, Uttar Pradesh",7.7
CAND_0075998,0.6568,0.6751,0.25,0.85,0.94,Backend Engineer,Flipkart,"Jaipur, Rajasthan",6.4
CAND_0039804,0.6568,0.685,0.0833,1.0,0.981,Marketing Manager,Hooli,"Hyderabad, Telangana",6.5
CAND_0025180,0.6568,0.7322,0.4167,0.85,0.632,Accountant,Wayne Enterprises,"Trivandrum, Kerala",6.3
CAND_0030848,0.6567,0.6406,0.25,0.85,1.0,Full Stack Developer,Initech,"Trivandrum, Kerala",8.7
CAND_0056503,0.6567,0.7027,0.4167,0.85,0.683,Sales Executive,Dunder Mifflin,"Ahmedabad, Gujarat",8.8
CAND_0045660,0.6567,0.7296,0.3333,0.8,0.79,Data Engineer,Wayne Enterprises,"Hyderabad, Telangana",4.4
CAND_0026180,0.6567,0.7298,0.0833,1.0,0.902,Data Engineer,Razorpay,"Delhi, Delhi",6.4
CAND_0086154,0.6567,0.7172,0.1667,0.85,0.97,Data Scientist,Ola,"Ahmedabad, Gujarat",6.8
CAND_0061402,0.6567,0.7409,0.0833,1.0,0.883,Senior Software Engineer,Zomato,"Noida, Uttar Pradesh",6.0
CAND_0042100,0.6567,0.7484,0.25,0.7,0.961,Machine Learning Engineer,Freshworks,Singapore,7.3
CAND_0010662,0.6566,0.669,0.1667,1.0,0.904,Mobile Developer,Pied Piper,"Delhi, Delhi",5.4
CAND_0014087,0.6566,0.7049,0.25,1.0,0.737,Backend Engineer,Globex Inc,"Delhi, Delhi",5.6
CAND_0003724,0.6566,0.6758,0.0833,1.0,0.996,Frontend Engineer,Zomato,"Noida, Uttar Pradesh",7.6
CAND_0029474,0.6566,0.7145,0.3333,0.85,0.766,Civil Engineer,Stark Industries,"Kolkata, West Bengal",5.3
CAND_0041913,0.6566,0.726,0.25,0.7,1.0,Software Engineer,Razorpay,New York,7.8
CAND_0026726,0.6566,0.7236,0.3333,0.6,1.0,Content Writer,Initech,"Delhi, Delhi",11.9
CAND_0024299,0.6565,0.6995,0.1667,1.0,0.85,QA Engineer,Globex Inc,"Noida, Uttar Pradesh",6.5
CAND_0026153,0.6565,0.7016,0.25,0.85,0.892,HR Manager,Acme Corp,"Indore, Madhya Pradesh",6.1
CAND_0069261,0.6565,0.7492,0.1667,0.8,0.963,Senior Data Engineer,Dunder Mifflin,"Hyderabad, Telangana",4.1
CAND_0075467,0.6564,0.6995,0.3333,1.0,0.641,Business Analyst,Acme Corp,"Mumbai, Maharashtra",8.5
CAND_0051083,0.6564,0.6981,0.25,1.0,0.748,Graphic Designer,Globex Inc,"Pune, Maharashtra",6.3
CAND_0077661,0.6564,0.6968,0.1667,1.0,0.854,Data Analyst,Ola,"Noida, Uttar Pradesh",5.1
CAND_0032024,0.6564,0.7174,0.3333,0.85,0.76,Project Manager,Hooli,"Indore, Madhya Pradesh",7.9
CAND_0067360,0.6564,0.7279,0.0833,1.0,0.904,Senior Software Engineer,Acme Corp,"Bangalore, Karnataka",5.1
CAND_0005208,0.6564,0.7232,0.25,0.8,0.904,Sales Executive,Globex Inc,"Mumbai, Maharashtra",4.7
CAND_0052943,0.6563,0.6507,0.25,1.0,0.83,Mobile Developer,Mindtree,"Delhi, Delhi",6.7
CAND_0011476,0.6563,0.6948,0.4167,0.85,0.695,Business Analyst,Initech,"Chennai, Tamil Nadu",7.8
CAND_0004666,0.6563,0.6728,0.0833,1.0,1.0,Cloud Engineer,Tech Mahindra,"Mumbai, Maharashtra",6.3
CAND_0035622,0.6563,0.6727,0.0833,1.0,1.0,Graphic Designer,Initech,"Delhi, Delhi",5.2
CAND_0091895,0.6563,0.7043,0.4167,0.6,0.928,Sales Executive,Acme Corp,"Bangalore, Karnataka",11.9
CAND_0088438,0.6563,0.7846,0.25,1.0,0.596,Senior Software Engineer (ML),Saarthi.ai,"Hyderabad, Telangana",6.6
CAND_0007675,0.6563,0.7552,0.0833,1.0,0.856,Senior Data Engineer,Initech,"Hyderabad, Telangana",7.1
CAND_0082218,0.6563,0.7335,0.4167,0.6,0.877,Accountant,Dunder Mifflin,"Hyderabad, Telangana",14.2
CAND_0038816,0.6562,0.6938,0.3333,0.8,0.85,Content Writer,Dunder Mifflin,"Bangalore, Karnataka",9.7
CAND_0008441,0.6562,0.7191,0.3333,0.85,0.756,Graphic Designer,Hooli,"Kochi, Kerala",8.3
CAND_0053064,0.6562,0.746,0.3333,0.6,0.959,Civil Engineer,Hooli,"Bangalore, Karnataka",1.7
CAND_0076587,0.6562,0.7533,0.25,0.65,1.0,AI Specialist,Genpact AI,"Chandigarh, Chandigarh",4.9
CAND_0095529,0.6561,0.6966,0.3333,1.0,0.645,HR Manager,Acme Corp,"Mumbai, Maharashtra",8.6
CAND_0022413,0.6561,0.7235,0.25,1.0,0.702,Data Scientist,HCL,"Mumbai, Maharashtra",5.8
CAND_0089845,0.6561,0.7132,0.3333,0.85,0.766,Mechanical Engineer,Globex Inc,"Coimbatore, Tamil Nadu",7.3
CAND_0020471,0.6561,0.7318,0.4167,0.85,0.629,Project Manager,Hooli,"Kolkata, West Bengal",6.8
CAND_0080991,0.656,0.6585,0.1667,1.0,0.919,Full Stack Developer,Dunder Mifflin,"Mumbai, Maharashtra",8.0
CAND_0011171,0.656,0.722,0.3333,0.6,1.0,Business Analyst,Stark Industries,"Pune, Maharashtra",1.6
CAND_0058478,0.6559,0.7059,0.0833,1.0,0.94,Analytics Engineer,Zomato,"Noida, Uttar Pradesh",5.0
CAND_0054124,0.6559,0.7307,0.3333,0.85,0.734,Civil Engineer,Pied Piper,"Vizag, Andhra Pradesh",5.8
CAND_0085968,0.6559,0.6979,0.1667,0.85,1.0,Data Analyst,Freshworks,"Jaipur, Rajasthan",5.6
CAND_0006659,0.6559,0.728,0.1667,0.85,0.947,Analytics Engineer,Dream11,"Gurgaon, Haryana",7.2
CAND_0041402,0.6559,0.7365,0.1667,0.85,0.932,AI Specialist,Ola,"Vizag, Andhra Pradesh",6.3
CAND_0022843,0.6559,0.7267,0.3333,0.65,0.941,Mechanical Engineer,Hooli,"Jaipur, Rajasthan",4.1
CAND_0048497,0.6559,0.7286,0.25,0.7,0.992,Civil Engineer,TCS,"Mumbai, Maharashtra",7.0
CAND_0074519,0.6558,0.7055,0.3333,0.85,0.778,Accountant,Pied Piper,"Kochi, Kerala",5.9
CAND_0029893,0.6558,0.6976,0.0833,1.0,0.954,Operations Manager,Dunder Mifflin,"Delhi, Delhi",7.2
CAND_0018246,0.6557,0.7476,0.1667,0.8,0.962,ML Engineer,Aganitha,"Bangalore, Karnataka",4.7
CAND_0038543,0.6556,0.6741,0.1667,1.0,0.89,Software Engineer,Tech Mahindra,"Mumbai, Maharashtra",6.8
CAND_0056137,0.6556,0.6784,0.3333,0.8,0.874,Civil Engineer,Initech,"Bangalore, Karnataka",4.7
CAND_0064918,0.6556,0.6921,0.3333,0.65,1.0,Sales Executive,Globex Inc,"Chandigarh, Chandigarh",10.5
CAND_0032690,0.6556,0.7434,0.0,1.0,0.977,Senior Software Engineer,Pied Piper,"Bangalore, Karnataka",5.8
CAND_0069810,0.6556,0.7668,0.0833,1.0,0.832,Senior Software Engineer,Unacademy,"Bangalore, Karnataka",6.5
CAND_0095214,0.6555,0.6941,0.4167,1.0,0.542,Content Writer,Globex Inc,"Bangalore, Karnataka",8.1
CAND_0016433,0.6555,0.6936,0.3333,1.0,0.647,Mechanical Engineer,Wayne Enterprises,"Delhi, Delhi",8.5
CAND_0069349,0.6555,0.6789,0.1667,1.0,0.881,QA Engineer,Initech,"Bangalore, Karnataka",6.0
CAND_0055300,0.6555,0.7023,0.25,0.85,0.886,Backend Engineer,Stark Industries,"Kochi, Kerala",6.6
CAND_0091926,0.6555,0.7032,0.4167,0.7,0.826,Accountant,Hooli,Singapore,5.7
CAND_0052560,0.6555,0.7398,0.3333,0.7,0.866,Customer Support,Wayne Enterprises,New York,6.4
CAND_0080344,0.6555,0.7765,0.1667,0.8,0.91,Senior Software Engineer (ML),Zoho,"Hyderabad, Telangana",4.9
CAND_0043359,0.6554,0.711,0.4167,0.85,0.662,Sales Executive,Initech,"Chennai, Tamil Nadu",5.9
CAND_0037672,0.6554,0.7118,0.1667,1.0,0.823,Analytics Engineer,InMobi,"Mumbai, Maharashtra",6.5
CAND_0026099,0.6554,0.6964,0.1667,0.85,1.0,QA Engineer,Globex Inc,"Vizag, Andhra Pradesh",8.4
CAND_0012446,0.6554,0.7208,0.3333,0.7,0.899,Business Analyst,Infosys,"Mumbai, Maharashtra",7.3
CAND_0002638,0.6554,0.7264,0.3333,0.6,0.989,Customer Support,Stark Industries,"Hyderabad, Telangana",13.3
CAND_0037426,0.6553,0.7343,0.3333,0.85,0.725,Civil Engineer,Acme Corp,"Gurgaon, Haryana",7.2
CAND_0007940,0.6552,0.7457,0.4167,0.45,1.0,Customer Support,Acme Corp,"Gurgaon, Haryana",12.6
CAND_0053481,0.6551,0.6704,0.25,1.0,0.79,Cloud Engineer,Flipkart,"Pune, Maharashtra",6.7
CAND_0048904,0.6551,0.7087,0.1667,0.85,0.977,Analytics Engineer,InMobi,"Chennai, Tamil Nadu",7.6
CAND_0064130,0.6551,0.7549,0.0833,0.85,1.0,AI Research Engineer,Unacademy,"Chennai, Tamil Nadu",6.7
CAND_0067654,0.655,0.7138,0.4167,0.8,0.705,Graphic Designer,Initech,"Noida, Uttar Pradesh",9.8
CAND_0029987,0.655,0.7082,0.3333,0.65,0.969,Marketing Manager,Pied Piper,"Vizag, Andhra Pradesh",10.5
CAND_0029119,0.6549,0.7233,0.4167,0.85,0.638,Mechanical Engineer,Dunder Mifflin,"Vizag, Andhra Pradesh",7.4
CAND_0077879,0.6549,0.7005,0.1667,0.85,0.99,Backend Engineer,HCL,"Vizag, Andhra Pradesh",5.5
CAND_0078489,0.6549,0.7199,0.3333,0.7,0.898,Project Manager,Wipro,"Delhi, Delhi",5.6
CAND_0071920,0.6549,0.7438,0.3333,0.7,0.856,Content Writer,Stark Industries,Sydney,7.6
CAND_0091890,0.6549,0.7538,0.1667,0.8,0.947,AI Research Engineer,Verloop.io,"Hyderabad, Telangana",4.7
CAND_0065786,0.6549,0.7498,0.25,0.65,1.0,AI Specialist,Swiggy,"Indore, Madhya Pradesh",4.9
CAND_0069403,0.6548,0.6686,0.0833,1.0,1.0,.NET Developer,Swiggy,"Bangalore, Karnataka",6.4
CAND_0065406,0.6548,0.6872,0.3333,0.85,0.805,Sales Executive,Stark Industries,"Indore, Madhya Pradesh",6.2
CAND_0079400,0.6548,0.6867,0.0833,1.0,0.968,Marketing Manager,Wayne Enterprises,"Noida, Uttar Pradesh",8.0
CAND_0074208,0.6548,0.6899,0.3333,0.65,1.0,Marketing Manager,Acme Corp,"Jaipur, Rajasthan",10.7
CAND_0012957,0.6548,0.8013,0.4167,0.65,0.701,Search Engineer,Razorpay,"Chennai, Tamil Nadu",4.9
CAND_0001133,0.6547,0.7228,0.1667,0.8,1.0,Software Engineer,Mphasis,"Mumbai, Maharashtra",4.0
CAND_0074160,0.6547,0.7446,0.1667,0.8,0.962,Software Engineer,Hooli,"Bangalore, Karnataka",4.7
CAND_0067461,0.6546,0.6796,0.4167,1.0,0.563,Accountant,Hooli,"Mumbai, Maharashtra",5.8
CAND_0044880,0.6546,0.6999,0.4167,0.7,0.827,Content Writer,Infosys,"Pune, Maharashtra",8.6
CAND_0037075,0.6546,0.703,0.25,0.85,0.88,Backend Engineer,Pied Piper,"Vizag, Andhra Pradesh",5.1
CAND_0091442,0.6546,0.7151,0.3333,0.8,0.805,Accountant,Wayne Enterprises,"Delhi, Delhi",10.9
CAND_0024162,0.6546,0.7274,0.0,1.0,1.0,Accountant,Acme Corp,"Pune, Maharashtra",6.0
CAND_0081321,0.6546,0.785,0.1667,0.85,0.841,Senior Software Engineer (ML),Freshworks,"Coimbatore, Tamil Nadu",5.3
CAND_0037532,0.6545,0.656,0.1667,1.0,0.916,Full Stack Developer,Wayne Enterprises,"Hyderabad, Telangana",5.1
CAND_0091687,0.6545,0.6823,0.25,1.0,0.766,Frontend Engineer,Mindtree,"Delhi, Delhi",8.1
CAND_0091607,0.6545,0.6662,0.1667,1.0,0.898,Frontend Engineer,Swiggy,"Bangalore, Karnataka",8.2
CAND_0018745,0.6545,0.6676,0.0833,1.0,1.0,Graphic Designer,Wayne Enterprises,"Bangalore, Karnataka",7.7
CAND_0034698,0.6545,0.7022,0.25,1.0,0.731,Civil Engineer,Dunder Mifflin,"Mumbai, Maharashtra",7.7
CAND_0096636,0.6544,0.675,0.4167,0.85,0.72,HR Manager,Dunder Mifflin,"Vizag, Andhra Pradesh",7.1
CAND_0084618,0.6544,0.696,0.4167,0.85,0.683,Marketing Manager,Globex Inc,"Kolkata, West Bengal",6.4
CAND_0003564,0.6544,0.6673,0.0833,1.0,1.0,.NET Developer,CRED,"Hyderabad, Telangana",8.2
CAND_0004300,0.6544,0.7151,0.1667,0.85,0.962,Software Engineer,PharmEasy,"Indore, Madhya Pradesh",7.4
CAND_0023444,0.6544,0.7297,0.4167,0.6,0.874,Mechanical Engineer,Hooli,"Delhi, Delhi",3.8
CAND_0099769,0.6544,0.7174,0.3333,0.6,1.0,Accountant,Hooli,"Hyderabad, Telangana",11.2
CAND_0023393,0.6543,0.6672,0.0833,1.0,1.0,.NET Developer,Tech Mahindra,"Noida, Uttar Pradesh",5.4
CAND_0040410,0.6543,0.6669,0.0833,1.0,1.0,Java Developer,Mphasis,"Bangalore, Karnataka",8.6
CAND_0078782,0.6543,0.7149,0.3333,0.8,0.804,Project Manager,Wayne Enterprises,"Bangalore, Karnataka",9.1
CAND_0096364,0.6542,0.659,0.25,1.0,0.805,Java Developer,Tech Mahindra,"Noida, Uttar Pradesh",5.5
CAND_0049262,0.6542,0.6689,0.1667,1.0,0.892,.NET Developer,Flipkart,"Hyderabad, Telangana",8.1
CAND_0095992,0.6542,0.6667,0.0833,1.0,1.0,Cloud Engineer,CRED,"Hyderabad, Telangana",8.7
CAND_0053537,0.6542,0.7088,0.1667,1.0,0.822,Software Engineer,Stark Industries,"Hyderabad, Telangana",8.0
CAND_0005632,0.6542,0.6929,0.1667,0.85,1.0,Backend Engineer,Dunder Mifflin,"Chandigarh, Chandigarh",5.6
CAND_0084749,0.6542,0.6928,0.1667,0.85,1.0,Analytics Engineer,Mphasis,"Coimbatore, Tamil Nadu",6.0
CAND_0014370,0.6542,0.7139,0.4167,0.6,0.901,Graphic Designer,Hooli,"Noida, Uttar Pradesh",12.8
CAND_0074317,0.6542,0.7454,0.1667,0.8,0.958,AI Research Engineer,Razorpay,"Delhi, Delhi",4.2
CAND_0032955,0.6542,0.7627,0.1667,0.85,0.878,Computer Vision Engineer,BYJU'S,"Kochi, Kerala",5.2
CAND_0089914,0.6541,0.6725,0.25,0.85,0.931,Mobile Developer,Zomato,"Bhubaneswar, Odisha",7.5
CAND_0046160,0.6541,0.7308,0.3333,1.0,0.575,Accountant,Pied Piper,"Bangalore, Karnataka",9.0
CAND_0091580,0.6541,0.7381,0.0833,1.0,0.875,Data Scientist,Niramai,"Noida, Uttar Pradesh",5.5
CAND_0044248,0.6541,0.7321,0.1667,0.85,0.931,Junior ML Engineer,upGrad,"Kochi, Kerala",6.9
CAND_0075780,0.6541,0.7164,0.3333,0.6,1.0,Content Writer,Globex Inc,"Hyderabad, Telangana",3.0
CAND_0037706,0.654,0.6663,0.0833,1.0,1.0,Data Analyst,InMobi,"Hyderabad, Telangana",6.1
CAND_0023314,0.654,0.7127,0.3333,0.85,0.756,Accountant,Wayne Enterprises,"Indore, Madhya Pradesh",6.4
CAND_0073428,0.654,0.6967,0.4167,0.65,0.88,Project Manager,Hooli,"Ahmedabad, Gujarat",4.0
CAND_0081163,0.654,0.7405,0.4167,0.7,0.753,Operations Manager,Hooli,London,5.8
CAND_0079084,0.654,0.7184,0.25,0.7,1.0,Customer Support,Stark Industries,Toronto,8.2
CAND_0082913,0.654,0.7957,0.1667,0.85,0.819,Senior Software Engineer (ML),InMobi,"Trivandrum, Kerala",5.5
CAND_0020083,0.6539,0.7082,0.4167,0.85,0.659,Civil Engineer,Pied Piper,"Gurgaon, Haryana",5.3
CAND_0040332,0.6539,0.6874,0.3333,0.65,1.0,Analytics Engineer,Dunder Mifflin,"Vizag, Andhra Pradesh",4.5
CAND_0091151,0.6539,0.7242,0.1667,0.85,0.944,Customer Support,Acme Corp,"Chandigarh, Chandigarh",5.4
CAND_0079610,0.6538,0.673,0.25,0.85,0.929,Data Analyst,PolicyBazaar,"Bhubaneswar, Odisha",6.8
CAND_0097008,0.6538,0.745,0.1667,0.85,0.907,Senior Software Engineer,PolicyBazaar,"Jaipur, Rajasthan",6.6
CAND_0094845,0.6537,0.6685,0.25,0.85,0.936,Full Stack Developer,Initech,"Trivandrum, Kerala",7.0
CAND_0076625,0.6537,0.6978,0.0833,1.0,0.943,Data Engineer,Meesho,"Pune, Maharashtra",5.1
CAND_0034564,0.6537,0.7312,0.3333,0.85,0.722,Content Writer,Dunder Mifflin,"Chennai, Tamil Nadu",8.2
CAND_0003802,0.6537,0.7383,0.1667,1.0,0.768,Software Engineer,Globex Inc,"Delhi, Delhi",5.7
CAND_0032374,0.6536,0.6689,0.1667,1.0,0.889,Cloud Engineer,Dunder Mifflin,"Mumbai, Maharashtra",8.9
CAND_0082963,0.6536,0.7127,0.4167,0.85,0.65,Project Manager,Initech,"Trivandrum, Kerala",7.6
CAND_0076463,0.6536,0.705,0.1667,1.0,0.826,QA Engineer,Tech Mahindra,"Bangalore, Karnataka",5.5
CAND_0087843,0.6536,0.7362,0.3333,0.8,0.763,Project Manager,Stark Industries,"Mumbai, Maharashtra",9.5
CAND_0009844,0.6536,0.7455,0.0833,1.0,0.859,Senior Software Engineer,Nykaa,"Bangalore, Karnataka",6.9
CAND_0018080,0.6536,0.7571,0.0,1.0,0.943,Senior Data Engineer,BYJU'S,"Hyderabad, Telangana",5.2
CAND_0039653,0.6536,0.7414,0.4167,0.45,1.0,Project Manager,Dunder Mifflin,"Vizag, Andhra Pradesh",12.0
CAND_0007480,0.6535,0.6755,0.0833,1.0,0.981,Mechanical Engineer,Initech,"Pune, Maharashtra",7.1
CAND_0003832,0.6535,0.691,0.1667,0.85,1.0,Frontend Engineer,HCL,"Kolkata, West Bengal",5.1
CAND_0092706,0.6535,0.762,0.0,1.0,0.934,AI Research Engineer,Unacademy,"Delhi, Delhi",5.8
CAND_0044378,0.6535,0.7505,0.0833,0.85,1.0,Senior Data Engineer,Nykaa,"Gurgaon, Haryana",6.6
CAND_0062233,0.6534,0.6754,0.4167,0.85,0.714,Marketing Manager,Acme Corp,"Trivandrum, Kerala",5.0
CAND_0046797,0.6534,0.6645,0.0833,1.0,1.0,HR Manager,Hooli,"Hyderabad, Telangana",8.4
CAND_0054554,0.6534,0.7241,0.0,1.0,1.0,Mechanical Engineer,Initech,"Bangalore, Karnataka",6.2
CAND_0007631,0.6534,0.7568,0.1667,0.85,0.884,AI Specialist,Saarthi.ai,"Ahmedabad, Gujarat",5.2
CAND_0096612,0.6533,0.7289,0.4167,0.65,0.82,Customer Support,Initech,"Kochi, Kerala",9.1
CAND_0016881,0.6533,0.7418,0.1667,0.85,0.91,Senior Software Engineer,Hooli,"Ahmedabad, Gujarat",6.6
CAND_0005690,0.6533,0.7423,0.3333,0.7,0.851,Customer Support,Hooli,Berlin,7.1
CAND_0078785,0.6533,0.7653,0.0833,0.85,0.973,AI Research Engineer,CRED,"Chandigarh, Chandigarh",6.3
CAND_0018564,0.6532,0.6899,0.1667,0.85,1.0,Software Engineer,Acme Corp,"Gurgaon, Haryana",5.4
CAND_0074209,0.6532,0.6902,0.1667,0.85,1.0,Software Engineer,Pied Piper,"Chennai, Tamil Nadu",5.8
CAND_0099012,0.6532,0.69,0.1667,0.85,1.0,Software Engineer,Wayne Enterprises,"Gurgaon, Haryana",6.9
CAND_0049237,0.6532,0.7199,0.4167,0.65,0.835,HR Manager,Wayne Enterprises,"Coimbatore, Tamil Nadu",9.9
CAND_0042086,0.6531,0.7296,0.3333,1.0,0.572,Mechanical Engineer,Stark Industries,"Bangalore, Karnataka",7.5
CAND_0093133,0.6531,0.6837,0.0833,1.0,0.965,Mechanical Engineer,Stark Industries,"Pune, Maharashtra",6.4
CAND_0007038,0.6531,0.7193,0.4167,0.65,0.836,Content Writer,Dunder Mifflin,"Chandigarh, Chandigarh",10.3
CAND_0061985,0.6531,0.7311,0.4167,0.7,0.765,Operations Manager,TCS,"Bangalore, Karnataka",6.4
CAND_0036817,0.6531,0.7232,0.0,1.0,1.0,Customer Support,Acme Corp,"Pune, Maharashtra",5.6
CAND_0080472,0.6531,0.7339,0.1667,0.8,0.973,Junior ML Engineer,Zomato,"Hyderabad, Telangana",4.4
CAND_0043312,0.6531,0.7648,0.1667,0.8,0.919,AI Research Engineer,Haptik,"Noida, Uttar Pradesh",4.2
CAND_0049867,0.653,0.7054,0.1667,1.0,0.822,Senior Software Engineer,Zoho,"Pune, Maharashtra",6.4
CAND_0068145,0.653,0.7088,0.3333,0.8,0.808,Operations Manager,Acme Corp,"Hyderabad, Telangana",10.2
CAND_0071874,0.653,0.7045,0.0833,1.0,0.928,Customer Support,Hooli,"Delhi, Delhi",6.0
CAND_0072420,0.653,0.7036,0.4167,0.6,0.913,Graphic Designer,Globex Inc,"Noida, Uttar Pradesh",13.5
CAND_0001147,0.653,0.7087,0.4167,0.6,0.904,Sales Executive,Hooli,"Delhi, Delhi",11.8
CAND_0016659,0.653,0.7442,0.25,0.65,1.0,ML Engineer,Glance,"Coimbatore, Tamil Nadu",4.4
CAND_0087228,0.6529,0.6632,0.0833,1.0,1.0,Software Engineer,Mindtree,"Mumbai, Maharashtra",6.5
CAND_0089523,0.6529,0.663,0.0833,1.0,1.0,DevOps Engineer,Razorpay,"Mumbai, Maharashtra",7.0
CAND_0073854,0.6529,0.6757,0.0833,1.0,0.978,Customer Support,Dunder Mifflin,"Mumbai, Maharashtra",8.2
CAND_0023245,0.6529,0.7272,0.3333,0.85,0.725,Business Analyst,Wayne Enterprises,"Ahmedabad, Gujarat",5.6
CAND_0081602,0.6529,0.709,0.3333,0.7,0.907,Operations Manager,Wayne Enterprises,Toronto,8.9
CAND_0088200,0.6529,0.7219,0.1667,0.85,0.943,QA Engineer,CRED,"Indore, Madhya Pradesh",5.3
CAND_0052065,0.6529,0.7394,0.25,0.85,0.808,Senior Data Engineer,Acme Corp,"Kochi, Kerala",7.4
CAND_0038552,0.6529,0.7745,0.0833,1.0,0.805,Senior Software Engineer,Mphasis,"Hyderabad, Telangana",6.1
CAND_0020247,0.6528,0.6629,0.0833,1.0,1.0,.NET Developer,Zomato,"Pune, Maharashtra",8.6
CAND_0085094,0.6528,0.6889,0.1667,0.85,1.0,QA Engineer,Dunder Mifflin,"Vizag, Andhra Pradesh",8.9
CAND_0079050,0.6527,0.7126,0.25,1.0,0.704,Data Analyst,Mindtree,"Noida, Uttar Pradesh",7.8
CAND_0029731,0.6527,0.7086,0.3333,0.85,0.757,Business Analyst,Wayne Enterprises,"Vizag, Andhra Pradesh",8.2
CAND_0050689,0.6527,0.691,0.1667,0.85,0.996,Backend Engineer,Ola,"Indore, Madhya Pradesh",6.1
CAND_0085625,0.6527,0.7091,0.25,0.85,0.86,Backend Engineer,Razorpay,"Chennai, Tamil Nadu",7.0
CAND_0096146,0.6527,0.7107,0.25,0.85,0.857,Project Manager,Dunder Mifflin,"Jaipur, Rajasthan",7.2
CAND_0051435,0.6527,0.7018,0.3333,0.7,0.919,Graphic Designer,Dunder Mifflin,Singapore,8.0
CAND_0083012,0.6527,0.7219,0.0,1.0,1.0,Accountant,Dunder Mifflin,"Bangalore, Karnataka",5.0
CAND_0081383,0.6527,0.744,0.25,0.85,0.799,Project Manager,Hooli,"Vizag, Andhra Pradesh",7.8
CAND_0003917,0.6527,0.7402,0.0,1.0,0.968,Senior Data Engineer,Wayne Enterprises,"Hyderabad, Telangana",7.3
CAND_0088126,0.6526,0.6833,0.0833,1.0,0.963,Mechanical Engineer,Globex Inc,"Noida, Uttar Pradesh",6.0
CAND_0018467,0.6526,0.7091,0.0833,1.0,0.918,Accountant,Pied Piper,"Hyderabad, Telangana",5.4
CAND_0003057,0.6526,0.7185,0.3333,0.7,0.889,Accountant,Infosys,"Delhi, Delhi",7.8
CAND_0049167,0.6526,0.7218,0.0,1.0,1.0,Sales Executive,Acme Corp,"Delhi, Delhi",5.1
CAND_0092278,0.6526,0.8169,0.25,1.0,0.521,Senior NLP Engineer,Microsoft,"Pune, Maharashtra",6.8
CAND_0073765,0.6526,0.7383,0.4167,0.45,1.0,Mechanical Engineer,Stark Industries,"Trivandrum, Kerala",1.9
CAND_0039209,0.6525,0.6571,0.25,0.85,0.95,Full Stack Developer,Swiggy,"Chandigarh, Chandigarh",5.0
CAND_0000354,0.6525,0.6992,0.0833,1.0,0.935,Analytics Engineer,Mindtree,"Hyderabad, Telangana",6.3
CAND_0077384,0.6525,0.6882,0.1667,0.85,1.0,DevOps Engineer,Tech Mahindra,"Bhubaneswar, Odisha",5.7
CAND_0014360,0.6525,0.7383,0.3333,0.8,0.754,Customer Support,Wayne Enterprises,"Hyderabad, Telangana",9.5
CAND_0024005,0.6525,0.7219,0.0,1.0,0.999,Civil Engineer,Stark Industries,"Pune, Maharashtra",5.0
CAND_0026923,0.6524,0.6878,0.1667,0.85,1.0,Analytics Engineer,Nykaa,"Jaipur, Rajasthan",5.4
CAND_0077595,0.6524,0.7097,0.0833,1.0,0.916,Backend Engineer,Paytm,"Noida, Uttar Pradesh",5.3
CAND_0045408,0.6524,0.7236,0.25,0.8,0.883,Sales Executive,Pied Piper,"Noida, Uttar Pradesh",4.7
CAND_0096827,0.6524,0.7202,0.1667,0.85,0.943,Analytics Engineer,Dunder Mifflin,"Kolkata, West Bengal",7.0
CAND_0095031,0.6524,0.7518,0.25,0.85,0.784,Computer Vision Engineer,Wysa,"Chandigarh, Chandigarh",5.7
CAND_0000828,0.6524,0.7457,0.4167,0.5,0.936,Project Manager,Globex Inc,Seattle,10.1
CAND_0048943,0.6523,0.6869,0.3333,0.85,0.793,HR Manager,Hooli,"Indore, Madhya Pradesh",5.1
CAND_0053039,0.6523,0.687,0.0833,1.0,0.955,Frontend Engineer,Mindtree,"Mumbai, Maharashtra",5.6
CAND_0046890,0.6523,0.7002,0.1667,0.85,0.978,Backend Engineer,Meesho,"Kolkata, West Bengal",7.3
CAND_0051759,0.6523,0.7341,0.3333,0.85,0.71,AI Specialist,Glance,"Trivandrum, Kerala",6.3
CAND_0090668,0.6523,0.7264,0.25,0.85,0.828,Civil Engineer,Hooli,"Kochi, Kerala",7.8
CAND_0015132,0.6523,0.7275,0.25,0.85,0.826,AI Specialist,PhonePe,"Gurgaon, Haryana",5.1
CAND_0004993,0.6522,0.6754,0.0833,1.0,0.975,Content Writer,Dunder Mifflin,"Hyderabad, Telangana",7.9
CAND_0018949,0.6522,0.6966,0.0833,1.0,0.938,Sales Executive,Globex Inc,"Pune, Maharashtra",5.4
CAND_0084705,0.6522,0.7038,0.0833,1.0,0.925,QA Engineer,Mindtree,"Pune, Maharashtra",7.7
CAND_0053139,0.6522,0.6912,0.1667,0.85,0.993,Software Engineer,Pied Piper,"Bhubaneswar, Odisha",6.7
CAND_0092767,0.6522,0.7398,0.3333,0.55,1.0,Mechanical Engineer,TCS,"Indore, Madhya Pradesh",9.0
CAND_0086133,0.6521,0.7005,0.25,1.0,0.722,Senior Data Engineer,CRED,"Hyderabad, Telangana",6.3
CAND_0072223,0.6521,0.6904,0.1667,1.0,0.844,Analytics Engineer,Paytm,"Hyderabad, Telangana",6.4
CAND_0016565,0.6521,0.6929,0.3333,0.85,0.781,Data Analyst,PolicyBazaar,"Ahmedabad, Gujarat",7.1
CAND_0044753,0.6521,0.6875,0.25,0.85,0.895,Backend Engineer,Flipkart,"Chandigarh, Chandigarh",5.6
CAND_0061075,0.6521,0.6986,0.0833,1.0,0.934,Data Engineer,Mphasis,"Bangalore, Karnataka",7.5
CAND_0062092,0.6521,0.7416,0.3333,0.85,0.696,Customer Support,Dunder Mifflin,"Jaipur, Rajasthan",5.4
CAND_0040973,0.6521,0.7238,0.3333,0.7,0.877,Content Writer,Pied Piper,Berlin,5.1
CAND_0042700,0.6521,0.7464,0.0833,0.85,1.0,Senior Software Engineer,upGrad,"Indore, Madhya Pradesh",5.5
CAND_0005644,0.652,0.7126,0.4167,0.7,0.792,Business Analyst,Infosys,"Pune, Maharashtra",8.7
CAND_0071412,0.652,0.7261,0.1667,0.85,0.931,Data Analyst,Mindtree,"Indore, Madhya Pradesh",7.6
CAND_0069637,0.6519,0.6863,0.1667,0.85,1.0,Data Analyst,Swiggy,"Bhubaneswar, Odisha",6.3
CAND_0064969,0.6519,0.7517,0.0833,1.0,0.84,Senior Software Engineer,Stark Industries,"Pune, Maharashtra",6.1
CAND_0034053,0.6519,0.7364,0.4167,0.45,1.0,Business Analyst,Pied Piper,"Kochi, Kerala",11.1
CAND_0044814,0.6518,0.6667,0.25,1.0,0.78,Software Engineer,Swiggy,"Hyderabad, Telangana",8.5
CAND_0000120,0.6518,0.6961,0.3333,0.85,0.774,Graphic Designer,Wayne Enterprises,"Bhubaneswar, Odisha",5.7
CAND_0086624,0.6518,0.7177,0.4167,0.85,0.632,Graphic Designer,Wayne Enterprises,"Gurgaon, Haryana",8.5
CAND_0089572,0.6518,0.7241,0.4167,0.8,0.671,Content Writer,Dunder Mifflin,"Bangalore, Karnataka",10.5
CAND_0077988,0.6518,0.7293,0.3333,0.85,0.716,Mechanical Engineer,Dunder Mifflin,"Jaipur, Rajasthan",7.8
CAND_0027855,0.6518,0.7301,0.3333,0.85,0.715,Civil Engineer,Pied Piper,"Vizag, Andhra Pradesh",8.5
CAND_0044555,0.6517,0.7183,0.1667,1.0,0.793,Senior Data Engineer,Flipkart,"Mumbai, Maharashtra",7.9
CAND_0020877,0.6517,0.7417,0.25,0.85,0.798,Applied ML Engineer,CRED,"Gurgaon, Haryana",5.1
CAND_0039943,0.6517,0.7264,0.1667,0.85,0.929,Content Writer,Pied Piper,"Chandigarh, Chandigarh",5.3
CAND_0038490,0.6516,0.6594,0.0833,1.0,1.0,Operations Manager,Globex Inc,"Hyderabad, Telangana",5.8
CAND_0073263,0.6516,0.6888,0.3333,0.85,0.786,Sales Executive,Pied Piper,"Trivandrum, Kerala",5.7
CAND_0009162,0.6516,0.7014,0.25,0.85,0.868,Analytics Engineer,Meesho,"Chandigarh, Chandigarh",6.5
CAND_0049364,0.6516,0.7039,0.0833,1.0,0.922,Software Engineer,Zomato,"Mumbai, Maharashtra",5.5
CAND_0023876,0.6516,0.6981,0.1667,0.85,0.978,Software Engineer,upGrad,"Jaipur, Rajasthan",6.8
CAND_0039582,0.6516,0.7287,0.4167,0.7,0.762,Sales Executive,Hooli,Austin,6.0
CAND_0026263,0.6516,0.7188,0.0,1.0,1.0,Sales Executive,Pied Piper,"Pune, Maharashtra",7.2
CAND_0028422,0.6516,0.7266,0.1667,0.85,0.928,Junior ML Engineer,Yellow.ai,"Chennai, Tamil Nadu",5.5
CAND_0093916,0.6515,0.6681,0.1667,1.0,0.88,Data Engineer,Meesho,"Hyderabad, Telangana",7.7
CAND_0070062,0.6515,0.7083,0.4167,0.85,0.647,Operations Manager,Pied Piper,"Ahmedabad, Gujarat",7.6
CAND_0049384,0.6515,0.689,0.25,0.85,0.889,Operations Manager,Stark Industries,"Kochi, Kerala",7.4
CAND_0053004,0.6515,0.7181,0.4167,0.8,0.68,Customer Support,Dunder Mifflin,"Noida, Uttar Pradesh",11.0
CAND_0022375,0.6515,0.7308,0.25,1.0,0.666,Analytics Engineer,Pied Piper,"Bangalore, Karnataka",7.6
CAND_0097402,0.6515,0.7218,0.3333,0.85,0.728,Content Writer,Stark Industries,"Chennai, Tamil Nadu",7.4
CAND_0081677,0.6515,0.7251,0.3333,0.8,0.772,Mechanical Engineer,Stark Industries,"Delhi, Delhi",9.7
CAND_0024197,0.6515,0.7221,0.4167,0.65,0.823,Marketing Manager,Globex Inc,"Indore, Madhya Pradesh",10.3
CAND_0041057,0.6514,0.6649,0.25,0.85,0.931,.NET Developer,Tech Mahindra,"Chennai, Tamil Nadu",5.0
CAND_0042644,0.6514,0.6919,0.0833,1.0,0.942,Customer Support,Globex Inc,"Noida, Uttar Pradesh",5.7
CAND_0088375,0.6514,0.7338,0.3333,0.6,0.956,Civil Engineer,Wayne Enterprises,"Bangalore, Karnataka",1.4
CAND_0072091,0.6514,0.7488,0.3333,0.65,0.88,ML Engineer,Krutrim,"Trivandrum, Kerala",4.6
CAND_0039029,0.6514,0.7622,0.0,1.0,0.923,Senior Data Engineer,Acme Corp,"Bangalore, Karnataka",5.3
CAND_0021742,0.6513,0.6676,0.1667,1.0,0.88,DevOps Engineer,Pied Piper,"Delhi, Delhi",8.4
CAND_0081663,0.6513,0.6864,0.0833,1.0,0.951,Civil Engineer,Wayne Enterprises,"Pune, Maharashtra",8.2
CAND_0055951,0.6513,0.6846,0.1667,0.85,1.0,Analytics Engineer,PolicyBazaar,"Indore, Madhya Pradesh",7.2
CAND_0072440,0.6513,0.7308,0.3333,0.85,0.711,Customer Support,Stark Industries,"Vizag, Andhra Pradesh",8.7
CAND_0027085,0.6513,0.7185,0.0833,1.0,0.895,Analytics Engineer,Globex Inc,"Bangalore, Karnataka",5.6
CAND_0015851,0.6513,0.718,0.0,1.0,1.0,HR Manager,Hooli,"Pune, Maharashtra",7.9
CAND_0076482,0.6513,0.7108,0.25,0.7,1.0,ML Engineer,Flipkart,Austin,6.6
CAND_0007620,0.6513,0.7291,0.1667,0.85,0.922,Civil Engineer,Globex Inc,"Ahmedabad, Gujarat",7.0
CAND_0021033,0.6512,0.6747,0.0833,1.0,0.971,Customer Support,Initech,"Delhi, Delhi",5.5
CAND_0006232,0.6512,0.6765,0.0833,1.0,0.968,Mechanical Engineer,Hooli,"Delhi, Delhi",6.7
CAND_0049535,0.6512,0.6986,0.3333,0.8,0.817,Sales Executive,Stark Industries,"Pune, Maharashtra",4.1
CAND_0031839,0.6512,0.7119,0.1667,1.0,0.802,Marketing Manager,Stark Industries,"Pune, Maharashtra",5.3
CAND_0048219,0.6512,0.7255,0.1667,1.0,0.778,Computer Vision Engineer,Yellow.ai,"Mumbai, Maharashtra",5.4
CAND_0085685,0.6512,0.7073,0.1667,0.85,0.96,Operations Manager,Pied Piper,"Jaipur, Rajasthan",7.3
CAND_0039716,0.6512,0.7293,0.3333,0.8,0.763,Civil Engineer,Acme Corp,"Delhi, Delhi",9.4
CAND_0039831,0.6512,0.7506,0.1667,1.0,0.734,Senior Data Engineer,Swiggy,"Noida, Uttar Pradesh",6.4
CAND_0084752,0.6512,0.714,0.1667,0.8,0.998,Senior Software Engineer,Nykaa,"Delhi, Delhi",4.6
CAND_0097367,0.6512,0.7338,0.4167,0.5,0.951,Content Writer,Globex Inc,London,9.6
CAND_0065139,0.6512,0.7723,0.1667,0.85,0.846,AI Research Engineer,Niramai,"Bhubaneswar, Odisha",5.2
CAND_0003009,0.6511,0.6579,0.0833,1.0,1.0,Mobile Developer,Mphasis,"Delhi, Delhi",8.5
CAND_0061827,0.6511,0.6587,0.25,0.85,0.94,Frontend Engineer,Tech Mahindra,"Jaipur, Rajasthan",6.3
CAND_0037671,0.6511,0.6923,0.0833,1.0,0.94,Mobile Developer,Hooli,"Hyderabad, Telangana",7.4
CAND_0079460,0.6511,0.7344,0.1667,1.0,0.762,Senior Data Engineer,PolicyBazaar,"Mumbai, Maharashtra",7.3
CAND_0055658,0.6511,0.7175,0.0,1.0,1.0,Accountant,Stark Industries,"Pune, Maharashtra",7.6
CAND_0037794,0.6511,0.7554,0.1667,1.0,0.725,Senior Data Engineer,Mphasis,"Noida, Uttar Pradesh",7.4
CAND_0036818,0.6511,0.7405,0.4167,0.55,0.889,Mechanical Engineer,Infosys,"Chandigarh, Chandigarh",8.1
CAND_0013163,0.6511,0.7341,0.4167,0.45,1.0,Business Analyst,Initech,"Chennai, Tamil Nadu",15.0
CAND_0078471,0.651,0.7122,0.3333,0.85,0.742,HR Manager,Pied Piper,"Jaipur, Rajasthan",6.2
CAND_0081958,0.651,0.6839,0.1667,0.85,1.0,Backend Engineer,Dream11,"Bhubaneswar, Odisha",5.2
CAND_0043641,0.651,0.7192,0.25,0.85,0.834,AI Specialist,Freshworks,"Vizag, Andhra Pradesh",6.3
CAND_0019143,0.651,0.7387,0.25,0.65,1.0,Senior Software Engineer,Stark Industries,"Chandigarh, Chandigarh",4.7
CAND_0075513,0.6509,0.7198,0.3333,1.0,0.578,Project Manager,Wayne Enterprises,"Noida, Uttar Pradesh",8.7
CAND_0049209,0.6509,0.7118,0.4167,0.85,0.638,Business Analyst,Initech,"Trivandrum, Kerala",8.8
CAND_0009607,0.6509,0.7144,0.25,1.0,0.692,Customer Support,Globex Inc,"Noida, Uttar Pradesh",6.3
CAND_0067364,0.6509,0.6925,0.25,0.85,0.88,Data Analyst,Zoho,"Bhubaneswar, Odisha",6.0
CAND_0001238,0.6509,0.705,0.4167,0.5,1.0,Content Writer,Stark Industries,Berlin,9.1
CAND_0072721,0.6509,0.7283,0.4167,0.6,0.859,Data Scientist,Yellow.ai,"Noida, Uttar Pradesh",3.7
CAND_0055228,0.6508,0.6524,0.1667,1.0,0.904,Mobile Developer,Initech,"Bangalore, Karnataka",6.8
CAND_0076037,0.6508,0.7182,0.4167,0.85,0.626,Civil Engineer,Wayne Enterprises,"Vizag, Andhra Pradesh",7.5
CAND_0005294,0.6508,0.6966,0.0833,1.0,0.931,Customer Support,Wayne Enterprises,"Pune, Maharashtra",9.0
CAND_0018219,0.6508,0.6832,0.1667,0.85,1.0,Software Engineer,Swiggy,"Jaipur, Rajasthan",7.9
CAND_0084943,0.6508,0.7167,0.0,1.0,1.0,Analytics Engineer,Unacademy,"Hyderabad, Telangana",6.4
CAND_0013593,0.6508,0.7168,0.3333,0.7,0.883,Graphic Designer,Stark Industries,Berlin,7.6
CAND_0060742,0.6507,0.6402,0.1667,1.0,0.925,DevOps Engineer,HCL,"Hyderabad, Telangana",7.1
CAND_0018136,0.6507,0.7068,0.25,1.0,0.704,Accountant,Hooli,"Mumbai, Maharashtra",5.1
CAND_0064443,0.6507,0.687,0.0833,1.0,0.947,Software Engineer,Ola,"Delhi, Delhi",5.2
CAND_0026633,0.6507,0.7199,0.4167,0.85,0.623,HR Manager,Globex Inc,"Chennai, Tamil Nadu",6.1
CAND_0085982,0.6507,0.7313,0.4167,0.8,0.653,Project Manager,Initech,"Hyderabad, Telangana",4.0
CAND_0005458,0.6507,0.6879,0.3333,0.65,0.983,Business Analyst,Stark Industries,"Gurgaon, Haryana",4.5
CAND_0015319,0.6507,0.7185,0.0833,1.0,0.892,Mechanical Engineer,Wayne Enterprises,"Hyderabad, Telangana",6.4
CAND_0037533,0.6507,0.7063,0.1667,0.85,0.959,Analytics Engineer,Stark Industries,"Coimbatore, Tamil Nadu",5.4
CAND_0095538,0.6507,0.7139,0.1667,0.85,0.946,Senior Data Engineer,Meesho,"Bhubaneswar, Odisha",5.9
CAND_0002439,0.6506,0.657,0.1667,1.0,0.895,DevOps Engineer,HCL,"Delhi, Delhi",6.0
CAND_0017298,0.6506,0.659,0.25,0.85,0.937,Java Developer,Hooli,"Bhubaneswar, Odisha",6.5
CAND_0057247,0.6506,0.7357,0.1667,1.0,0.757,Marketing Manager,Stark Industries,"Noida, Uttar Pradesh",8.3
CAND_0063027,0.6506,0.716,0.0,1.0,1.0,HR Manager,Wayne Enterprises,"Noida, Uttar Pradesh",6.6
CAND_0087120,0.6506,0.7438,0.25,0.85,0.789,Senior Software Engineer (ML),Glance,"Indore, Madhya Pradesh",5.0
CAND_0011126,0.6505,0.6396,0.1667,1.0,0.925,Full Stack Developer,Swiggy,"Delhi, Delhi",5.3
CAND_0051575,0.6505,0.7037,0.4167,0.85,0.65,Mechanical Engineer,Initech,"Kolkata, West Bengal",5.0
CAND_0075382,0.6505,0.6925,0.3333,0.85,0.774,Graphic Designer,Stark Industries,"Jaipur, Rajasthan",7.2
CAND_0038867,0.6505,0.7022,0.3333,0.8,0.807,Mechanical Engineer,Stark Industries,"Delhi, Delhi",4.1
CAND_0051357,0.6505,0.6985,0.1667,0.85,0.972,Analytics Engineer,Nykaa,"Indore, Madhya Pradesh",7.0
CAND_0080302,0.6505,0.7126,0.25,0.7,0.993,Analytics Engineer,Nykaa,Sydney,6.1
CAND_0092998,0.6504,0.686,0.25,0.85,0.889,Software Engineer,Mindtree,"Chandigarh, Chandigarh",6.8
CAND_0092799,0.6504,0.6822,0.1667,0.85,1.0,Backend Engineer,Swiggy,"Jaipur, Rajasthan",5.1
CAND_0058372,0.6504,0.7139,0.4167,0.65,0.832,Accountant,Pied Piper,"Indore, Madhya Pradesh",9.1
CAND_0086692,0.6504,0.7154,0.0,1.0,1.0,Project Manager,Wayne Enterprises,"Pune, Maharashtra",8.5
CAND_0082542,0.6504,0.7184,0.3333,0.65,0.928,Content Writer,Initech,"Ahmedabad, Gujarat",10.3
CAND_0083420,0.6504,0.7345,0.3333,0.7,0.85,Customer Support,Globex Inc,Berlin,5.2
CAND_0052782,0.6504,0.7355,0.4167,0.6,0.844,Project Manager,Acme Corp,"Pune, Maharashtra",12.1
CAND_0029117,0.6504,0.7418,0.0833,0.85,1.0,Senior Software Engineer (ML),Freshworks,"Kochi, Kerala",5.6
CAND_0035889,0.6503,0.7135,0.4167,0.85,0.632,Project Manager,Dunder Mifflin,"Vizag, Andhra Pradesh",8.7
CAND_0001108,0.6503,0.6865,0.0833,1.0,0.946,Software Engineer,Mindtree,"Bangalore, Karnataka",5.7
CAND_0096921,0.6503,0.7088,0.4167,0.8,0.69,Operations Manager,Pied Piper,"Bangalore, Karnataka",9.5
CAND_0003420,0.6503,0.6819,0.1667,0.85,1.0,Data Engineer,InMobi,"Chandigarh, Chandigarh",7.3
CAND_0007046,0.6503,0.6819,0.1667,0.85,1.0,Analytics Engineer,Wayne Enterprises,"Trivandrum, Kerala",5.3
CAND_0088696,0.6503,0.7035,0.0833,1.0,0.916,Business Analyst,Acme Corp,"Hyderabad, Telangana",8.7
CAND_0040192,0.6503,0.7028,0.3333,0.7,0.905,Software Engineer,Paytm,Berlin,7.0
CAND_0036303,0.6503,0.7229,0.25,0.85,0.824,Operations Manager,Dunder Mifflin,"Ahmedabad, Gujarat",5.1
CAND_0007121,0.6503,0.7153,0.0,1.0,1.0,Customer Support,Acme Corp,"Hyderabad, Telangana",6.9
CAND_0072363,0.6503,0.7338,0.25,0.85,0.805,Operations Manager,Dunder Mifflin,"Kolkata, West Bengal",5.2
CAND_0009722,0.6503,0.7258,0.1667,0.85,0.923,Computer Vision Engineer,Freshworks,"Bhubaneswar, Odisha",6.2
CAND_0000187,0.6502,0.6438,0.1667,1.0,0.916,DevOps Engineer,Mphasis,"Pune, Maharashtra",6.6
CAND_0047770,0.6502,0.7041,0.4167,0.8,0.698,Marketing Manager,Globex Inc,"Hyderabad, Telangana",9.1
CAND_0036038,0.6502,0.6977,0.0833,1.0,0.926,Civil Engineer,Pied Piper,"Noida, Uttar Pradesh",7.4
CAND_0033219,0.6502,0.6984,0.25,0.85,0.866,Backend Engineer,Dream11,"Jaipur, Rajasthan",5.5
CAND_0095567,0.6502,0.7327,0.25,1.0,0.656,Data Scientist,Genpact AI,"Bangalore, Karnataka",5.1
CAND_0070387,0.6502,0.7149,0.0,1.0,1.0,Mechanical Engineer,Initech,"Delhi, Delhi",6.2
CAND_0065862,0.6502,0.7269,0.4167,0.65,0.808,Sales Executive,Stark Industries,"Bhubaneswar, Odisha",4.6
CAND_0003617,0.6502,0.7392,0.1667,0.85,0.899,Analytics Engineer,upGrad,"Bhubaneswar, Odisha",6.3
CAND_0035321,0.6502,0.7411,0.0833,0.85,1.0,Senior Data Engineer,Flipkart,"Indore, Madhya Pradesh",7.2
CAND_0097010,0.6501,0.6525,0.25,0.85,0.946,Java Developer,Hooli,"Trivandrum, Kerala",6.4
CAND_0064841,0.6501,0.7227,0.3333,1.0,0.569,Mechanical Engineer,Hooli,"Mumbai, Maharashtra",7.5
CAND_0047494,0.6501,0.6944,0.0833,1.0,0.931,Mechanical Engineer,Acme Corp,"Mumbai, Maharashtra",5.1
CAND_0064222,0.6501,0.7209,0.4167,0.6,0.868,Business Analyst,Initech,"Noida, Uttar Pradesh",14.3
CAND_0039383,0.6501,0.748,0.1667,0.85,0.883,Applied ML Engineer,Meesho,"Gurgaon, Haryana",7.1
CAND_0048930,0.6501,0.7536,0.3333,0.65,0.865,Senior Software Engineer,Globex Inc,"Vizag, Andhra Pradesh",4.5
CAND_0035301,0.6501,0.7312,0.4167,0.45,1.0,Business Analyst,Hooli,"Indore, Madhya Pradesh",12.6
CAND_0078165,0.65,0.6723,0.1667,1.0,0.865,Backend Engineer,Flipkart,"Hyderabad, Telangana",7.3
CAND_0092712,0.65,0.7208,0.3333,0.8,0.772,Business Analyst,Stark Industries,"Bangalore, Karnataka",4.9
CAND_0085767,0.65,0.7342,0.1667,0.85,0.907,Software Engineer,BYJU'S,"Ahmedabad, Gujarat",5.9
CAND_0070242,0.65,0.7535,0.3333,0.65,0.865,Senior Software Engineer (ML),Krutrim,"Kochi, Kerala",4.3
CAND_0000165,0.65,0.7677,0.3333,0.7,0.79,AI Specialist,Mad Street Den,San Francisco,6.8
CAND_0071002,0.6499,0.6725,0.25,1.0,0.76,Data Analyst,Freshworks,"Pune, Maharashtra",7.9
CAND_0063998,0.6499,0.6874,0.1667,1.0,0.838,Software Engineer,Dunder Mifflin,"Bangalore, Karnataka",5.3
CAND_0058325,0.6499,0.6808,0.1667,0.85,1.0,Backend Engineer,PharmEasy,"Jaipur, Rajasthan",5.6
CAND_0089887,0.6499,0.7325,0.3333,0.85,0.701,Customer Support,Acme Corp,"Chandigarh, Chandigarh",5.3
CAND_0000770,0.6499,0.7342,0.25,0.85,0.802,Mechanical Engineer,Dunder Mifflin,"Bhubaneswar, Odisha",8.9
CAND_0029362,0.6499,0.7441,0.0833,1.0,0.843,Data Engineer,Meesho,"Bangalore, Karnataka",6.8
CAND_0019427,0.6499,0.7336,0.4167,0.55,0.895,Civil Engineer,TCS,"Kochi, Kerala",5.3
CAND_0025512,0.6498,0.703,0.3333,1.0,0.602,Project Manager,Pied Piper,"Pune, Maharashtra",5.7
CAND_0066005,0.6498,0.7014,0.25,0.85,0.859,HR Manager,Stark Industries,"Chennai, Tamil Nadu",7.1
CAND_0049768,0.6498,0.7038,0.0833,1.0,0.913,HR Manager,Dunder Mifflin,"Bangalore, Karnataka",7.4
CAND_0024413,0.6498,0.6924,0.25,0.8,0.925,Marketing Manager,Dunder Mifflin,"Bangalore, Karnataka",10.4
CAND_0000981,0.6498,0.7529,0.3333,0.85,0.665,ML Engineer,Wysa,"Bhubaneswar, Odisha",6.4
CAND_0069718,0.6498,0.7261,0.1667,0.85,0.92,ML Engineer,Saarthi.ai,"Trivandrum, Kerala",5.7
CAND_0098695,0.6497,0.6874,0.1667,1.0,0.837,Cloud Engineer,Pied Piper,"Pune, Maharashtra",5.7
CAND_0066748,0.6497,0.7326,0.3333,0.8,0.75,Mechanical Engineer,Pied Piper,"Delhi, Delhi",10.2
CAND_0009928,0.6497,0.7038,0.3333,0.6,1.0,Sales Executive,Hooli,"Pune, Maharashtra",1.3
CAND_0096103,0.6497,0.7445,0.4167,0.55,0.875,Customer Support,TCS,"Kolkata, West Bengal",7.6
CAND_0079244,0.6496,0.675,0.3333,0.65,1.0,HR Manager,Globex Inc,"Jaipur, Rajasthan",10.6
CAND_0057889,0.6496,0.7361,0.4167,0.45,0.989,Customer Support,Acme Corp,"Coimbatore, Tamil Nadu",14.2
CAND_0036460,0.6495,0.6535,0.0833,1.0,1.0,Operations Manager,Stark Industries,"Mumbai, Maharashtra",7.8
CAND_0083004,0.6495,0.7194,0.25,0.85,0.826,Operations Manager,Stark Industries,"Vizag, Andhra Pradesh",6.4
CAND_0016163,0.6495,0.7274,0.1667,0.85,0.916,Applied ML Engineer,Dream11,"Gurgaon, Haryana",6.7
CAND_0047721,0.6495,0.7622,0.3333,0.85,0.647,Senior Data Scientist,Microsoft,"Coimbatore, Tamil Nadu",7.0
CAND_0076498,0.6495,0.7343,0.25,0.65,1.0,Sales Executive,Globex Inc,"Kolkata, West Bengal",9.4
CAND_0020311,0.6495,0.7294,0.4167,0.45,1.0,Customer Support,Acme Corp,"Jaipur, Rajasthan",1.6
CAND_0089772,0.6494,0.7154,0.4167,0.6,0.874,Customer Support,Hooli,"Hyderabad, Telangana",13.3
CAND_0062096,0.6494,0.7341,0.1667,0.85,0.904,Senior Software Engineer,Vedantu,"Chandigarh, Chandigarh",8.0
CAND_0061655,0.6494,0.7547,0.25,0.65,0.964,Machine Learning Engineer,Krutrim,"Jaipur, Rajasthan",4.6
CAND_0058042,0.6493,0.7245,0.3333,0.8,0.762,Sales Executive,Wayne Enterprises,"Noida, Uttar Pradesh",10.6
CAND_0013315,0.6493,0.6907,0.3333,0.65,0.971,HR Manager,Stark Industries,"Vizag, Andhra Pradesh",4.4
CAND_0049363,0.6493,0.709,0.3333,0.7,0.889,Marketing Manager,Dunder Mifflin,San Francisco,7.2
CAND_0014438,0.6493,0.7337,0.1667,0.85,0.904,Senior Data Engineer,Flipkart,"Kochi, Kerala",7.5
CAND_0086036,0.6493,0.7182,0.25,0.7,0.977,Operations Manager,Globex Inc,London,5.8
CAND_0058412,0.6493,0.7742,0.25,0.85,0.729,Senior Software Engineer (ML),InMobi,"Indore, Madhya Pradesh",6.6
CAND_0057387,0.6493,0.7289,0.4167,0.45,1.0,Content Writer,Stark Industries,"Coimbatore, Tamil Nadu",2.3
CAND_0064884,0.6492,0.6648,0.1667,1.0,0.874,Full Stack Developer,Acme Corp,"Bangalore, Karnataka",6.8
CAND_0053291,0.6492,0.6739,0.25,0.85,0.904,Analytics Engineer,upGrad,"Coimbatore, Tamil Nadu",7.6
CAND_0079114,0.6492,0.7112,0.25,1.0,0.689,Sales Executive,Stark Industries,"Noida, Uttar Pradesh",7.7
CAND_0017111,0.6492,0.6786,0.1667,0.85,1.0,Data Analyst,Zomato,"Ahmedabad, Gujarat",5.3
CAND_0005259,0.6492,0.7121,0.0,1.0,1.0,Software Engineer,Freshworks,"Mumbai, Maharashtra",6.3
CAND_0030550,0.6492,0.7322,0.25,0.85,0.802,AI Research Engineer,Rephrase.ai,"Coimbatore, Tamil Nadu",5.2
CAND_0033577,0.6492,0.7343,0.4167,0.65,0.79,Mechanical Engineer,Hooli,"Jaipur, Rajasthan",4.2
CAND_0013392,0.6492,0.7218,0.3333,0.65,0.916,Senior Software Engineer,Paytm,"Kochi, Kerala",4.6
CAND_0074326,0.6492,0.7382,0.0833,0.85,1.0,Junior ML Engineer,Tech Mahindra,"Chennai, Tamil Nadu",6.4
CAND_0057563,0.6492,0.7648,0.1667,0.85,0.849,NLP Engineer,Locobuzz,"Indore, Madhya Pradesh",6.8
CAND_0080208,0.6491,0.6689,0.0833,1.0,0.971,Full Stack Developer,Wayne Enterprises,"Delhi, Delhi",5.8
CAND_0078333,0.6491,0.6698,0.25,0.85,0.911,Analytics Engineer,Zoho,"Kochi, Kerala",7.9
CAND_0067041,0.6491,0.7057,0.1667,1.0,0.802,Data Scientist,Saarthi.ai,"Noida, Uttar Pradesh",6.9
CAND_0097299,0.6491,0.7114,0.3333,0.85,0.734,Content Writer,Pied Piper,"Bhubaneswar, Odisha",7.4
CAND_0059075,0.6491,0.7068,0.1667,0.8,1.0,Software Engineer,CRED,"Delhi, Delhi",4.1
CAND_0067315,0.649,0.6846,0.0833,1.0,0.943,Software Engineer,Razorpay,"Hyderabad, Telangana",6.2
CAND_0013778,0.649,0.6879,0.0833,1.0,0.937,QA Engineer,Mindtree,"Mumbai, Maharashtra",6.3
CAND_0047811,0.649,0.722,0.25,1.0,0.669,Civil Engineer,Pied Piper,"Hyderabad, Telangana",9.0
CAND_0095060,0.649,0.6999,0.0833,1.0,0.916,AI Specialist,BYJU'S,"Hyderabad, Telangana",6.3
CAND_0018396,0.649,0.7141,0.1667,0.85,0.937,Analytics Engineer,PhonePe,"Bhubaneswar, Odisha",5.3
CAND_0064123,0.6489,0.6921,0.1667,1.0,0.825,Data Engineer,Meesho,"Pune, Maharashtra",5.4
CAND_0094197,0.6489,0.7133,0.0833,1.0,0.892,Software Engineer,InMobi,"Hyderabad, Telangana",6.6
CAND_0009048,0.6489,0.7114,0.25,0.8,0.887,Business Analyst,Acme Corp,"Hyderabad, Telangana",10.1
CAND_0032317,0.6489,0.7373,0.0833,0.85,1.0,Senior Software Engineer,PhonePe,"Trivandrum, Kerala",6.5
CAND_0095972,0.6489,0.7436,0.0833,0.85,0.989,Senior Data Engineer,Meesho,"Chandigarh, Chandigarh",6.2
CAND_0022478,0.6488,0.7048,0.1667,1.0,0.802,Software Engineer,BYJU'S,"Bangalore, Karnataka",7.0
CAND_0053885,0.6488,0.7209,0.3333,0.85,0.716,Accountant,Acme Corp,"Vizag, Andhra Pradesh",9.0
CAND_0081253,0.6488,0.7259,0.3333,0.85,0.707,Mechanical Engineer,Acme Corp,"Bhubaneswar, Odisha",6.5
CAND_0009276,0.6488,0.7107,0.0,1.0,1.0,Business Analyst,Dunder Mifflin,"Delhi, Delhi",6.9
CAND_0064480,0.6488,0.7107,0.0,1.0,1.0,Project Manager,Wayne Enterprises,"Noida, Uttar Pradesh",7.0
CAND_0016940,0.6488,0.7155,0.4167,0.65,0.821,Content Writer,Acme Corp,"Ahmedabad, Gujarat",10.6
CAND_0036520,0.6488,0.7202,0.3333,0.65,0.917,Data Scientist,Glance,"Indore, Madhya Pradesh",4.2
CAND_0003787,0.6487,0.6512,0.0833,1.0,1.0,Java Developer,Razorpay,"Hyderabad, Telangana",6.7
CAND_0061576,0.6487,0.6714,0.1667,1.0,0.86,Mobile Developer,Tech Mahindra,"Hyderabad, Telangana",5.2
CAND_0062876,0.6487,0.6988,0.3333,0.85,0.754,Project Manager,Initech,"Kochi, Kerala",5.8
CAND_0030734,0.6487,0.6938,0.0833,1.0,0.925,Mechanical Engineer,Stark Industries,"Pune, Maharashtra",5.5
CAND_0031354,0.6487,0.7193,0.25,0.85,0.822,HR Manager,Initech,"Chandigarh, Chandigarh",5.5
CAND_0071962,0.6487,0.6976,0.3333,0.65,0.956,Sales Executive,Pied Piper,"Kochi, Kerala",10.5
CAND_0008799,0.6487,0.7277,0.4167,0.65,0.799,Content Writer,Dunder Mifflin,"Chennai, Tamil Nadu",10.7
CAND_0012985,0.6487,0.7296,0.4167,0.65,0.796,HR Manager,Dunder Mifflin,"Jaipur, Rajasthan",10.1
CAND_0079031,0.6487,0.7138,0.3333,0.65,0.928,Accountant,Dunder Mifflin,"Coimbatore, Tamil Nadu",9.2
CAND_0076472,0.6487,0.7391,0.1667,0.85,0.892,Senior Data Engineer,Stark Industries,"Coimbatore, Tamil Nadu",6.8
CAND_0090234,0.6487,0.7435,0.1667,0.8,0.934,Senior Software Engineer,Wayne Enterprises,"Mumbai, Maharashtra",4.3
CAND_0027061,0.6487,0.7297,0.3333,0.55,1.0,Project Manager,Wipro,"Chennai, Tamil Nadu",7.3
CAND_0034650,0.6486,0.6538,0.4167,0.7,0.878,Graphic Designer,Acme Corp,San Francisco,6.0
CAND_0096732,0.6486,0.6891,0.1667,1.0,0.829,Backend Engineer,Mphasis,"Mumbai, Maharashtra",6.8
CAND_0093296,0.6486,0.7059,0.25,1.0,0.695,Backend Engineer,Wayne Enterprises,"Pune, Maharashtra",5.8
CAND_0009509,0.6486,0.6815,0.0833,1.0,0.946,DevOps Engineer,Hooli,"Hyderabad, Telangana",5.7
CAND_0010993,0.6486,0.7064,0.4167,0.8,0.686,Business Analyst,Globex Inc,"Mumbai, Maharashtra",4.1
CAND_0084871,0.6486,0.7102,0.0,1.0,1.0,Civil Engineer,Pied Piper,"Noida, Uttar Pradesh",5.2
CAND_0042018,0.6485,0.7038,0.3333,0.85,0.744,Operations Manager,Acme Corp,"Indore, Madhya Pradesh",6.4
CAND_0067670,0.6485,0.7257,0.3333,0.6,0.956,Accountant,Globex Inc,"Pune, Maharashtra",3.0
CAND_0035414,0.6485,0.7362,0.0833,0.85,1.0,Customer Support,Dunder Mifflin,"Jaipur, Rajasthan",7.7
CAND_0060530,0.6484,0.6684,0.25,0.85,0.91,Cloud Engineer,Pied Piper,"Indore, Madhya Pradesh",5.0
CAND_0086050,0.6484,0.6765,0.1667,0.85,1.0,Cloud Engineer,HCL,"Vizag, Andhra Pradesh",5.3
CAND_0089775,0.6484,0.719,0.3333,0.85,0.717,Business Analyst,Dunder Mifflin,"Chennai, Tamil Nadu",6.6
CAND_0069864,0.6484,0.7069,0.4167,0.7,0.784,Operations Manager,TCS,"Bangalore, Karnataka",6.5
CAND_0088063,0.6484,0.698,0.3333,0.7,0.904,Graphic Designer,Globex Inc,Dubai,7.9
CAND_0002884,0.6484,0.731,0.25,0.7,0.95,Software Engineer,Hooli,Dubai,6.4
CAND_0081994,0.6483,0.6628,0.25,1.0,0.769,.NET Developer,Stark Industries,"Pune, Maharashtra",6.3
CAND_0099588,0.6483,0.65,0.0833,1.0,1.0,Content Writer,Initech,"Hyderabad, Telangana",8.4
CAND_0075698,0.6483,0.6932,0.3333,0.65,0.962,Marketing Manager,Acme Corp,"Kolkata, West Bengal",10.2
CAND_0007915,0.6483,0.7136,0.3333,0.65,0.926,Project Manager,Wayne Enterprises,"Indore, Madhya Pradesh",10.9
CAND_0071115,0.6483,0.7522,0.5,0.45,0.85,Recommendation Systems Engineer,Meta,"Ahmedabad, Gujarat",16.5
CAND_0070596,0.6482,0.6796,0.3333,1.0,0.635,Project Manager,Dunder Mifflin,"Mumbai, Maharashtra",8.7
CAND_0066698,0.6482,0.6827,0.0833,1.0,0.942,Frontend Engineer,Acme Corp,"Bangalore, Karnataka",5.4
CAND_0077031,0.6482,0.6757,0.1667,0.85,1.0,Software Engineer,Paytm,"Vizag, Andhra Pradesh",5.0
CAND_0003324,0.6482,0.7241,0.4167,0.8,0.653,Mechanical Engineer,Pied Piper,"Hyderabad, Telangana",10.8
CAND_0019249,0.6482,0.7117,0.25,0.8,0.883,Sales Executive,Stark Industries,"Hyderabad, Telangana",4.4
CAND_0016223,0.6482,0.7092,0.0,1.0,1.0,Project Manager,Pied Piper,"Mumbai, Maharashtra",5.4
CAND_0079838,0.6482,0.7433,0.1667,1.0,0.732,Senior Data Engineer,Nykaa,"Delhi, Delhi",7.6
CAND_0091379,0.6482,0.7043,0.3333,0.6,0.992,Mechanical Engineer,Globex Inc,"Hyderabad, Telangana",12.4
CAND_0034925,0.6481,0.7018,0.25,0.7,1.0,Data Engineer,Initech,Austin,7.0
CAND_0043495,0.648,0.6489,0.0833,1.0,1.0,Mobile Developer,Acme Corp,"Noida, Uttar Pradesh",7.1
CAND_0015987,0.648,0.7095,0.1667,1.0,0.79,Data Engineer,Stark Industries,"Delhi, Delhi",6.9
CAND_0031780,0.648,0.695,0.3333,0.7,0.907,Project Manager,Hooli,Dubai,8.8
CAND_0068057,0.648,0.7258,0.4167,0.65,0.799,Project Manager,Dunder Mifflin,"Trivandrum, Kerala",9.2
CAND_0081575,0.648,0.7182,0.1667,0.8,0.975,Senior Software Engineer,Vedantu,"Mumbai, Maharashtra",4.0
CAND_0095184,0.648,0.7588,0.0833,1.0,0.808,AI Research Engineer,Paytm,"Noida, Uttar Pradesh",5.2
CAND_0064593,0.6479,0.6874,0.3333,1.0,0.62,Operations Manager,Stark Industries,"Pune, Maharashtra",6.6
CAND_0080093,0.6479,0.6488,0.0833,1.0,1.0,DevOps Engineer,Pied Piper,"Noida, Uttar Pradesh",6.3
CAND_0098356,0.6479,0.7303,0.3333,0.85,0.695,Civil Engineer,Acme Corp,"Indore, Madhya Pradesh",5.8
CAND_0003145,0.6479,0.7092,0.1667,0.85,0.94,Analytics Engineer,Flipkart,"Gurgaon, Haryana",5.0
CAND_0044168,0.6479,0.731,0.0833,1.0,0.856,Senior Data Engineer,Globex Inc,"Delhi, Delhi",5.9
CAND_0065324,0.6479,0.7047,0.1667,0.8,0.998,Analytics Engineer,Mphasis,"Hyderabad, Telangana",4.3
CAND_0091039,0.6479,0.7519,0.25,0.85,0.761,AI Specialist,Sarvam AI,"Chennai, Tamil Nadu",6.8
CAND_0095271,0.6479,0.7251,0.4167,0.45,1.0,Customer Support,Wayne Enterprises,"Ahmedabad, Gujarat",2.0
CAND_0030714,0.6478,0.6747,0.1667,0.85,1.0,Java Developer,Initech,"Indore, Madhya Pradesh",9.0
CAND_0046792,0.6478,0.705,0.0833,1.0,0.901,Data Engineer,HCL,"Delhi, Delhi",6.0
CAND_0060388,0.6478,0.7248,0.3333,0.8,0.754,Civil Engineer,Globex Inc,"Delhi, Delhi",4.8
CAND_0046810,0.6478,0.7085,0.0,1.0,0.999,Software Engineer,CRED,"Mumbai, Maharashtra",7.3
CAND_0087859,0.6478,0.7129,0.1667,0.85,0.933,QA Engineer,Globex Inc,"Jaipur, Rajasthan",6.8
CAND_0029778,0.6478,0.701,0.25,0.7,1.0,Accountant,Globex Inc,Austin,7.2
CAND_0066690,0.6478,0.7294,0.25,0.65,1.0,ML Engineer,Freshworks,"Gurgaon, Haryana",4.8
CAND_0089917,0.6477,0.6703,0.25,1.0,0.753,Data Engineer,Initech,"Bangalore, Karnataka",5.3
CAND_0054804,0.6477,0.6907,0.4167,0.85,0.659,Mechanical Engineer,Initech,"Kolkata, West Bengal",6.0
CAND_0029373,0.6477,0.6951,0.4167,0.85,0.651,Business Analyst,Initech,"Jaipur, Rajasthan",5.0
CAND_0064691,0.6477,0.6774,0.0833,1.0,0.949,.NET Developer,Mphasis,"Hyderabad, Telangana",7.3
CAND_0098226,0.6477,0.7353,0.3333,0.7,0.835,Computer Vision Engineer,Haptik,Seattle,5.0
CAND_0055187,0.6477,0.7275,0.3333,0.65,0.899,Project Manager,Globex Inc,"Chennai, Tamil Nadu",10.2
CAND_0067643,0.6477,0.7593,0.25,0.85,0.747,AI Research Engineer,PhonePe,"Chennai, Tamil Nadu",6.0
CAND_0029439,0.6477,0.7454,0.0833,0.85,0.98,AI Specialist,Mad Street Den,"Ahmedabad, Gujarat",6.4
CAND_0090793,0.6476,0.6479,0.0833,1.0,1.0,Java Developer,Stark Industries,"Noida, Uttar Pradesh",5.9
CAND_0014494,0.6476,0.7057,0.4167,0.85,0.632,Graphic Designer,Acme Corp,"Trivandrum, Kerala",7.1
CAND_0050512,0.6476,0.6806,0.0833,1.0,0.943,Cloud Engineer,Razorpay,"Bangalore, Karnataka",5.7
CAND_0096357,0.6476,0.707,0.4167,0.8,0.68,Customer Support,Dunder Mifflin,"Pune, Maharashtra",4.6
CAND_0035834,0.6476,0.7074,0.0,1.0,1.0,QA Engineer,Mphasis,"Bangalore, Karnataka",5.1
CAND_0073722,0.6476,0.7592,0.1667,1.0,0.701,Data Engineer,Mphasis,"Hyderabad, Telangana",6.9
CAND_0027723,0.6476,0.729,0.25,0.65,1.0,ML Engineer,Wysa,"Ahmedabad, Gujarat",4.2
CAND_0082738,0.6476,0.7289,0.25,0.65,1.0,Senior Data Engineer,Razorpay,"Vizag, Andhra Pradesh",4.7
CAND_0056463,0.6475,0.6639,0.25,0.85,0.913,Cloud Engineer,Initech,"Ahmedabad, Gujarat",5.6
CAND_0050666,0.6475,0.6806,0.25,0.85,0.884,HR Manager,Wayne Enterprises,"Vizag, Andhra Pradesh",5.0
CAND_0050296,0.6475,0.6897,0.25,0.85,0.868,Analytics Engineer,Vedantu,"Bhubaneswar, Odisha",6.2
CAND_0010187,0.6475,0.7153,0.3333,0.8,0.769,Sales Executive,Globex Inc,"Noida, Uttar Pradesh",4.5
CAND_0016902,0.6475,0.7063,0.1667,0.85,0.943,Data Analyst,Swiggy,"Vizag, Andhra Pradesh",6.4
CAND_0067840,0.6475,0.7101,0.0,1.0,0.995,Mechanical Engineer,Initech,"Hyderabad, Telangana",7.7
CAND_0003813,0.6475,0.7234,0.1667,0.85,0.913,Data Engineer,Pied Piper,"Vizag, Andhra Pradesh",7.7
CAND_0044135,0.6475,0.7458,0.1667,0.85,0.874,Computer Vision Engineer,Haptik,"Ahmedabad, Gujarat",6.7
CAND_0026096,0.6474,0.6901,0.0833,1.0,0.925,Software Engineer,Unacademy,"Mumbai, Maharashtra",5.5
CAND_0001980,0.6474,0.7133,0.3333,0.85,0.722,Operations Manager,Dunder Mifflin,"Kochi, Kerala",8.7
CAND_0024828,0.6474,0.7004,0.0833,1.0,0.907,Software Engineer,HCL,"Hyderabad, Telangana",8.7
CAND_0061710,0.6474,0.727,0.4167,0.7,0.744,Mechanical Engineer,Dunder Mifflin,New York,8.5
CAND_0047310,0.6474,0.7329,0.0833,0.85,1.0,Senior Data Engineer,Flipkart,"Vizag, Andhra Pradesh",6.8
CAND_0057039,0.6473,0.6641,0.1667,1.0,0.866,DevOps Engineer,Stark Industries,"Hyderabad, Telangana",8.1
CAND_0033897,0.6473,0.6637,0.0833,1.0,0.971,Data Analyst,upGrad,"Delhi, Delhi",5.2
CAND_0083942,0.6473,0.6791,0.0833,1.0,0.944,Cloud Engineer,Tech Mahindra,"Hyderabad, Telangana",8.2
CAND_0086170,0.6473,0.6788,0.25,0.85,0.886,.NET Developer,HCL,"Bhubaneswar, Odisha",7.4
CAND_0048971,0.6473,0.6872,0.0833,1.0,0.93,Software Engineer,Mphasis,"Mumbai, Maharashtra",6.5
CAND_0094998,0.6473,0.6731,0.1667,0.85,1.0,Cloud Engineer,CRED,"Coimbatore, Tamil Nadu",6.5
CAND_0086168,0.6473,0.7125,0.3333,0.65,0.923,Operations Manager,Initech,"Bhubaneswar, Odisha",9.2
CAND_0016957,0.6473,0.7209,0.3333,0.65,0.908,Operations Manager,Stark Industries,"Kochi, Kerala",9.9
CAND_0001131,0.6473,0.7452,0.1667,0.85,0.874,ML Engineer,Wysa,"Chennai, Tamil Nadu",5.8
CAND_0078348,0.6472,0.6701,0.1667,1.0,0.855,Cloud Engineer,Globex Inc,"Hyderabad, Telangana",7.2
CAND_0072817,0.6472,0.7071,0.1667,1.0,0.79,Analytics Engineer,Stark Industries,"Mumbai, Maharashtra",7.2
CAND_0058938,0.6472,0.7034,0.0833,1.0,0.901,Software Engineer,Razorpay,"Pune, Maharashtra",5.5
CAND_0012591,0.6472,0.726,0.1667,1.0,0.757,Backend Engineer,Mphasis,"Hyderabad, Telangana",6.5
CAND_0051007,0.6472,0.7389,0.4167,0.65,0.772,Project Manager,Stark Industries,"Chandigarh, Chandigarh",9.2
CAND_0044773,0.6471,0.7248,0.4167,0.85,0.596,Project Manager,Wayne Enterprises,"Chennai, Tamil Nadu",8.3
CAND_0031935,0.6471,0.6679,0.3333,0.65,1.0,Data Analyst,Stark Industries,"Ahmedabad, Gujarat",4.0
CAND_0054400,0.6471,0.7125,0.25,0.85,0.826,Mechanical Engineer,Dunder Mifflin,"Bhubaneswar, Odisha",6.1
CAND_0038505,0.6471,0.7313,0.3333,0.85,0.689,Mechanical Engineer,Dunder Mifflin,"Trivandrum, Kerala",7.4
CAND_0023608,0.6471,0.7024,0.1667,0.8,0.998,QA Engineer,Dunder Mifflin,"Mumbai, Maharashtra",4.3
CAND_0042285,0.647,0.7157,0.3333,1.0,0.566,HR Manager,Initech,"Pune, Maharashtra",7.1
CAND_0088139,0.647,0.7057,0.0,1.0,1.0,Project Manager,Pied Piper,"Noida, Uttar Pradesh",7.4
CAND_0095579,0.647,0.7232,0.25,0.85,0.807,Mechanical Engineer,Dunder Mifflin,"Vizag, Andhra Pradesh",6.4
CAND_0057964,0.6469,0.6764,0.3333,0.85,0.784,Marketing Manager,Pied Piper,"Vizag, Andhra Pradesh",6.1
CAND_0048910,0.6469,0.7093,0.25,1.0,0.681,Analytics Engineer,Pied Piper,"Hyderabad, Telangana",7.6
CAND_0009288,0.6469,0.7242,0.4167,0.85,0.596,Civil Engineer,Pied Piper,"Ahmedabad, Gujarat",8.7
CAND_0037259,0.6469,0.7007,0.0833,1.0,0.904,Software Engineer,HCL,"Hyderabad, Telangana",6.7
CAND_0039880,0.6469,0.7008,0.1667,0.8,1.0,Software Engineer,Wayne Enterprises,"Pune, Maharashtra",4.9
CAND_0067183,0.6469,0.7144,0.1667,0.85,0.926,ML Engineer,Sarvam AI,"Vizag, Andhra Pradesh",6.1
CAND_0026716,0.6469,0.7317,0.0833,0.85,1.0,Computer Vision Engineer,PharmEasy,"Trivandrum, Kerala",5.6
CAND_0070515,0.6468,0.6457,0.0833,1.0,1.0,Java Developer,Hooli,"Hyderabad, Telangana",7.4
CAND_0079576,0.6468,0.6685,0.0833,1.0,0.96,Cloud Engineer,Flipkart,"Pune, Maharashtra",5.0
CAND_0002541,0.6468,0.7133,0.3333,0.85,0.719,Accountant,Wayne Enterprises,"Kolkata, West Bengal",5.8
CAND_0033919,0.6468,0.7052,0.0,1.0,1.0,Project Manager,Initech,"Hyderabad, Telangana",9.0
CAND_0037264,0.6468,0.7053,0.0,1.0,1.0,Analytics Engineer,Mphasis,"Noida, Uttar Pradesh",7.1
CAND_0002667,0.6467,0.6725,0.1667,0.85,0.998,Full Stack Developer,Hooli,"Indore, Madhya Pradesh",5.7
CAND_0083517,0.6467,0.7267,0.3333,0.85,0.695,Sales Executive,Hooli,"Kochi, Kerala",7.3
CAND_0025175,0.6467,0.7372,0.3333,0.8,0.727,Project Manager,Initech,"Hyderabad, Telangana",9.1
CAND_0017459,0.6466,0.653,0.25,0.85,0.928,.NET Developer,Globex Inc,"Vizag, Andhra Pradesh",6.7
CAND_0022137,0.6466,0.6908,0.0833,1.0,0.92,Business Analyst,Acme Corp,"Pune, Maharashtra",6.4
CAND_0006858,0.6466,0.7281,0.0,1.0,0.959,Content Writer,Acme Corp,"Mumbai, Maharashtra",5.7
CAND_0094251,0.6466,0.7428,0.1667,0.85,0.875,Senior Software Engineer,Paytm,"Coimbatore, Tamil Nadu",7.2
CAND_0041047,0.6466,0.7318,0.3333,0.65,0.886,Sales Executive,Wayne Enterprises,"Bhubaneswar, Odisha",10.3
CAND_0018132,0.6465,0.6802,0.0833,1.0,0.938,Project Manager,Stark Industries,"Mumbai, Maharashtra",5.4
CAND_0093102,0.6465,0.7042,0.0,1.0,1.0,Mechanical Engineer,Stark Industries,"Pune, Maharashtra",8.9
CAND_0097904,0.6465,0.7244,0.4167,0.7,0.744,Content Writer,Pied Piper,Toronto,8.6
CAND_0057720,0.6465,0.7343,0.1667,0.85,0.889,Data Engineer,Dream11,"Kolkata, West Bengal",6.1
CAND_0099514,0.6465,0.749,0.4167,0.6,0.801,Content Writer,Pied Piper,"Noida, Uttar Pradesh",2.8
CAND_0067219,0.6465,0.7435,0.25,0.7,0.919,Software Engineer,Globex Inc,Sydney,5.7
CAND_0021255,0.6465,0.7209,0.4167,0.45,1.0,Operations Manager,Initech,"Trivandrum, Kerala",2.2
CAND_0099965,0.6465,0.7463,0.25,0.65,0.964,Junior ML Engineer,Niramai,"Kochi, Kerala",4.6
CAND_0063381,0.6464,0.6586,0.1667,1.0,0.871,DevOps Engineer,Pied Piper,"Pune, Maharashtra",5.7
CAND_0089531,0.6464,0.6627,0.25,0.85,0.91,Full Stack Developer,Hooli,"Vizag, Andhra Pradesh",7.5
CAND_0056114,0.6464,0.7123,0.3333,0.85,0.719,Operations Manager,Hooli,"Ahmedabad, Gujarat",6.3
CAND_0077990,0.6464,0.7273,0.1667,1.0,0.751,Data Engineer,Globex Inc,"Hyderabad, Telangana",7.4
CAND_0004830,0.6464,0.7041,0.0,1.0,1.0,QA Engineer,CRED,"Bangalore, Karnataka",6.1
CAND_0032737,0.6464,0.7066,0.1667,0.85,0.937,Backend Engineer,Stark Industries,"Chennai, Tamil Nadu",7.5
CAND_0089552,0.6464,0.7534,0.3333,0.85,0.647,Machine Learning Engineer,Netflix,"Kolkata, West Bengal",6.0
CAND_0014439,0.6464,0.7207,0.4167,0.45,1.0,Civil Engineer,Globex Inc,"Jaipur, Rajasthan",2.2
CAND_0012488,0.6463,0.6703,0.1667,0.85,1.0,DevOps Engineer,Hooli,"Kolkata, West Bengal",5.6
CAND_0038852,0.6463,0.7061,0.3333,0.85,0.729,Content Writer,Globex Inc,"Kochi, Kerala",5.2
CAND_0068999,0.6463,0.713,0.3333,0.85,0.717,Sales Executive,Acme Corp,"Coimbatore, Tamil Nadu",8.1
CAND_0032316,0.6463,0.7203,0.4167,0.8,0.65,Marketing Manager,Pied Piper,"Pune, Maharashtra",9.6
CAND_0072139,0.6463,0.7037,0.0,1.0,1.0,Content Writer,Wayne Enterprises,"Delhi, Delhi",8.6
CAND_0091500,0.6463,0.7066,0.0,1.0,0.995,Civil Engineer,Dunder Mifflin,"Mumbai, Maharashtra",5.2
CAND_0013755,0.6463,0.7434,0.1667,1.0,0.722,Senior Software Engineer,CRED,"Bangalore, Karnataka",5.8
CAND_0081563,0.6463,0.7431,0.0833,0.85,0.977,ML Engineer,Dream11,"Kochi, Kerala",6.9
CAND_0055838,0.6463,0.7203,0.4167,0.45,1.0,Graphic Designer,Acme Corp,"Bhubaneswar, Odisha",12.0
CAND_0024457,0.6462,0.6843,0.3333,1.0,0.617,Sales Executive,Dunder Mifflin,"Hyderabad, Telangana",7.5
CAND_0007972,0.6462,0.6656,0.25,0.85,0.904,Frontend Engineer,Pied Piper,"Ahmedabad, Gujarat",7.5
CAND_0045267,0.6462,0.6747,0.0833,1.0,0.946,Cloud Engineer,Mindtree,"Mumbai, Maharashtra",6.9
CAND_0045818,0.6462,0.7062,0.1667,0.85,0.937,Analytics Engineer,Tech Mahindra,"Coimbatore, Tamil Nadu",7.7
CAND_0070658,0.6462,0.7352,0.3333,0.8,0.728,Civil Engineer,Acme Corp,"Mumbai, Maharashtra",10.9
CAND_0097294,0.6462,0.6962,0.25,0.7,1.0,Analytics Engineer,InMobi,Sydney,7.4
CAND_0062533,0.6462,0.7236,0.3333,0.65,0.898,Civil Engineer,Dunder Mifflin,"Kochi, Kerala",4.9
CAND_0052360,0.6462,0.744,0.4167,0.6,0.808,ML Engineer,Wysa,"Bangalore, Karnataka",3.0
CAND_0092641,0.6462,0.7344,0.3333,0.6,0.929,Content Writer,Dunder Mifflin,"Hyderabad, Telangana",14.9
CAND_0060340,0.6462,0.7514,0.0833,0.85,0.962,Computer Vision Engineer,Wysa,"Coimbatore, Tamil Nadu",6.1
CAND_0087979,0.6461,0.6438,0.0833,1.0,1.0,Marketing Manager,Wayne Enterprises,"Delhi, Delhi",7.3
CAND_0016832,0.6461,0.6617,0.25,0.85,0.91,.NET Developer,CRED,"Chandigarh, Chandigarh",5.4
CAND_0072485,0.6461,0.7033,0.4167,0.85,0.629,Sales Executive,Acme Corp,"Bhubaneswar, Odisha",8.2
CAND_0021236,0.6461,0.6973,0.1667,1.0,0.802,QA Engineer,Globex Inc,"Noida, Uttar Pradesh",6.0
CAND_0082736,0.6461,0.7031,0.0,1.0,1.0,Customer Support,Wayne Enterprises,"Noida, Uttar Pradesh",5.3
CAND_0073190,0.6461,0.7078,0.3333,0.7,0.875,Software Engineer,Hooli,Toronto,5.4
CAND_0017648,0.6461,0.7636,0.1667,0.8,0.886,AI Specialist,Freshworks,"Mumbai, Maharashtra",4.0
CAND_0006180,0.646,0.7075,0.3333,1.0,0.575,Content Writer,Acme Corp,"Pune, Maharashtra",6.8
CAND_0091845,0.646,0.6694,0.1667,0.85,1.0,Data Analyst,Mphasis,"Chandigarh, Chandigarh",6.5
CAND_0004252,0.646,0.7029,0.0,1.0,1.0,Customer Support,Initech,"Hyderabad, Telangana",8.0
CAND_0041965,0.646,0.7239,0.0833,1.0,0.859,QA Engineer,Zomato,"Hyderabad, Telangana",7.3
CAND_0081472,0.646,0.7363,0.3333,0.6,0.925,Civil Engineer,Initech,"Pune, Maharashtra",2.2
CAND_0023729,0.646,0.7491,0.4167,0.55,0.848,Customer Support,Wipro,"Jaipur, Rajasthan",6.3
CAND_0073408,0.6459,0.643,0.0833,1.0,1.0,Full Stack Developer,Mindtree,"Bangalore, Karnataka",7.9
CAND_0065881,0.6459,0.6628,0.25,0.85,0.907,Cloud Engineer,Hooli,"Chandigarh, Chandigarh",8.2
CAND_0058426,0.6459,0.6854,0.0833,1.0,0.926,Data Scientist,Wysa,"Bangalore, Karnataka",6.5
CAND_0039687,0.6459,0.7039,0.3333,0.85,0.731,HR Manager,Hooli,"Kolkata, West Bengal",9.0
CAND_0002127,0.6459,0.6787,0.3333,0.65,0.975,Accountant,Hooli,"Chandigarh, Chandigarh",10.5
CAND_0000739,0.6459,0.7107,0.4167,0.6,0.865,Civil Engineer,Globex Inc,"Mumbai, Maharashtra",11.1
CAND_0061614,0.6458,0.6429,0.0833,1.0,1.0,Full Stack Developer,Razorpay,"Pune, Maharashtra",8.2
CAND_0094390,0.6458,0.6604,0.1667,1.0,0.865,Full Stack Developer,Swiggy,"Pune, Maharashtra",7.4
CAND_0077115,0.6458,0.672,0.0833,1.0,0.949,QA Engineer,Zomato,"Noida, Uttar Pradesh",8.7
CAND_0059523,0.6458,0.7021,0.0,1.0,1.0,Accountant,Dunder Mifflin,"Noida, Uttar Pradesh",6.8
CAND_0053579,0.6458,0.7322,0.3333,0.7,0.831,Sales Executive,Hooli,Austin,6.4
CAND_0086548,0.6457,0.6783,0.3333,0.85,0.775,HR Manager,Pied Piper,"Trivandrum, Kerala",5.5
CAND_0087030,0.6457,0.7011,0.25,1.0,0.689,Data Engineer,Meesho,"Noida, Uttar Pradesh",7.8
CAND_0079958,0.6457,0.7189,0.3333,1.0,0.554,Sales Executive,Hooli,"Noida, Uttar Pradesh",5.4
CAND_0030186,0.6457,0.6779,0.0833,1.0,0.938,Frontend Engineer,Initech,"Delhi, Delhi",6.7
CAND_0080038,0.6457,0.7308,0.3333,0.85,0.683,Mechanical Engineer,Wayne Enterprises,"Bhubaneswar, Odisha",6.8
CAND_0031520,0.6457,0.723,0.1667,0.85,0.905,Senior Data Engineer,Wayne Enterprises,"Jaipur, Rajasthan",5.8
CAND_0016758,0.6457,0.7317,0.0,1.0,0.948,HR Manager,Initech,"Noida, Uttar Pradesh",5.3
CAND_0000738,0.6457,0.7187,0.4167,0.45,1.0,Graphic Designer,Dunder Mifflin,"Jaipur, Rajasthan",3.4
CAND_0069681,0.6456,0.6718,0.25,1.0,0.74,Full Stack Developer,Tech Mahindra,"Noida, Uttar Pradesh",8.3
CAND_0064947,0.6456,0.6821,0.25,0.85,0.872,HR Manager,Hooli,"Indore, Madhya Pradesh",7.8
CAND_0006922,0.6456,0.7219,0.4167,0.8,0.644,Graphic Designer,Initech,"Bangalore, Karnataka",9.3
CAND_0048286,0.6456,0.6982,0.1667,0.85,0.948,Software Engineer,Pied Piper,"Vizag, Andhra Pradesh",8.7
CAND_0061930,0.6456,0.7017,0.0,1.0,1.0,Operations Manager,Pied Piper,"Noida, Uttar Pradesh",8.8
CAND_0049217,0.6456,0.7454,0.25,0.85,0.761,Computer Vision Engineer,upGrad,"Gurgaon, Haryana",6.0
CAND_0062784,0.6456,0.7373,0.25,0.7,0.925,Customer Support,Dunder Mifflin,Singapore,8.0
CAND_0051246,0.6455,0.6613,0.1667,1.0,0.862,Mobile Developer,CRED,"Bangalore, Karnataka",6.3
CAND_0072529,0.6455,0.6904,0.25,1.0,0.707,QA Engineer,HCL,"Mumbai, Maharashtra",7.9
CAND_0097339,0.6455,0.6898,0.0833,1.0,0.916,Operations Manager,Pied Piper,"Pune, Maharashtra",5.6
CAND_0004863,0.6454,0.6694,0.1667,1.0,0.847,Frontend Engineer,Stark Industries,"Bangalore, Karnataka",8.4
CAND_0005247,0.6454,0.7084,0.25,1.0,0.675,Civil Engineer,Stark Industries,"Pune, Maharashtra",8.2
CAND_0090589,0.6454,0.6788,0.0833,1.0,0.935,QA Engineer,Tech Mahindra,"Noida, Uttar Pradesh",5.7
CAND_0083963,0.6454,0.7316,0.3333,1.0,0.53,Civil Engineer,Pied Piper,"Delhi, Delhi",6.6
CAND_0092041,0.6454,0.7,0.0833,1.0,0.898,Backend Engineer,Unacademy,"Noida, Uttar Pradesh",5.2
CAND_0099825,0.6454,0.7111,0.25,0.85,0.82,Junior ML Engineer,Sarvam AI,"Trivandrum, Kerala",5.7
CAND_0000987,0.6454,0.7071,0.25,0.8,0.877,Sales Executive,Dunder Mifflin,"Pune, Maharashtra",4.7
CAND_0066945,0.6454,0.7178,0.4167,0.45,1.0,HR Manager,Hooli,"Gurgaon, Haryana",11.5
CAND_0015260,0.6453,0.6807,0.0833,1.0,0.931,Software Engineer,Stark Industries,"Pune, Maharashtra",6.2
CAND_0049198,0.6453,0.6755,0.1667,0.85,0.986,.NET Developer,Pied Piper,"Trivandrum, Kerala",8.2
CAND_0044601,0.6453,0.694,0.0833,1.0,0.908,Mechanical Engineer,Acme Corp,"Delhi, Delhi",6.4
CAND_0091745,0.6453,0.722,0.0833,1.0,0.859,Junior ML Engineer,Locobuzz,"Pune, Maharashtra",5.9
CAND_0036415,0.6453,0.7111,0.4167,0.65,0.811,Operations Manager,Globex Inc,"Vizag, Andhra Pradesh",10.8
CAND_0002077,0.6452,0.6781,0.3333,1.0,0.623,Content Writer,Acme Corp,"Mumbai, Maharashtra",8.6
CAND_0055328,0.6452,0.6867,0.1667,1.0,0.816,Frontend Engineer,Swiggy,"Bangalore, Karnataka",7.1
CAND_0097563,0.6452,0.7327,0.3333,0.85,0.677,Mechanical Engineer,Globex Inc,"Gurgaon, Haryana",7.1
CAND_0018304,0.6452,0.7243,0.3333,0.65,0.892,Operations Manager,Wayne Enterprises,"Coimbatore, Tamil Nadu",4.5
CAND_0046543,0.6452,0.7269,0.0833,0.85,1.0,Data Engineer,Mindtree,"Vizag, Andhra Pradesh",7.6
CAND_0015733,0.6451,0.6803,0.0833,1.0,0.931,Accountant,Initech,"Mumbai, Maharashtra",8.4
CAND_0088655,0.6451,0.6863,0.1667,0.85,0.966,Software Engineer,Hooli,"Trivandrum, Kerala",6.7
CAND_0089122,0.6451,0.7004,0.0,1.0,1.0,Civil Engineer,Globex Inc,"Noida, Uttar Pradesh",5.4
CAND_0056563,0.6451,0.7046,0.1667,0.85,0.934,Backend Engineer,Dream11,"Kolkata, West Bengal",6.2
CAND_0026960,0.6451,0.6954,0.1667,0.8,1.0,Frontend Engineer,Hooli,"Mumbai, Maharashtra",9.8
CAND_0065788,0.6451,0.6975,0.3333,0.65,0.938,Operations Manager,Globex Inc,"Coimbatore, Tamil Nadu",10.2
CAND_0045870,0.6451,0.7133,0.0,1.0,0.977,Customer Support,Hooli,"Bangalore, Karnataka",5.3
CAND_0054173,0.6451,0.728,0.1667,0.85,0.893,Computer Vision Engineer,Verloop.io,"Indore, Madhya Pradesh",5.1
CAND_0079038,0.6451,0.7026,0.4167,0.5,0.975,Graphic Designer,Stark Industries,London,4.7
CAND_0094056,0.6451,0.7526,0.25,0.85,0.746,NLP Engineer,Rephrase.ai,"Chennai, Tamil Nadu",5.9
CAND_0000142,0.645,0.6284,0.1667,1.0,0.917,Mobile Developer,Mphasis,"Delhi, Delhi",5.1
CAND_0002700,0.645,0.6346,0.25,0.85,0.952,Mobile Developer,Razorpay,"Kochi, Kerala",5.0
CAND_0021636,0.645,0.6844,0.25,0.85,0.865,Software Engineer,Acme Corp,"Indore, Madhya Pradesh",6.6
CAND_0030692,0.645,0.6868,0.0833,1.0,0.919,Business Analyst,Wayne Enterprises,"Hyderabad, Telangana",9.0
CAND_0076804,0.645,0.7216,0.1667,0.85,0.904,Senior Data Engineer,Pied Piper,"Kolkata, West Bengal",5.3
CAND_0085159,0.645,0.7166,0.4167,0.45,1.0,Customer Support,Pied Piper,"Chennai, Tamil Nadu",1.2
CAND_0048059,0.6449,0.6526,0.25,0.85,0.92,Mobile Developer,Acme Corp,"Vizag, Andhra Pradesh",6.1
CAND_0049462,0.6449,0.7074,0.25,1.0,0.674,QA Engineer,Acme Corp,"Bangalore, Karnataka",5.3
CAND_0005659,0.6449,0.7128,0.4167,0.8,0.656,Customer Support,Acme Corp,"Mumbai, Maharashtra",4.9
CAND_0005853,0.6449,0.6996,0.0,1.0,1.0,Customer Support,Pied Piper,"Noida, Uttar Pradesh",5.3
CAND_0048589,0.6449,0.7042,0.0,1.0,0.992,Civil Engineer,Globex Inc,"Noida, Uttar Pradesh",6.5
CAND_0044279,0.6449,0.7032,0.3333,0.7,0.877,Mechanical Engineer,TCS,"Hyderabad, Telangana",7.2
CAND_0045334,0.6448,0.653,0.25,0.85,0.919,DevOps Engineer,Pied Piper,"Trivandrum, Kerala",6.8
CAND_0042063,0.6448,0.6966,0.0833,1.0,0.901,Business Analyst,Initech,"Mumbai, Maharashtra",7.3
CAND_0095223,0.6448,0.7103,0.0833,1.0,0.877,Mechanical Engineer,Wayne Enterprises,"Hyderabad, Telangana",7.3
CAND_0047903,0.6448,0.7297,0.4167,0.7,0.726,Operations Manager,Stark Industries,London,8.0
CAND_0012408,0.6448,0.7203,0.3333,0.7,0.847,Content Writer,Dunder Mifflin,Austin,5.4
CAND_0072925,0.6447,0.6658,0.1667,0.85,1.0,Cloud Engineer,Mindtree,"Kochi, Kerala",6.5
CAND_0030313,0.6447,0.699,0.0,1.0,1.0,HR Manager,Dunder Mifflin,"Delhi, Delhi",6.7
CAND_0056548,0.6447,0.7103,0.1667,0.85,0.922,Software Engineer,Hooli,"Gurgaon, Haryana",5.0
CAND_0026578,0.6447,0.7337,0.25,0.85,0.777,Mechanical Engineer,Stark Industries,"Gurgaon, Haryana",7.0
CAND_0071409,0.6447,0.7303,0.25,0.8,0.833,Customer Support,Pied Piper,"Noida, Uttar Pradesh",9.9
CAND_0042618,0.6447,0.7157,0.4167,0.45,1.0,HR Manager,Initech,"Chennai, Tamil Nadu",14.7
CAND_0001874,0.6447,0.7307,0.4167,0.45,0.974,Accountant,Stark Industries,"Trivandrum, Kerala",14.7
CAND_0056045,0.6446,0.6638,0.1667,1.0,0.853,Cloud Engineer,Globex Inc,"Noida, Uttar Pradesh",7.0
CAND_0016011,0.6446,0.7068,0.4167,0.6,0.865,Content Writer,Initech,"Delhi, Delhi",1.8
CAND_0044686,0.6446,0.7154,0.4167,0.45,1.0,Accountant,Dunder Mifflin,"Ahmedabad, Gujarat",3.8
CAND_0013418,0.6445,0.6497,0.1667,1.0,0.877,Full Stack Developer,Zomato,"Bangalore, Karnataka",8.0
CAND_0042928,0.6445,0.7152,0.3333,0.85,0.704,Mechanical Engineer,Initech,"Kochi, Kerala",5.2
CAND_0071139,0.6445,0.6998,0.4167,0.7,0.777,HR Manager,Pied Piper,Austin,8.3
CAND_0045544,0.6445,0.6986,0.0,1.0,1.0,QA Engineer,Tech Mahindra,"Hyderabad, Telangana",8.8
CAND_0097479,0.6445,0.7004,0.3333,0.7,0.88,Business Analyst,Initech,New York,8.4
CAND_0034981,0.6445,0.7292,0.25,0.85,0.784,Analytics Engineer,Vedantu,"Ahmedabad, Gujarat",5.0
CAND_0023699,0.6445,0.7302,0.4167,0.45,0.974,Accountant,Acme Corp,"Jaipur, Rajasthan",1.1
CAND_0015293,0.6444,0.683,0.4167,0.85,0.656,Marketing Manager,Initech,"Kolkata, West Bengal",7.9
CAND_0031876,0.6444,0.6673,0.1667,0.85,0.996,Frontend Engineer,Tech Mahindra,"Ahmedabad, Gujarat",7.3
CAND_0035201,0.6444,0.6868,0.0833,1.0,0.916,Cloud Engineer,Swiggy,"Delhi, Delhi",5.4
CAND_0094122,0.6444,0.7064,0.0,1.0,0.986,Content Writer,Globex Inc,"Mumbai, Maharashtra",8.3
CAND_0051854,0.6444,0.7157,0.3333,0.6,0.953,Graphic Designer,Initech,"Bangalore, Karnataka",13.3
CAND_0039546,0.6444,0.7271,0.25,0.7,0.937,Senior Software Engineer,Infosys,"Pune, Maharashtra",6.9
CAND_0094079,0.6444,0.749,0.1667,0.85,0.853,Senior Software Engineer,Pied Piper,"Trivandrum, Kerala",7.7
CAND_0008275,0.6443,0.6522,0.1667,1.0,0.872,.NET Developer,CRED,"Noida, Uttar Pradesh",6.8
CAND_0071894,0.6443,0.6551,0.0833,1.0,0.971,Java Developer,Flipkart,"Delhi, Delhi",7.9
CAND_0085742,0.6443,0.6784,0.25,0.85,0.872,Data Analyst,Zoho,"Ahmedabad, Gujarat",6.5
CAND_0078216,0.6443,0.6991,0.0,1.0,0.998,Software Engineer,HCL,"Pune, Maharashtra",6.8
CAND_0054256,0.6443,0.7174,0.4167,0.7,0.745,Mechanical Engineer,Stark Industries,Singapore,6.3
CAND_0071981,0.6443,0.7321,0.25,0.85,0.778,Data Engineer,Nykaa,"Gurgaon, Haryana",7.1
CAND_0052486,0.6443,0.717,0.3333,0.7,0.85,Project Manager,Pied Piper,Seattle,8.8
CAND_0060662,0.6443,0.6976,0.3333,0.6,0.984,Graphic Designer,Stark Industries,"Hyderabad, Telangana",13.9
CAND_0018248,0.6442,0.6387,0.0833,1.0,0.999,Mobile Developer,Hooli,"Pune, Maharashtra",5.4
CAND_0097676,0.6442,0.6788,0.0833,1.0,0.929,QA Engineer,CRED,"Delhi, Delhi",5.1
CAND_0070493,0.6442,0.7294,0.25,1.0,0.632,Content Writer,Acme Corp,"Bangalore, Karnataka",7.0
CAND_0052665,0.6442,0.6978,0.0,1.0,1.0,Project Manager,Acme Corp,"Pune, Maharashtra",7.8
CAND_0011253,0.6442,0.7361,0.3333,0.85,0.666,Project Manager,Globex Inc,"Ahmedabad, Gujarat",8.5
CAND_0077956,0.6442,0.7444,0.0833,0.85,0.964,Computer Vision Engineer,Niramai,"Chandigarh, Chandigarh",6.4
CAND_0092286,0.6441,0.6807,0.25,1.0,0.717,Operations Manager,Stark Industries,"Pune, Maharashtra",6.6
CAND_0037694,0.6441,0.6641,0.1667,0.85,1.0,DevOps Engineer,Wayne Enterprises,"Jaipur, Rajasthan",5.1
CAND_0019257,0.6441,0.7004,0.0,1.0,0.995,Project Manager,Globex Inc,"Pune, Maharashtra",7.3
CAND_0012610,0.6441,0.7012,0.3333,0.7,0.877,Customer Support,TCS,"Delhi, Delhi",8.3
CAND_0014332,0.644,0.6859,0.25,1.0,0.707,Backend Engineer,Razorpay,"Mumbai, Maharashtra",7.8
CAND_0016738,0.644,0.6986,0.25,0.85,0.835,Software Engineer,Zomato,"Bhubaneswar, Odisha",7.0
CAND_0029816,0.644,0.697,0.0,1.0,1.0,HR Manager,Stark Industries,"Hyderabad, Telangana",5.1
CAND_0041977,0.644,0.6899,0.25,0.7,1.0,Content Writer,Dunder Mifflin,Sydney,8.8
CAND_0018066,0.644,0.6877,0.3333,0.6,1.0,Sales Executive,Acme Corp,"Bangalore, Karnataka",12.9
CAND_0002035,0.6439,0.6803,0.0833,1.0,0.925,QA Engineer,Dunder Mifflin,"Mumbai, Maharashtra",7.4
CAND_0070344,0.6439,0.6853,0.0833,1.0,0.916,Data Analyst,Unacademy,"Delhi, Delhi",6.2
CAND_0018421,0.6439,0.7056,0.25,0.85,0.822,Mechanical Engineer,Dunder Mifflin,"Ahmedabad, Gujarat",5.4
CAND_0001666,0.6439,0.6967,0.0,1.0,1.0,HR Manager,Globex Inc,"Delhi, Delhi",7.2
CAND_0073873,0.6439,0.7115,0.1667,0.85,0.916,Backend Engineer,Initech,"Kolkata, West Bengal",5.7
CAND_0059557,0.6439,0.7232,0.0833,0.85,1.0,Computer Vision Engineer,CRED,"Coimbatore, Tamil Nadu",6.5
CAND_0011489,0.6439,0.7233,0.25,0.7,0.941,ML Engineer,Glance,Toronto,5.8
CAND_0080291,0.6439,0.7489,0.0833,0.85,0.955,Junior ML Engineer,Ola,"Vizag, Andhra Pradesh",6.5
CAND_0026280,0.6438,0.6718,0.1667,1.0,0.835,Frontend Engineer,Zomato,"Mumbai, Maharashtra",7.5
CAND_0055715,0.6438,0.7208,0.4167,0.85,0.587,Accountant,Hooli,"Vizag, Andhra Pradesh",6.4
CAND_0023591,0.6438,0.7048,0.3333,0.8,0.769,Operations Manager,Pied Piper,"Delhi, Delhi",4.4
CAND_0018754,0.6438,0.718,0.3333,0.85,0.696,Sales Executive,Acme Corp,"Gurgaon, Haryana",6.4
CAND_0082158,0.6438,0.7209,0.3333,0.6,0.941,HR Manager,Dunder Mifflin,"Mumbai, Maharashtra",1.9
CAND_0036358,0.6437,0.6593,0.3333,0.85,0.798,Data Analyst,Pied Piper,"Gurgaon, Haryana",7.3
CAND_0021116,0.6437,0.6629,0.1667,0.85,1.0,.NET Developer,Acme Corp,"Gurgaon, Haryana",6.5
CAND_0041352,0.6437,0.7212,0.25,1.0,0.644,Senior Data Engineer,Nykaa,"Noida, Uttar Pradesh",5.6
CAND_0088727,0.6437,0.6581,0.3333,0.65,1.0,Backend Engineer,Paytm,"Jaipur, Rajasthan",4.8
CAND_0008640,0.6437,0.6962,0.0,1.0,1.0,Business Analyst,Stark Industries,"Mumbai, Maharashtra",7.7
CAND_0067493,0.6437,0.6963,0.0,1.0,1.0,Content Writer,Acme Corp,"Hyderabad, Telangana",8.8
CAND_0079380,0.6437,0.6962,0.0,1.0,1.0,QA Engineer,Mphasis,"Pune, Maharashtra",7.6
CAND_0039962,0.6437,0.7074,0.1667,0.85,0.922,ML Engineer,Paytm,"Kochi, Kerala",6.5
CAND_0042132,0.6437,0.7092,0.1667,0.85,0.919,Analytics Engineer,Zoho,"Bhubaneswar, Odisha",7.5
CAND_0090378,0.6436,0.6833,0.25,1.0,0.71,Operations Manager,Dunder Mifflin,"Noida, Uttar Pradesh",8.5
CAND_0069954,0.6436,0.6639,0.0833,1.0,0.952,.NET Developer,Mphasis,"Delhi, Delhi",8.0
CAND_0072868,0.6436,0.6965,0.0833,1.0,0.895,QA Engineer,Acme Corp,"Pune, Maharashtra",7.1
CAND_0041717,0.6436,0.6901,0.1667,0.85,0.952,Software Engineer,Wayne Enterprises,"Kolkata, West Bengal",5.5
CAND_0021413,0.6436,0.6959,0.0,1.0,1.0,Civil Engineer,Pied Piper,"Pune, Maharashtra",6.0
CAND_0034614,0.6436,0.696,0.0,1.0,1.0,Project Manager,Wayne Enterprises,"Bangalore, Karnataka",8.2
CAND_0026158,0.6436,0.7002,0.1667,0.85,0.934,Data Engineer,Pied Piper,"Chennai, Tamil Nadu",7.1
CAND_0005851,0.6436,0.7262,0.4167,0.6,0.826,Content Writer,Wayne Enterprises,"Delhi, Delhi",12.8
CAND_0099461,0.6436,0.7175,0.25,0.65,1.0,Software Engineer,Mindtree,"Indore, Madhya Pradesh",4.9
CAND_0013517,0.6435,0.6533,0.1667,1.0,0.866,Mobile Developer,Initech,"Noida, Uttar Pradesh",7.1
CAND_0031403,0.6435,0.6881,0.25,1.0,0.701,QA Engineer,Hooli,"Hyderabad, Telangana",5.4
CAND_0040138,0.6435,0.666,0.0833,1.0,0.948,Content Writer,Initech,"Pune, Maharashtra",8.0
CAND_0058010,0.6435,0.6758,0.0833,1.0,0.931,.NET Developer,Tech Mahindra,"Bangalore, Karnataka",6.9
CAND_0058457,0.6435,0.6775,0.0833,1.0,0.928,QA Engineer,Dunder Mifflin,"Delhi, Delhi",5.3
CAND_0072692,0.6435,0.6953,0.3333,0.7,0.884,HR Manager,Globex Inc,Berlin,6.7
CAND_0043091,0.6435,0.7066,0.4167,0.55,0.91,Accountant,Wipro,"Vizag, Andhra Pradesh",8.2
CAND_0031837,0.6435,0.697,0.4167,0.5,0.977,Graphic Designer,Initech,Sydney,10.8
CAND_0016734,0.6434,0.6955,0.0,1.0,1.0,Civil Engineer,Globex Inc,"Bangalore, Karnataka",7.0
CAND_0094670,0.6434,0.7295,0.3333,0.85,0.674,Civil Engineer,Acme Corp,"Chennai, Tamil Nadu",7.7
CAND_0062590,0.6434,0.7171,0.0,1.0,0.962,Business Analyst,Acme Corp,"Pune, Maharashtra",7.4
CAND_0011350,0.6433,0.6854,0.0833,1.0,0.913,Operations Manager,Initech,"Mumbai, Maharashtra",6.7
CAND_0085660,0.6433,0.694,0.0833,1.0,0.898,QA Engineer,Wayne Enterprises,"Pune, Maharashtra",7.9
CAND_0082068,0.6433,0.7035,0.0833,1.0,0.881,Mechanical Engineer,Acme Corp,"Noida, Uttar Pradesh",7.7
CAND_0092476,0.6433,0.6952,0.0,1.0,1.0,Project Manager,Globex Inc,"Noida, Uttar Pradesh",7.3
CAND_0050140,0.6433,0.6998,0.0,1.0,0.992,Mechanical Engineer,Pied Piper,"Bangalore, Karnataka",7.4
CAND_0005147,0.6433,0.7243,0.4167,0.7,0.728,Mechanical Engineer,Initech,Seattle,8.5
CAND_0063768,0.6433,0.7206,0.3333,0.7,0.839,HR Manager,Wipro,"Delhi, Delhi",8.4
CAND_0065810,0.6433,0.7166,0.25,0.65,1.0,Business Analyst,Globex Inc,"Coimbatore, Tamil Nadu",10.9
CAND_0096739,0.6432,0.6796,0.25,1.0,0.714,Backend Engineer,Ola,"Delhi, Delhi",6.1
CAND_0053041,0.6432,0.7,0.0833,1.0,0.887,Project Manager,Globex Inc,"Mumbai, Maharashtra",6.4
CAND_0033405,0.6432,0.7259,0.1667,0.8,0.937,ML Engineer,Sarvam AI,"Noida, Uttar Pradesh",4.7
CAND_0096209,0.6432,0.7335,0.25,0.65,0.97,ML Engineer,Glance,"Trivandrum, Kerala",4.2
CAND_0042153,0.6431,0.6912,0.4167,0.85,0.635,Operations Manager,Acme Corp,"Gurgaon, Haryana",8.1
CAND_0027039,0.6431,0.6753,0.25,0.85,0.871,.NET Developer,Flipkart,"Chandigarh, Chandigarh",6.2
CAND_0080740,0.6431,0.6864,0.0833,1.0,0.91,Analytics Engineer,PharmEasy,"Noida, Uttar Pradesh",7.0
CAND_0058817,0.6431,0.7226,0.0833,1.0,0.847,Senior Software Engineer,Dunder Mifflin,"Hyderabad, Telangana",5.3
CAND_0026362,0.6431,0.7069,0.1667,0.85,0.92,Data Scientist,PhonePe,"Gurgaon, Haryana",5.0
CAND_0029642,0.643,0.669,0.0833,1.0,0.94,Frontend Engineer,Wayne Enterprises,"Delhi, Delhi",6.8
CAND_0094274,0.643,0.7034,0.4167,0.8,0.663,Customer Support,Hooli,"Mumbai, Maharashtra",4.4
CAND_0072413,0.643,0.7175,0.25,1.0,0.647,Accountant,Wayne Enterprises,"Noida, Uttar Pradesh",8.7
CAND_0090136,0.643,0.724,0.4167,0.8,0.627,Accountant,Pied Piper,"Bangalore, Karnataka",4.3
CAND_0007745,0.643,0.6944,0.0,1.0,1.0,Graphic Designer,Wayne Enterprises,"Hyderabad, Telangana",8.6
CAND_0017696,0.643,0.7002,0.4167,0.65,0.819,Marketing Manager,Hooli,"Coimbatore, Tamil Nadu",10.7
CAND_0081730,0.643,0.7563,0.1667,1.0,0.683,Senior Data Engineer,PhonePe,"Noida, Uttar Pradesh",7.8
CAND_0015698,0.643,0.7553,0.0,1.0,0.893,Senior Data Engineer,Nykaa,"Bangalore, Karnataka",6.1
CAND_0037406,0.6429,0.7091,0.3333,1.0,0.557,Graphic Designer,Hooli,"Hyderabad, Telangana",5.2
CAND_0097094,0.6429,0.6941,0.0,1.0,1.0,Mechanical Engineer,Pied Piper,"Noida, Uttar Pradesh",6.3
CAND_0075360,0.6429,0.7422,0.1667,1.0,0.707,Software Engineer,Meesho,"Pune, Maharashtra",6.2
CAND_0027212,0.6429,0.7165,0.4167,0.65,0.79,Graphic Designer,Stark Industries,"Trivandrum, Kerala",4.9
CAND_0053459,0.6429,0.7256,0.4167,0.65,0.774,Business Analyst,Pied Piper,"Coimbatore, Tamil Nadu",4.1
CAND_0001056,0.6429,0.7427,0.25,0.85,0.752,Computer Vision Engineer,Genpact AI,"Jaipur, Rajasthan",5.1
CAND_0014298,0.6428,0.6874,0.0833,1.0,0.907,HR Manager,Pied Piper,"Noida, Uttar Pradesh",8.0
CAND_0063510,0.6428,0.7213,0.4167,0.85,0.581,Project Manager,Globex Inc,"Kochi, Kerala",5.5
CAND_0010447,0.6428,0.6936,0.0,1.0,1.0,Civil Engineer,Hooli,"Hyderabad, Telangana",7.7
CAND_0019901,0.6428,0.6937,0.0,1.0,1.0,Content Writer,Globex Inc,"Hyderabad, Telangana",9.0
CAND_0035628,0.6428,0.6938,0.0,1.0,1.0,Civil Engineer,Pied Piper,"Hyderabad, Telangana",8.6
CAND_0083629,0.6428,0.6936,0.0,1.0,1.0,HR Manager,Stark Industries,"Hyderabad, Telangana",8.0
CAND_0065311,0.6428,0.7102,0.0,1.0,0.971,Civil Engineer,Dunder Mifflin,"Delhi, Delhi",5.4
CAND_0067885,0.6428,0.7166,0.4167,0.6,0.839,Marketing Manager,Globex Inc,"Mumbai, Maharashtra",11.3
CAND_0014084,0.6428,0.7204,0.1667,0.8,0.945,Business Analyst,Acme Corp,"Noida, Uttar Pradesh",9.1
CAND_0094144,0.6428,0.7217,0.4167,0.45,0.98,Mechanical Engineer,Initech,"Trivandrum, Kerala",1.7
CAND_0032328,0.6427,0.6602,0.1667,0.85,1.0,Java Developer,Flipkart,"Chandigarh, Chandigarh",5.4
CAND_0022002,0.6427,0.7052,0.25,0.85,0.817,Marketing Manager,Acme Corp,"Kolkata, West Bengal",8.8
CAND_0063645,0.6427,0.718,0.0833,1.0,0.853,Software Engineer,Vedantu,"Mumbai, Maharashtra",7.8
CAND_0016425,0.6427,0.7101,0.4167,0.45,1.0,Operations Manager,Pied Piper,"Chennai, Tamil Nadu",12.3
CAND_0064972,0.6426,0.6713,0.0833,1.0,0.934,Mechanical Engineer,Stark Industries,"Pune, Maharashtra",6.6
CAND_0090851,0.6426,0.689,0.1667,1.0,0.799,Analytics Engineer,Pied Piper,"Delhi, Delhi",5.7
CAND_0026861,0.6426,0.6777,0.0833,1.0,0.923,Business Analyst,Acme Corp,"Noida, Uttar Pradesh",8.1
CAND_0096109,0.6426,0.68,0.0833,1.0,0.919,Project Manager,Dunder Mifflin,"Noida, Uttar Pradesh",5.5
CAND_0084637,0.6426,0.6834,0.0833,1.0,0.913,Frontend Engineer,Swiggy,"Mumbai, Maharashtra",9.0
CAND_0052496,0.6426,0.7042,0.3333,0.85,0.714,Analytics Engineer,Zomato,"Kochi, Kerala",7.4
CAND_0032006,0.6426,0.6931,0.0,1.0,1.0,Civil Engineer,Wayne Enterprises,"Pune, Maharashtra",6.2
CAND_0096627,0.6426,0.6933,0.0,1.0,1.0,Accountant,Dunder Mifflin,"Bangalore, Karnataka",5.2
CAND_0015633,0.6426,0.6882,0.1667,0.8,1.0,Cloud Engineer,Initech,"Mumbai, Maharashtra",4.3
CAND_0030882,0.6426,0.714,0.3333,0.7,0.847,Sales Executive,Stark Industries,Berlin,7.7
CAND_0037925,0.6426,0.7193,0.0833,0.85,1.0,Accountant,Globex Inc,"Coimbatore, Tamil Nadu",8.6
CAND_0020484,0.6426,0.7272,0.25,0.7,0.928,Business Analyst,Globex Inc,London,6.6
CAND_0054368,0.6426,0.7386,0.25,0.7,0.908,Senior Software Engineer,Ola,Singapore,5.8
CAND_0092031,0.6425,0.6706,0.0833,1.0,0.935,Civil Engineer,Initech,"Noida, Uttar Pradesh",5.6
CAND_0087578,0.6425,0.6947,0.3333,0.85,0.73,Accountant,Hooli,"Bhubaneswar, Odisha",5.2
CAND_0022149,0.6425,0.6687,0.1667,0.85,0.984,Java Developer,Dunder Mifflin,"Kochi, Kerala",8.9
CAND_0086292,0.6425,0.7332,0.25,1.0,0.617,AI Specialist,Observe.AI,"Pune, Maharashtra",6.2
CAND_0043222,0.6425,0.6846,0.1667,0.85,0.956,Data Engineer,Dunder Mifflin,"Indore, Madhya Pradesh",6.7
CAND_0054437,0.6425,0.6927,0.0,1.0,1.0,Civil Engineer,Dunder Mifflin,"Delhi, Delhi",8.1
CAND_0082162,0.6425,0.693,0.0,1.0,1.0,Project Manager,Dunder Mifflin,"Mumbai, Maharashtra",8.5
CAND_0010414,0.6425,0.7029,0.3333,0.7,0.866,Project Manager,Acme Corp,San Francisco,8.7
CAND_0093353,0.6425,0.7296,0.3333,0.8,0.719,Operations Manager,Initech,"Hyderabad, Telangana",4.3
CAND_0064658,0.6425,0.7112,0.0,1.0,0.968,Project Manager,Hooli,"Hyderabad, Telangana",6.5
CAND_0046705,0.6425,0.726,0.4167,0.7,0.721,Operations Manager,Globex Inc,Toronto,5.3
CAND_0028965,0.6424,0.6926,0.0,1.0,1.0,Software Engineer,Flipkart,"Mumbai, Maharashtra",5.5
CAND_0085805,0.6424,0.6866,0.25,0.7,0.998,Sales Executive,Initech,Berlin,8.5
CAND_0057830,0.6423,0.6924,0.0,1.0,1.0,Operations Manager,Dunder Mifflin,"Bangalore, Karnataka",6.9
CAND_0063383,0.6423,0.7091,0.25,0.85,0.808,HR Manager,Dunder Mifflin,"Ahmedabad, Gujarat",7.5
CAND_0065481,0.6423,0.7046,0.25,0.8,0.866,Accountant,Hooli,"Pune, Maharashtra",9.3
CAND_0065805,0.6423,0.7159,0.25,0.85,0.796,Data Scientist,Rephrase.ai,"Chandigarh, Chandigarh",6.3
CAND_0076579,0.6423,0.7105,0.0,1.0,0.968,Sales Executive,Initech,"Mumbai, Maharashtra",6.9
CAND_0026806,0.6423,0.7103,0.1667,0.85,0.91,Software Engineer,Meesho,"Indore, Madhya Pradesh",6.6
CAND_0050321,0.6423,0.7268,0.3333,0.7,0.823,Senior Software Engineer,Zomato,London,5.9
CAND_0051213,0.6422,0.6728,0.4167,0.85,0.663,Marketing Manager,Pied Piper,"Chennai, Tamil Nadu",5.3
CAND_0011138,0.6422,0.6805,0.0833,1.0,0.916,.NET Developer,Mindtree,"Bangalore, Karnataka",5.0
CAND_0041749,0.6422,0.6849,0.25,0.7,1.0,Analytics Engineer,Zomato,New York,6.2
CAND_0058983,0.6422,0.7372,0.4167,0.55,0.85,Project Manager,TCS,"Kochi, Kerala",6.4
CAND_0006506,0.6421,0.6978,0.25,1.0,0.677,QA Engineer,Razorpay,"Noida, Uttar Pradesh",5.2
CAND_0098490,0.6421,0.6664,0.0833,1.0,0.94,Full Stack Developer,Tech Mahindra,"Delhi, Delhi",5.0
CAND_0055272,0.6421,0.709,0.25,1.0,0.657,Business Analyst,Globex Inc,"Bangalore, Karnataka",5.0
CAND_0038863,0.6421,0.6585,0.1667,0.85,1.0,DevOps Engineer,Hooli,"Ahmedabad, Gujarat",7.3
CAND_0020225,0.6421,0.6853,0.0833,1.0,0.907,Software Engineer,Zomato,"Noida, Uttar Pradesh",8.5
CAND_0016340,0.6421,0.6918,0.0,1.0,1.0,Project Manager,Acme Corp,"Noida, Uttar Pradesh",8.7
CAND_0066884,0.6421,0.7259,0.1667,1.0,0.732,AI Specialist,Yellow.ai,"Pune, Maharashtra",5.5
CAND_0033911,0.6421,0.728,0.1667,1.0,0.728,Data Scientist,Mad Street Den,"Delhi, Delhi",6.9
CAND_0048737,0.6421,0.6844,0.3333,0.6,0.996,HR Manager,Pied Piper,"Hyderabad, Telangana",3.6
CAND_0011487,0.6421,0.7201,0.1667,0.85,0.892,Senior Software Engineer,Nykaa,"Jaipur, Rajasthan",5.0
CAND_0004464,0.6421,0.7193,0.3333,0.7,0.835,Customer Support,Hooli,London,7.0
CAND_0038595,0.6421,0.7254,0.4167,0.6,0.82,Graphic Designer,Acme Corp,"Bangalore, Karnataka",14.3
CAND_0069627,0.6421,0.7332,0.3333,0.7,0.811,Mechanical Engineer,Hooli,Dubai,6.8
CAND_0049771,0.6421,0.748,0.1667,0.85,0.843,AI Research Engineer,Wysa,"Ahmedabad, Gujarat",5.0
CAND_0027090,0.6421,0.7084,0.4167,0.45,1.0,Customer Support,Stark Industries,"Chennai, Tamil Nadu",14.5
CAND_0018415,0.642,0.6846,0.4167,0.85,0.641,Operations Manager,Acme Corp,"Bhubaneswar, Odisha",6.2
CAND_0065871,0.642,0.6654,0.25,0.85,0.883,.NET Developer,Flipkart,"Jaipur, Rajasthan",5.7
CAND_0047431,0.642,0.7167,0.4167,0.6,0.835,Project Manager,Pied Piper,"Pune, Maharashtra",11.3
CAND_0021349,0.6419,0.6904,0.1667,1.0,0.793,Data Analyst,Dream11,"Delhi, Delhi",7.8
CAND_0005393,0.6419,0.6731,0.25,0.85,0.869,Data Analyst,Ola,"Indore, Madhya Pradesh",6.0
CAND_0088076,0.6419,0.7198,0.3333,0.8,0.733,Civil Engineer,Hooli,"Hyderabad, Telangana",10.0
CAND_0053111,0.6419,0.7338,0.3333,0.85,0.659,Civil Engineer,Acme Corp,"Kolkata, West Bengal",7.1
CAND_0049976,0.6419,0.7106,0.0,1.0,0.966,Business Analyst,Wayne Enterprises,"Bangalore, Karnataka",9.0
CAND_0008883,0.6419,0.7136,0.3333,0.7,0.844,Customer Support,Pied Piper,Seattle,5.8
CAND_0047032,0.6419,0.7197,0.4167,0.6,0.829,Accountant,Acme Corp,"Noida, Uttar Pradesh",1.3
CAND_0017252,0.6418,0.6472,0.1667,1.0,0.868,Java Developer,CRED,"Hyderabad, Telangana",5.2
CAND_0018418,0.6418,0.6622,0.0833,1.0,0.946,Cloud Engineer,HCL,"Noida, Uttar Pradesh",7.7
CAND_0024945,0.6418,0.67,0.25,0.85,0.874,Cloud Engineer,Globex Inc,"Vizag, Andhra Pradesh",5.0
CAND_0058959,0.6418,0.7049,0.25,1.0,0.663,Data Analyst,Stark Industries,"Mumbai, Maharashtra",5.7
CAND_0060253,0.6418,0.7304,0.4167,0.85,0.56,Sales Executive,Pied Piper,"Chandigarh, Chandigarh",7.5
CAND_0057364,0.6418,0.691,0.0,1.0,1.0,HR Manager,Hooli,"Delhi, Delhi",6.8
CAND_0042454,0.6417,0.6365,0.25,0.85,0.932,Mobile Developer,Globex Inc,"Kolkata, West Bengal",6.4
CAND_0004938,0.6417,0.6525,0.25,0.85,0.904,Mobile Developer,HCL,"Kochi, Kerala",7.4
CAND_0012287,0.6417,0.7026,0.4167,0.85,0.608,Marketing Manager,Hooli,"Chandigarh, Chandigarh",6.0
CAND_0028492,0.6417,0.6905,0.0,1.0,1.0,Project Manager,Dunder Mifflin,"Hyderabad, Telangana",6.3
CAND_0071992,0.6417,0.6905,0.0,1.0,1.0,Content Writer,Stark Industries,"Mumbai, Maharashtra",8.3
CAND_0073740,0.6417,0.6907,0.0,1.0,1.0,Software Engineer,Tech Mahindra,"Hyderabad, Telangana",8.7
CAND_0098969,0.6417,0.6907,0.0,1.0,1.0,Marketing Manager,Hooli,"Mumbai, Maharashtra",8.9
CAND_0072832,0.6417,0.7209,0.0,1.0,0.947,Customer Support,Initech,"Hyderabad, Telangana",5.1
CAND_0065104,0.6417,0.73,0.0,1.0,0.931,Software Engineer,Hooli,"Hyderabad, Telangana",5.5
CAND_0084433,0.6416,0.6569,0.1667,1.0,0.85,Java Developer,Swiggy,"Hyderabad, Telangana",8.9
CAND_0046216,0.6416,0.7032,0.25,1.0,0.665,Content Writer,Dunder Mifflin,"Mumbai, Maharashtra",5.1
CAND_0027693,0.6416,0.6569,0.1667,0.85,1.0,Cloud Engineer,Flipkart,"Jaipur, Rajasthan",8.5
CAND_0012779,0.6416,0.7219,0.25,0.8,0.832,Mechanical Engineer,Hooli,"Pune, Maharashtra",4.6
CAND_0044428,0.6416,0.7117,0.3333,0.65,0.896,Data Scientist,Wysa,"Jaipur, Rajasthan",4.1
CAND_0087204,0.6415,0.6855,0.0833,1.0,0.904,QA Engineer,Initech,"Mumbai, Maharashtra",8.4
CAND_0053323,0.6415,0.7015,0.3333,0.8,0.763,Civil Engineer,Acme Corp,"Noida, Uttar Pradesh",10.7
CAND_0003641,0.6415,0.6987,0.25,0.85,0.822,Analytics Engineer,Freshworks,"Bhubaneswar, Odisha",7.5
CAND_0065455,0.6415,0.6997,0.0,1.0,0.983,Accountant,Hooli,"Noida, Uttar Pradesh",5.8
CAND_0062838,0.6415,0.7244,0.3333,0.7,0.823,Customer Support,Hooli,London,8.1
CAND_0058287,0.6415,0.7287,0.1667,0.85,0.874,Computer Vision Engineer,Flipkart,"Indore, Madhya Pradesh",5.5
CAND_0060861,0.6415,0.7223,0.3333,0.65,0.877,Accountant,Globex Inc,"Vizag, Andhra Pradesh",9.3
CAND_0065111,0.6415,0.7126,0.3333,0.6,0.944,HR Manager,Pied Piper,"Mumbai, Maharashtra",12.8
CAND_0081469,0.6414,0.6461,0.1667,1.0,0.868,DevOps Engineer,Initech,"Noida, Uttar Pradesh",7.7
CAND_0018688,0.6414,0.6892,0.4167,0.8,0.68,Sales Executive,Initech,"Delhi, Delhi",4.7
CAND_0048622,0.6414,0.6953,0.0,1.0,0.99,Project Manager,Wayne Enterprises,"Delhi, Delhi",8.8
CAND_0070195,0.6414,0.7289,0.3333,0.85,0.665,Operations Manager,Pied Piper,"Ahmedabad, Gujarat",8.3
CAND_0038933,0.6414,0.6827,0.25,0.7,1.0,Civil Engineer,Initech,Toronto,6.3
CAND_0096070,0.6414,0.731,0.3333,0.8,0.711,Accountant,Acme Corp,"Delhi, Delhi",9.8
CAND_0034946,0.6414,0.7315,0.0833,1.0,0.823,Software Engineer,Dunder Mifflin,"Bangalore, Karnataka",7.6
CAND_0064636,0.6414,0.7314,0.0833,1.0,0.823,Software Engineer,Tech Mahindra,"Pune, Maharashtra",6.1
CAND_0018925,0.6414,0.7507,0.1667,0.85,0.835,AI Research Engineer,Rephrase.ai,"Chandigarh, Chandigarh",5.8
CAND_0014997,0.6413,0.6618,0.0833,1.0,0.944,Graphic Designer,Pied Piper,"Mumbai, Maharashtra",7.4
CAND_0046270,0.6413,0.6729,0.0833,1.0,0.925,.NET Developer,Hooli,"Noida, Uttar Pradesh",7.9
CAND_0002068,0.6413,0.656,0.1667,0.85,1.0,Java Developer,Dunder Mifflin,"Chandigarh, Chandigarh",6.8
CAND_0091709,0.6413,0.6895,0.0,1.0,1.0,Software Engineer,CRED,"Mumbai, Maharashtra",8.3
CAND_0092167,0.6413,0.7238,0.4167,0.6,0.819,Customer Support,Initech,"Pune, Maharashtra",13.3
CAND_0044395,0.6413,0.7318,0.4167,0.6,0.805,Project Manager,Acme Corp,"Bangalore, Karnataka",12.6
CAND_0081932,0.6413,0.7493,0.1667,0.8,0.887,Data Scientist,Tech Mahindra,"Bangalore, Karnataka",4.4
CAND_0030952,0.6412,0.6558,0.1667,1.0,0.85,Full Stack Developer,Mindtree,"Mumbai, Maharashtra",5.1
CAND_0008421,0.6412,0.6593,0.1667,1.0,0.844,Full Stack Developer,Hooli,"Delhi, Delhi",6.9
CAND_0034832,0.6412,0.6843,0.25,0.7,0.996,Analytics Engineer,Globex Inc,New York,7.4
CAND_0008795,0.6412,0.7219,0.4167,0.65,0.772,Civil Engineer,Stark Industries,"Gurgaon, Haryana",4.6
CAND_0091574,0.6412,0.7155,0.0833,0.85,1.0,Analytics Engineer,Tech Mahindra,"Chandigarh, Chandigarh",6.9
CAND_0099450,0.6412,0.7226,0.3333,0.6,0.925,Content Writer,Acme Corp,"Noida, Uttar Pradesh",12.0
CAND_0081113,0.6411,0.6866,0.4167,0.8,0.683,HR Manager,Pied Piper,"Noida, Uttar Pradesh",10.3
CAND_0048378,0.6411,0.6667,0.3333,0.7,0.922,Cloud Engineer,Swiggy,Seattle,6.5
CAND_0017279,0.6411,0.6871,0.0833,1.0,0.899,Software Engineer,Mphasis,"Hyderabad, Telangana",5.4
CAND_0059347,0.6411,0.7142,0.3333,0.85,0.689,Civil Engineer,Wayne Enterprises,"Kolkata, West Bengal",9.0
CAND_0017434,0.6411,0.689,0.0,1.0,1.0,QA Engineer,Zomato,"Mumbai, Maharashtra",8.9
CAND_0008102,0.6411,0.721,0.3333,0.65,0.877,Sales Executive,Dunder Mifflin,"Chandigarh, Chandigarh",9.8
CAND_0063025,0.6411,0.7255,0.3333,0.55,0.969,Mechanical Engineer,TCS,"Kolkata, West Bengal",7.1
CAND_0007565,0.641,0.6736,0.0833,1.0,0.922,Mechanical Engineer,Globex Inc,"Hyderabad, Telangana",7.6
CAND_0006091,0.641,0.6564,0.1667,0.85,0.998,Java Developer,Globex Inc,"Coimbatore, Tamil Nadu",7.2
CAND_0022056,0.641,0.6884,0.0,1.0,1.0,Data Analyst,upGrad,"Pune, Maharashtra",6.6
CAND_0010171,0.641,0.6977,0.0,1.0,0.984,Project Manager,Hooli,"Mumbai, Maharashtra",5.1
CAND_0022394,0.641,0.7001,0.0,1.0,0.98,Customer Support,Initech,"Noida, Uttar Pradesh",8.8
CAND_0036416,0.641,0.7209,0.25,0.85,0.781,ML Engineer,Saarthi.ai,"Chandigarh, Chandigarh",5.2
CAND_0067414,0.641,0.7457,0.0833,1.0,0.796,Senior Software Engineer,Pied Piper,"Pune, Maharashtra",6.6
CAND_0081072,0.6409,0.6583,0.25,1.0,0.74,Cloud Engineer,CRED,"Noida, Uttar Pradesh",7.8
CAND_0052685,0.6409,0.6472,0.0833,1.0,0.968,Java Developer,Pied Piper,"Pune, Maharashtra",5.5
CAND_0026453,0.6409,0.6768,0.0833,1.0,0.916,QA Engineer,Razorpay,"Hyderabad, Telangana",6.8
CAND_0067663,0.6409,0.6779,0.0833,1.0,0.914,.NET Developer,Wayne Enterprises,"Delhi, Delhi",6.5
CAND_0085030,0.6409,0.7337,0.25,1.0,0.608,Content Writer,Pied Piper,"Pune, Maharashtra",5.4
CAND_0082069,0.6409,0.6851,0.3333,0.7,0.889,Graphic Designer,Wayne Enterprises,Berlin,8.8
CAND_0039982,0.6409,0.693,0.4167,0.6,0.871,HR Manager,Dunder Mifflin,"Mumbai, Maharashtra",11.1
CAND_0088482,0.6409,0.716,0.3333,0.7,0.835,Graphic Designer,Infosys,"Noida, Uttar Pradesh",7.2
CAND_0022801,0.6409,0.7365,0.4167,0.7,0.695,Civil Engineer,Infosys,"Pune, Maharashtra",7.2
CAND_0067401,0.6409,0.7338,0.0833,0.85,0.966,Senior Software Engineer,InMobi,"Kolkata, West Bengal",7.3
CAND_0073933,0.6409,0.7214,0.4167,0.45,0.971,Sales Executive,Stark Industries,"Coimbatore, Tamil Nadu",11.3
CAND_0039968,0.6408,0.685,0.25,0.85,0.843,Analytics Engineer,Dunder Mifflin,"Kolkata, West Bengal",6.7
CAND_0002376,0.6408,0.6879,0.0,1.0,1.0,Content Writer,Initech,"Noida, Uttar Pradesh",6.1
CAND_0019132,0.6408,0.6994,0.0,1.0,0.98,HR Manager,Hooli,"Pune, Maharashtra",8.1
CAND_0067226,0.6408,0.7269,0.4167,0.6,0.811,Operations Manager,Initech,"Bangalore, Karnataka",11.4
CAND_0042405,0.6407,0.6447,0.0833,1.0,0.971,DevOps Engineer,HCL,"Mumbai, Maharashtra",5.2
CAND_0046462,0.6407,0.6783,0.1667,1.0,0.808,Cloud Engineer,Acme Corp,"Hyderabad, Telangana",6.4
CAND_0096090,0.6407,0.6704,0.25,0.85,0.868,Java Developer,Initech,"Gurgaon, Haryana",8.1
CAND_0004034,0.6407,0.6878,0.0,1.0,1.0,Customer Support,Pied Piper,"Pune, Maharashtra",8.6
CAND_0068075,0.6407,0.6876,0.0,1.0,1.0,Software Engineer,Nykaa,"Hyderabad, Telangana",5.0
CAND_0007827,0.6407,0.7068,0.25,0.85,0.804,Customer Support,Stark Industries,"Kolkata, West Bengal",6.5
CAND_0038285,0.6407,0.7252,0.3333,0.85,0.668,Business Analyst,Stark Industries,"Chandigarh, Chandigarh",7.5
CAND_0079026,0.6407,0.7242,0.4167,0.7,0.715,Sales Executive,Wipro,"Noida, Uttar Pradesh",8.3
CAND_0029100,0.6407,0.714,0.0833,0.85,1.0,Software Engineer,Paytm,"Gurgaon, Haryana",7.9
CAND_0004087,0.6406,0.6848,0.25,1.0,0.692,Data Engineer,HCL,"Bangalore, Karnataka",7.8
CAND_0039122,0.6406,0.6922,0.25,0.85,0.829,Analytics Engineer,Zomato,"Trivandrum, Kerala",5.3
CAND_0001760,0.6406,0.6874,0.0,1.0,1.0,Accountant,Stark Industries,"Delhi, Delhi",7.9
CAND_0013326,0.6406,0.7283,0.25,0.85,0.766,Accountant,Stark Industries,"Jaipur, Rajasthan",6.2
CAND_0012067,0.6406,0.7128,0.3333,0.65,0.889,Sales Executive,Initech,"Chandigarh, Chandigarh",9.5
CAND_0080405,0.6406,0.7271,0.3333,0.7,0.814,Operations Manager,Stark Industries,Dubai,6.6
CAND_0043140,0.6405,0.6585,0.0833,1.0,0.946,Java Developer,Zomato,"Bangalore, Karnataka",5.1
CAND_0016989,0.6405,0.6607,0.0833,1.0,0.942,Mechanical Engineer,Globex Inc,"Mumbai, Maharashtra",5.6
CAND_0044808,0.6405,0.6829,0.25,0.85,0.845,Software Engineer,Tech Mahindra,"Vizag, Andhra Pradesh",8.5
CAND_0099310,0.6405,0.6873,0.0,1.0,1.0,HR Manager,Acme Corp,"Pune, Maharashtra",7.9
CAND_0034072,0.6405,0.6822,0.1667,0.8,1.0,QA Engineer,Dunder Mifflin,"Delhi, Delhi",9.3
CAND_0031220,0.6405,0.7275,0.3333,0.85,0.663,Sales Executive,Dunder Mifflin,"Gurgaon, Haryana",7.5
CAND_0016976,0.6405,0.7159,0.3333,0.65,0.883,Civil Engineer,Dunder Mifflin,"Jaipur, Rajasthan",10.8
CAND_0020542,0.6405,0.7305,0.1667,0.8,0.916,Analytics Engineer,Zomato,"Hyderabad, Telangana",4.7
CAND_0066740,0.6404,0.6615,0.0833,1.0,0.94,Full Stack Developer,Acme Corp,"Delhi, Delhi",9.0
CAND_0062507,0.6404,0.6872,0.0833,1.0,0.895,Customer Support,Pied Piper,"Delhi, Delhi",5.9
CAND_0090345,0.6404,0.6867,0.0,1.0,1.0,Mechanical Engineer,Wayne Enterprises,"Bangalore, Karnataka",7.0
CAND_0089001,0.6404,0.695,0.0,1.0,0.986,Customer Support,Acme Corp,"Hyderabad, Telangana",6.8
CAND_0067828,0.6404,0.7215,0.1667,0.8,0.931,Senior Software Engineer,Mindtree,"Bangalore, Karnataka",4.8
CAND_0095637,0.6404,0.7259,0.4167,0.6,0.811,Accountant,Wayne Enterprises,"Hyderabad, Telangana",11.5
CAND_0047996,0.6403,0.6532,0.1667,0.85,1.0,.NET Developer,Razorpay,"Kolkata, West Bengal",7.2
CAND_0069468,0.6403,0.7085,0.3333,0.85,0.695,Accountant,Hooli,"Jaipur, Rajasthan",8.7
CAND_0098200,0.6403,0.6885,0.1667,0.85,0.938,Data Engineer,Mindtree,"Indore, Madhya Pradesh",5.4
CAND_0036676,0.6403,0.7128,0.0833,0.85,1.0,Analytics Engineer,PharmEasy,"Jaipur, Rajasthan",6.6
CAND_0076989,0.6402,0.6891,0.0,1.0,0.995,HR Manager,Hooli,"Pune, Maharashtra",8.0
CAND_0031221,0.6402,0.7348,0.0833,1.0,0.811,Senior Data Engineer,Freshworks,"Noida, Uttar Pradesh",7.6
CAND_0087003,0.6402,0.743,0.25,0.85,0.738,Customer Support,Globex Inc,"Trivandrum, Kerala",8.8
CAND_0018653,0.6402,0.7557,0.25,0.85,0.716,ML Engineer,Vedantu,"Kochi, Kerala",6.5
CAND_0043105,0.6402,0.7203,0.3333,0.6,0.924,Project Manager,Globex Inc,"Mumbai, Maharashtra",3.1
CAND_0039070,0.6401,0.695,0.25,1.0,0.672,QA Engineer,Globex Inc,"Delhi, Delhi",6.6
CAND_0027663,0.6401,0.7178,0.25,1.0,0.632,AI Specialist,Observe.AI,"Bangalore, Karnataka",5.3
CAND_0048359,0.6401,0.6859,0.0,1.0,1.0,Operations Manager,Wayne Enterprises,"Noida, Uttar Pradesh",8.2
CAND_0078568,0.6401,0.7123,0.0833,0.85,1.0,Operations Manager,Pied Piper,"Bhubaneswar, Odisha",5.5
CAND_0050590,0.64,0.6857,0.0,1.0,1.0,Software Engineer,Stark Industries,"Delhi, Delhi",9.0
CAND_0026809,0.64,0.6863,0.0,1.0,0.999,Customer Support,Stark Industries,"Pune, Maharashtra",5.9
CAND_0036134,0.64,0.7324,0.1667,1.0,0.71,Senior Software Engineer,Zoho,"Bangalore, Karnataka",6.0
CAND_0028203,0.6399,0.6854,0.0,1.0,1.0,.NET Developer,CRED,"Noida, Uttar Pradesh",7.8
CAND_0033510,0.6399,0.6856,0.0,1.0,1.0,Accountant,Dunder Mifflin,"Pune, Maharashtra",8.1
CAND_0059160,0.6399,0.6854,0.0,1.0,1.0,Content Writer,Globex Inc,"Delhi, Delhi",7.1
CAND_0006432,0.6399,0.6897,0.1667,0.85,0.934,Data Engineer,Initech,"Kolkata, West Bengal",6.8
CAND_0023490,0.6399,0.6916,0.1667,0.85,0.931,Analytics Engineer,Dream11,"Kochi, Kerala",7.6
CAND_0074548,0.6399,0.7165,0.25,0.85,0.783,Mechanical Engineer,Stark Industries,"Gurgaon, Haryana",5.9
CAND_0006732,0.6399,0.7021,0.4167,0.45,1.0,Marketing Manager,Hooli,"Chandigarh, Chandigarh",13.9
CAND_0060832,0.6399,0.7021,0.4167,0.45,1.0,Mechanical Engineer,Dunder Mifflin,"Kochi, Kerala",12.6
CAND_0062959,0.6398,0.6592,0.0833,1.0,0.941,HR Manager,Dunder Mifflin,"Noida, Uttar Pradesh",7.6
CAND_0090821,0.6398,0.6658,0.0833,1.0,0.93,Marketing Manager,Hooli,"Mumbai, Maharashtra",8.9
CAND_0010437,0.6398,0.6853,0.0,1.0,1.0,Sales Executive,Dunder Mifflin,"Hyderabad, Telangana",7.9
CAND_0071737,0.6398,0.6851,0.0,1.0,1.0,Mechanical Engineer,Initech,"Mumbai, Maharashtra",7.2
CAND_0098264,0.6398,0.7379,0.3333,0.85,0.641,Civil Engineer,Wayne Enterprises,"Vizag, Andhra Pradesh",5.7
CAND_0020931,0.6398,0.7162,0.4167,0.65,0.775,Business Analyst,Globex Inc,"Ahmedabad, Gujarat",10.1
CAND_0073448,0.6398,0.7117,0.1667,0.85,0.895,Sales Executive,Globex Inc,"Vizag, Andhra Pradesh",8.5
CAND_0074358,0.6398,0.7042,0.3333,0.55,1.0,Graphic Designer,TCS,"Kochi, Kerala",8.4
CAND_0007428,0.6398,0.7502,0.0,1.0,0.886,Senior Data Engineer,PhonePe,"Mumbai, Maharashtra",6.0
CAND_0075004,0.6397,0.6877,0.4167,0.8,0.674,Marketing Manager,Initech,"Noida, Uttar Pradesh",4.4
CAND_0008798,0.6397,0.6768,0.0833,1.0,0.91,Frontend Engineer,Acme Corp,"Noida, Uttar Pradesh",6.7
CAND_0007525,0.6397,0.6641,0.1667,0.85,0.978,Data Analyst,Dunder Mifflin,"Vizag, Andhra Pradesh",5.6
CAND_0017207,0.6397,0.6994,0.1667,1.0,0.766,Data Engineer,BYJU'S,"Hyderabad, Telangana",6.1
CAND_0062201,0.6397,0.701,0.3333,0.85,0.705,Operations Manager,Dunder Mifflin,"Gurgaon, Haryana",5.2
CAND_0048552,0.6397,0.6725,0.1667,0.85,0.963,.NET Developer,CRED,"Chennai, Tamil Nadu",6.1
CAND_0037036,0.6397,0.6849,0.0,1.0,1.0,Graphic Designer,Stark Industries,"Hyderabad, Telangana",7.0
CAND_0072698,0.6397,0.7206,0.3333,0.85,0.671,Accountant,Dunder Mifflin,"Ahmedabad, Gujarat",6.3
CAND_0026007,0.6397,0.7405,0.25,0.85,0.74,Senior Software Engineer,Nykaa,"Chennai, Tamil Nadu",6.2
CAND_0052448,0.6396,0.6963,0.3333,1.0,0.563,Accountant,Pied Piper,"Hyderabad, Telangana",6.3
CAND_0029590,0.6396,0.7045,0.4167,0.8,0.644,Content Writer,Initech,"Bangalore, Karnataka",10.4
CAND_0056223,0.6396,0.7136,0.1667,1.0,0.741,QA Engineer,Flipkart,"Mumbai, Maharashtra",6.0
CAND_0048609,0.6396,0.6847,0.0,1.0,1.0,Marketing Manager,Wayne Enterprises,"Bangalore, Karnataka",8.5
CAND_0066888,0.6396,0.6857,0.0,1.0,0.998,Sales Executive,Initech,"Bangalore, Karnataka",7.0
CAND_0002941,0.6396,0.6892,0.0,1.0,0.992,Customer Support,Hooli,"Hyderabad, Telangana",6.8
CAND_0081172,0.6396,0.7162,0.4167,0.7,0.724,Operations Manager,Stark Industries,New York,9.0
CAND_0006354,0.6396,0.7266,0.3333,0.8,0.71,Data Scientist,Tech Mahindra,"Mumbai, Maharashtra",4.5
CAND_0033352,0.6396,0.7395,0.0833,0.85,0.95,Computer Vision Engineer,Ola,"Indore, Madhya Pradesh",5.0
CAND_0019891,0.6395,0.6843,0.0,1.0,1.0,Content Writer,Initech,"Bangalore, Karnataka",5.2
CAND_0084510,0.6395,0.6842,0.0,1.0,1.0,Project Manager,Stark Industries,"Hyderabad, Telangana",7.8
CAND_0050556,0.6395,0.7319,0.3333,0.85,0.65,Mechanical Engineer,Stark Industries,"Chandigarh, Chandigarh",6.4
CAND_0021954,0.6395,0.7021,0.0,1.0,0.969,Customer Support,Pied Piper,"Delhi, Delhi",6.5
CAND_0018887,0.6395,0.6814,0.4167,0.5,0.984,Graphic Designer,Wayne Enterprises,San Francisco,9.2
CAND_0033243,0.6395,0.7186,0.4167,0.65,0.769,Mechanical Engineer,Pied Piper,"Jaipur, Rajasthan",10.6
CAND_0020494,0.6395,0.7492,0.1667,1.0,0.678,AI Research Engineer,Vedantu,"Noida, Uttar Pradesh",5.9
CAND_0014797,0.6395,0.7361,0.1667,0.85,0.851,Data Engineer,Dunder Mifflin,"Ahmedabad, Gujarat",5.4
CAND_0086963,0.6395,0.7168,0.4167,0.5,0.922,Mechanical Engineer,Hooli,Austin,11.0
CAND_0095042,0.6395,0.7529,0.0,1.0,0.88,Senior Software Engineer (ML),BYJU'S,"Bangalore, Karnataka",5.1
CAND_0031499,0.6394,0.6934,0.1667,1.0,0.775,.NET Developer,Wayne Enterprises,"Bangalore, Karnataka",8.8
CAND_0074752,0.6394,0.6998,0.0833,1.0,0.868,Backend Engineer,Dream11,"Noida, Uttar Pradesh",5.5
CAND_0096865,0.6394,0.6839,0.0,1.0,1.0,Operations Manager,Acme Corp,"Delhi, Delhi",8.1
CAND_0043957,0.6394,0.7108,0.1667,0.85,0.895,Data Analyst,Meesho,"Trivandrum, Kerala",6.5
CAND_0029768,0.6394,0.7103,0.0833,0.85,1.0,Software Engineer,Flipkart,"Chandigarh, Chandigarh",5.7
CAND_0038944,0.6394,0.7411,0.0833,0.85,0.946,Senior Data Engineer,PhonePe,"Kolkata, West Bengal",6.2
CAND_0052316,0.6393,0.7026,0.4167,0.85,0.596,HR Manager,Wayne Enterprises,"Trivandrum, Kerala",8.5
CAND_0093235,0.6393,0.6932,0.1667,1.0,0.775,Cloud Engineer,Swiggy,"Hyderabad, Telangana",5.9
CAND_0051241,0.6393,0.7197,0.4167,0.85,0.566,Accountant,Initech,"Vizag, Andhra Pradesh",7.2
CAND_0068357,0.6393,0.6845,0.25,0.8,0.886,Content Writer,Wayne Enterprises,"Mumbai, Maharashtra",4.4
CAND_0017771,0.6393,0.7417,0.1667,1.0,0.69,Senior Software Engineer,Unacademy,"Noida, Uttar Pradesh",7.8
CAND_0068527,0.6393,0.7341,0.3333,0.8,0.695,Civil Engineer,Dunder Mifflin,"Bangalore, Karnataka",9.1
CAND_0069677,0.6393,0.7098,0.0833,0.85,1.0,Data Engineer,Stark Industries,"Trivandrum, Kerala",5.8
CAND_0087804,0.6393,0.7451,0.3333,0.65,0.826,AI Specialist,Rephrase.ai,"Kolkata, West Bengal",4.1
CAND_0059810,0.6392,0.6835,0.0,1.0,1.0,Civil Engineer,Globex Inc,"Pune, Maharashtra",8.9
CAND_0089739,0.6392,0.6833,0.0,1.0,1.0,Content Writer,Pied Piper,"Pune, Maharashtra",5.1
CAND_0066258,0.6392,0.6877,0.1667,0.85,0.934,Software Engineer,Initech,"Indore, Madhya Pradesh",7.0
CAND_0038631,0.6392,0.6916,0.0,1.0,0.986,Backend Engineer,PharmEasy,"Delhi, Delhi",7.9
CAND_0021014,0.6392,0.73,0.1667,1.0,0.71,Junior ML Engineer,Niramai,"Noida, Uttar Pradesh",5.1
CAND_0075174,0.6392,0.7368,0.1667,1.0,0.698,Accountant,Wayne Enterprises,"Delhi, Delhi",6.0
CAND_0042694,0.6392,0.7189,0.4167,0.7,0.717,Sales Executive,Hooli,Toronto,7.8
CAND_0043499,0.6392,0.7136,0.1667,0.85,0.889,Data Engineer,Tech Mahindra,"Coimbatore, Tamil Nadu",6.7
CAND_0046778,0.6392,0.7064,0.4167,0.55,0.889,Project Manager,Infosys,"Chandigarh, Chandigarh",7.8
CAND_0075753,0.6392,0.7213,0.3333,0.6,0.917,Data Engineer,Meesho,"Mumbai, Maharashtra",2.1
CAND_0082051,0.6391,0.6717,0.0833,1.0,0.916,Marketing Manager,Hooli,"Noida, Uttar Pradesh",6.0
CAND_0093257,0.6391,0.7099,0.1667,1.0,0.745,Data Engineer,Flipkart,"Hyderabad, Telangana",5.7
CAND_0043798,0.6391,0.6831,0.0,1.0,1.0,Graphic Designer,Initech,"Mumbai, Maharashtra",5.0
CAND_0057045,0.6391,0.6831,0.0,1.0,1.0,Accountant,Dunder Mifflin,"Noida, Uttar Pradesh",5.8
CAND_0006670,0.6391,0.7026,0.0833,1.0,0.862,Software Engineer,Dunder Mifflin,"Mumbai, Maharashtra",5.8
CAND_0003004,0.6391,0.7104,0.25,0.85,0.79,Accountant,Initech,"Indore, Madhya Pradesh",6.1
CAND_0069884,0.6391,0.6981,0.0,1.0,0.974,Sales Executive,Acme Corp,"Pune, Maharashtra",7.8
CAND_0028835,0.6391,0.7016,0.4167,0.6,0.847,Sales Executive,Globex Inc,"Bangalore, Karnataka",12.4
CAND_0043228,0.6391,0.7509,0.1667,0.85,0.823,Applied ML Engineer,Zoho,"Chennai, Tamil Nadu",6.8
CAND_0004826,0.639,0.6867,0.0833,1.0,0.889,Project Manager,Globex Inc,"Hyderabad, Telangana",5.4
CAND_0029295,0.639,0.723,0.25,1.0,0.617,Civil Engineer,Hooli,"Bangalore, Karnataka",6.1
CAND_0099833,0.639,0.6829,0.0,1.0,1.0,Customer Support,Globex Inc,"Bangalore, Karnataka",8.0
CAND_0059509,0.639,0.722,0.3333,0.85,0.665,HR Manager,Hooli,"Vizag, Andhra Pradesh",8.3
CAND_0043352,0.639,0.7063,0.0,1.0,0.959,Customer Support,Hooli,"Mumbai, Maharashtra",5.7
CAND_0046079,0.639,0.7244,0.0833,1.0,0.823,Senior Software Engineer,Nykaa,"Mumbai, Maharashtra",5.7
CAND_0050151,0.639,0.7343,0.4167,0.7,0.689,Civil Engineer,Pied Piper,Seattle,7.8
CAND_0061102,0.639,0.7428,0.4167,0.6,0.774,Civil Engineer,Acme Corp,"Mumbai, Maharashtra",2.1
CAND_0058039,0.6389,0.6475,0.25,0.85,0.899,Mobile Developer,Razorpay,"Chennai, Tamil Nadu",8.9
CAND_0052655,0.6389,0.6927,0.1667,1.0,0.774,Software Engineer,Mindtree,"Mumbai, Maharashtra",5.1
CAND_0001842,0.6389,0.7061,0.3333,0.85,0.692,Sales Executive,Dunder Mifflin,"Coimbatore, Tamil Nadu",6.4
CAND_0029203,0.6389,0.6951,0.0833,1.0,0.874,Business Analyst,Stark Industries,"Delhi, Delhi",5.4
CAND_0064073,0.6389,0.6825,0.0,1.0,1.0,Mechanical Engineer,Hooli,"Hyderabad, Telangana",5.3
CAND_0085542,0.6389,0.7217,0.3333,0.85,0.665,Accountant,Globex Inc,"Ahmedabad, Gujarat",7.0
CAND_0002413,0.6389,0.6902,0.1667,0.85,0.928,Software Engineer,Acme Corp,"Bhubaneswar, Odisha",8.6
CAND_0001942,0.6389,0.7176,0.3333,0.8,0.722,Content Writer,Wayne Enterprises,"Hyderabad, Telangana",9.7
CAND_0050559,0.6389,0.7176,0.3333,0.6,0.922,Sales Executive,Wayne Enterprises,"Delhi, Delhi",3.6
CAND_0089406,0.6389,0.7303,0.3333,0.65,0.85,Data Scientist,Locobuzz,"Indore, Madhya Pradesh",4.2
CAND_0013081,0.6388,0.6805,0.4167,0.85,0.632,Graphic Designer,Pied Piper,"Ahmedabad, Gujarat",9.0
CAND_0018476,0.6388,0.7004,0.1667,1.0,0.76,Backend Engineer,Ola,"Delhi, Delhi",5.2
CAND_0084530,0.6388,0.7242,0.25,1.0,0.614,Operations Manager,Stark Industries,"Noida, Uttar Pradesh",7.7
CAND_0062944,0.6388,0.7096,0.1667,1.0,0.744,Data Analyst,Acme Corp,"Bangalore, Karnataka",5.0
CAND_0021537,0.6388,0.6822,0.0,1.0,1.0,QA Engineer,Globex Inc,"Delhi, Delhi",6.9
CAND_0078930,0.6388,0.6824,0.0,1.0,1.0,Project Manager,Initech,"Hyderabad, Telangana",5.6
CAND_0064306,0.6388,0.7237,0.1667,1.0,0.719,Senior Data Engineer,Mindtree,"Bangalore, Karnataka",7.6
CAND_0092810,0.6388,0.7053,0.25,0.8,0.847,Graphic Designer,Pied Piper,"Bangalore, Karnataka",10.8
CAND_0083113,0.6388,0.7206,0.0,1.0,0.933,Mechanical Engineer,Initech,"Pune, Maharashtra",6.6
CAND_0096310,0.6388,0.7206,0.3333,0.7,0.816,Mechanical Engineer,Stark Industries,Singapore,5.7
CAND_0091405,0.6387,0.6721,0.0833,1.0,0.913,Graphic Designer,Dunder Mifflin,"Delhi, Delhi",5.8
CAND_0036386,0.6387,0.682,0.0,1.0,1.0,Accountant,Pied Piper,"Mumbai, Maharashtra",8.5
CAND_0095047,0.6387,0.6821,0.0,1.0,1.0,HR Manager,Wayne Enterprises,"Pune, Maharashtra",8.6
CAND_0091081,0.6387,0.6897,0.25,0.8,0.874,Content Writer,Acme Corp,"Bangalore, Karnataka",10.1
CAND_0003731,0.6387,0.6899,0.0,1.0,0.986,Accountant,Stark Industries,"Bangalore, Karnataka",5.4
CAND_0007955,0.6387,0.6941,0.3333,0.7,0.862,Civil Engineer,TCS,"Noida, Uttar Pradesh",8.7
CAND_0064532,0.6387,0.7094,0.4167,0.65,0.781,Customer Support,Globex Inc,"Ahmedabad, Gujarat",9.2
CAND_0089469,0.6386,0.6415,0.1667,1.0,0.862,Full Stack Developer,Tech Mahindra,"Mumbai, Maharashtra",6.7
CAND_0000182,0.6386,0.682,0.25,1.0,0.687,QA Engineer,Stark Industries,"Delhi, Delhi",5.5
CAND_0096363,0.6386,0.6514,0.0833,1.0,0.949,Cloud Engineer,Globex Inc,"Mumbai, Maharashtra",8.5
CAND_0028842,0.6386,0.6483,0.1667,0.85,1.0,DevOps Engineer,Initech,"Kolkata, West Bengal",5.2
CAND_0042121,0.6386,0.6848,0.25,0.85,0.832,Operations Manager,Initech,"Vizag, Andhra Pradesh",8.2
CAND_0048936,0.6386,0.7288,0.25,1.0,0.605,Marketing Manager,Initech,"Pune, Maharashtra",8.3
CAND_0031918,0.6386,0.6817,0.0,1.0,1.0,Civil Engineer,Globex Inc,"Pune, Maharashtra",8.9
CAND_0048416,0.6386,0.6817,0.0,1.0,1.0,Operations Manager,Globex Inc,"Noida, Uttar Pradesh",5.9
CAND_0066667,0.6386,0.6816,0.0,1.0,1.0,Operations Manager,Initech,"Pune, Maharashtra",5.4
CAND_0093664,0.6386,0.6817,0.0,1.0,1.0,HR Manager,Acme Corp,"Delhi, Delhi",8.2
CAND_0009997,0.6386,0.726,0.3333,0.85,0.656,Customer Support,Dunder Mifflin,"Bhubaneswar, Odisha",9.0
CAND_0069195,0.6386,0.7155,0.4167,0.6,0.82,Accountant,Stark Industries,"Bangalore, Karnataka",3.8
CAND_0064427,0.6386,0.708,0.0833,0.85,1.0,Analytics Engineer,Acme Corp,"Vizag, Andhra Pradesh",6.6
CAND_0031411,0.6385,0.6482,0.1667,0.85,1.0,Java Developer,Tech Mahindra,"Coimbatore, Tamil Nadu",6.1
CAND_0096972,0.6385,0.693,0.3333,0.8,0.763,Content Writer,Stark Industries,"Bangalore, Karnataka",9.3
CAND_0041680,0.6385,0.721,0.3333,0.8,0.714,Civil Engineer,Stark Industries,"Delhi, Delhi",10.3
CAND_0047907,0.6385,0.7657,0.1667,1.0,0.644,AI Research Engineer,Vedantu,"Pune, Maharashtra",6.6
CAND_0061412,0.6384,0.6477,0.1667,0.85,1.0,Mobile Developer,Acme Corp,"Gurgaon, Haryana",8.3
CAND_0071853,0.6384,0.6979,0.4167,0.7,0.75,Mechanical Engineer,Infosys,"Mumbai, Maharashtra",8.8
CAND_0016374,0.6384,0.7012,0.0,1.0,0.965,Mechanical Engineer,Wayne Enterprises,"Bangalore, Karnataka",7.7
CAND_0033971,0.6384,0.7142,0.1667,0.85,0.884,Analytics Engineer,Meesho,"Gurgaon, Haryana",6.4
CAND_0073450,0.6384,0.7372,0.4167,0.6,0.781,AI Research Engineer,Wysa,"Noida, Uttar Pradesh",3.6
CAND_0036947,0.6383,0.6873,0.4167,0.7,0.768,Sales Executive,Wayne Enterprises,Singapore,7.4
CAND_0045464,0.6383,0.7176,0.3333,0.85,0.669,Customer Support,Hooli,"Chandigarh, Chandigarh",8.9
CAND_0011547,0.6383,0.7212,0.1667,0.85,0.871,Analytics Engineer,Nykaa,"Trivandrum, Kerala",5.1
CAND_0035290,0.6382,0.6657,0.0833,1.0,0.922,Cloud Engineer,Dunder Mifflin,"Bangalore, Karnataka",5.8
CAND_0003949,0.6382,0.7222,0.0833,1.0,0.823,Business Analyst,Acme Corp,"Bangalore, Karnataka",5.0
CAND_0052860,0.6382,0.7132,0.0,1.0,0.943,Data Analyst,Zoho,"Noida, Uttar Pradesh",7.7
CAND_0022906,0.6382,0.734,0.25,0.85,0.744,Business Analyst,Dunder Mifflin,"Kochi, Kerala",7.6
CAND_0080033,0.6382,0.7175,0.3333,0.7,0.819,Project Manager,Stark Industries,Berlin,9.0
CAND_0004800,0.6382,0.7333,0.4167,0.6,0.787,Customer Support,Globex Inc,"Hyderabad, Telangana",12.1
CAND_0035755,0.6381,0.6891,0.3333,0.85,0.718,Accountant,Globex Inc,"Jaipur, Rajasthan",6.0
CAND_0020200,0.6381,0.6802,0.0,1.0,1.0,Business Analyst,Pied Piper,"Bangalore, Karnataka",5.9
CAND_0029213,0.6381,0.7087,0.0833,1.0,0.846,Analytics Engineer,Swiggy,"Hyderabad, Telangana",7.0
CAND_0072983,0.6381,0.7306,0.4167,0.65,0.741,Sales Executive,Initech,"Indore, Madhya Pradesh",9.4
CAND_0093860,0.6381,0.7122,0.0833,0.85,0.99,HR Manager,Initech,"Coimbatore, Tamil Nadu",5.3
CAND_0093945,0.6381,0.7412,0.1667,0.85,0.835,Senior Data Engineer,Nykaa,"Coimbatore, Tamil Nadu",6.6
CAND_0007298,0.638,0.6673,0.25,1.0,0.71,Software Engineer,Initech,"Bangalore, Karnataka",5.9
CAND_0050718,0.638,0.6448,0.25,0.85,0.899,Mobile Developer,Stark Industries,"Kochi, Kerala",5.1
CAND_0023879,0.638,0.6466,0.1667,0.85,1.0,.NET Developer,Pied Piper,"Vizag, Andhra Pradesh",5.7
CAND_0059512,0.638,0.6894,0.1667,0.85,0.925,Frontend Engineer,Pied Piper,"Chandigarh, Chandigarh",5.8
CAND_0069220,0.638,0.7277,0.3333,0.85,0.65,ML Engineer,Paytm,"Jaipur, Rajasthan",5.6
CAND_0030597,0.638,0.7025,0.4167,0.65,0.79,Marketing Manager,Wayne Enterprises,"Kolkata, West Bengal",10.7
CAND_0064544,0.638,0.7195,0.4167,0.7,0.71,Sales Executive,Infosys,"Bangalore, Karnataka",7.3
CAND_0063547,0.638,0.7135,0.3333,0.7,0.825,Graphic Designer,Globex Inc,New York,5.2
CAND_0042934,0.638,0.7257,0.4167,0.6,0.799,Civil Engineer,Hooli,"Mumbai, Maharashtra",12.0
CAND_0093659,0.638,0.7257,0.4167,0.6,0.799,Content Writer,Hooli,"Bangalore, Karnataka",12.5
CAND_0007418,0.638,0.7326,0.0833,0.85,0.954,Software Engineer,Zoho,"Trivandrum, Kerala",5.2
CAND_0001878,0.6379,0.6481,0.1667,1.0,0.847,DevOps Engineer,Wayne Enterprises,"Noida, Uttar Pradesh",6.4
CAND_0045237,0.6379,0.6462,0.1667,0.85,1.0,Full Stack Developer,Razorpay,"Gurgaon, Haryana",7.8
CAND_0063879,0.6379,0.6996,0.1667,1.0,0.757,Backend Engineer,Wayne Enterprises,"Delhi, Delhi",5.2
CAND_0038923,0.6379,0.6939,0.0833,1.0,0.871,Software Engineer,Swiggy,"Delhi, Delhi",5.4
CAND_0061676,0.6379,0.6796,0.0,1.0,1.0,Frontend Engineer,Mindtree,"Hyderabad, Telangana",9.0
CAND_0022286,0.6379,0.705,0.0,1.0,0.956,Content Writer,Pied Piper,"Bangalore, Karnataka",8.3
CAND_0053882,0.6379,0.6982,0.3333,0.65,0.901,Operations Manager,Initech,"Chandigarh, Chandigarh",10.0
CAND_0025564,0.6379,0.6987,0.3333,0.55,1.0,Content Writer,Infosys,"Ahmedabad, Gujarat",7.4
CAND_0089639,0.6378,0.6872,0.1667,1.0,0.778,Data Analyst,CRED,"Hyderabad, Telangana",6.1
CAND_0046595,0.6378,0.7078,0.3333,0.85,0.684,Software Engineer,Freshworks,"Indore, Madhya Pradesh",5.6
CAND_0043064,0.6378,0.677,0.1667,0.85,0.946,Backend Engineer,Razorpay,"Chennai, Tamil Nadu",5.8
CAND_0044709,0.6378,0.7006,0.0833,1.0,0.859,Frontend Engineer,Wayne Enterprises,"Delhi, Delhi",5.0
CAND_0081444,0.6378,0.6905,0.1667,0.85,0.922,Software Engineer,Initech,"Coimbatore, Tamil Nadu",7.8
CAND_0027872,0.6378,0.7279,0.1667,1.0,0.707,Senior Data Engineer,Vedantu,"Noida, Uttar Pradesh",7.4
CAND_0063541,0.6378,0.7009,0.25,0.65,1.0,Project Manager,Initech,"Indore, Madhya Pradesh",11.0
CAND_0021036,0.6377,0.6583,0.25,0.85,0.874,Frontend Engineer,Acme Corp,"Vizag, Andhra Pradesh",8.1
CAND_0017646,0.6377,0.6791,0.0,1.0,1.0,Java Developer,Acme Corp,"Delhi, Delhi",7.8
CAND_0027259,0.6377,0.6791,0.0,1.0,1.0,Project Manager,Stark Industries,"Mumbai, Maharashtra",6.4
CAND_0066414,0.6377,0.6802,0.1667,0.85,0.94,QA Engineer,HCL,"Kolkata, West Bengal",7.2
CAND_0042715,0.6377,0.6937,0.1667,0.85,0.916,Frontend Engineer,Acme Corp,"Kolkata, West Bengal",5.8
CAND_0065325,0.6377,0.7137,0.25,0.85,0.777,Customer Support,Wayne Enterprises,"Coimbatore, Tamil Nadu",6.9
CAND_0012133,0.6377,0.7177,0.3333,0.65,0.866,HR Manager,Initech,"Chennai, Tamil Nadu",9.8
CAND_0031407,0.6377,0.6957,0.4167,0.45,1.0,Marketing Manager,Wayne Enterprises,"Jaipur, Rajasthan",2.9
CAND_0065915,0.6376,0.7097,0.4167,0.85,0.575,Content Writer,Dunder Mifflin,"Chennai, Tamil Nadu",8.8
CAND_0001640,0.6376,0.6788,0.0,1.0,1.0,QA Engineer,HCL,"Delhi, Delhi",9.0
CAND_0046096,0.6376,0.7091,0.0,1.0,0.947,Customer Support,Pied Piper,"Hyderabad, Telangana",6.5
CAND_0074339,0.6376,0.7175,0.1667,0.85,0.874,ML Engineer,Observe.AI,"Bhubaneswar, Odisha",5.3
CAND_0015692,0.6376,0.705,0.0833,0.85,1.0,Accountant,Initech,"Kolkata, West Bengal",5.4
CAND_0041166,0.6376,0.7131,0.0833,0.85,0.986,Backend Engineer,Stark Industries,"Vizag, Andhra Pradesh",7.0
CAND_0039227,0.6376,0.7233,0.25,0.7,0.91,Senior Software Engineer,Hooli,Berlin,7.2
CAND_0083689,0.6375,0.6816,0.4167,0.85,0.624,Business Analyst,Globex Inc,"Indore, Madhya Pradesh",7.5
CAND_0009210,0.6375,0.6787,0.0,1.0,1.0,HR Manager,Acme Corp,"Delhi, Delhi",7.7
CAND_0010205,0.6375,0.6739,0.1667,0.8,1.0,.NET Developer,Mphasis,"Mumbai, Maharashtra",4.3
CAND_0083734,0.6375,0.7039,0.25,0.85,0.793,Marketing Manager,Stark Industries,"Coimbatore, Tamil Nadu",7.5
CAND_0094524,0.6375,0.7321,0.1667,1.0,0.698,Senior Software Engineer,Acme Corp,"Pune, Maharashtra",7.2
CAND_0071395,0.6375,0.7232,0.4167,0.65,0.751,Customer Support,Initech,"Trivandrum, Kerala",4.5
CAND_0039123,0.6375,0.6976,0.3333,0.55,1.0,Customer Support,Wipro,"Jaipur, Rajasthan",7.5
CAND_0073969,0.6374,0.6403,0.25,0.85,0.904,Mobile Developer,Initech,"Kochi, Kerala",7.0
CAND_0046629,0.6374,0.6844,0.1667,1.0,0.781,Backend Engineer,Zomato,"Pune, Maharashtra",6.1
CAND_0075486,0.6374,0.7058,0.4167,0.85,0.581,Graphic Designer,Pied Piper,"Kolkata, West Bengal",5.1
CAND_0000605,0.6374,0.6823,0.0,1.0,0.993,Marketing Manager,Dunder Mifflin,"Mumbai, Maharashtra",8.6
CAND_0017924,0.6374,0.6947,0.0,1.0,0.971,Civil Engineer,Wayne Enterprises,"Hyderabad, Telangana",8.2
CAND_0082746,0.6373,0.6694,0.0833,1.0,0.911,Marketing Manager,Acme Corp,"Noida, Uttar Pradesh",6.7
CAND_0058607,0.6373,0.7105,0.4167,0.85,0.572,Civil Engineer,Acme Corp,"Chennai, Tamil Nadu",6.0
CAND_0000319,0.6373,0.6779,0.0,1.0,1.0,Project Manager,Pied Piper,"Delhi, Delhi",7.4
CAND_0060392,0.6373,0.6779,0.0,1.0,1.0,Backend Engineer,Meesho,"Noida, Uttar Pradesh",5.2
CAND_0049218,0.6373,0.7008,0.0833,1.0,0.856,Analytics Engineer,Globex Inc,"Hyderabad, Telangana",6.6
CAND_0012338,0.6373,0.7008,0.0,1.0,0.96,Civil Engineer,Dunder Mifflin,"Mumbai, Maharashtra",5.2
CAND_0010686,0.6373,0.7043,0.0833,0.85,1.0,Operations Manager,Pied Piper,"Indore, Madhya Pradesh",5.0
CAND_0086173,0.6373,0.7291,0.4167,0.6,0.79,Sales Executive,Acme Corp,"Hyderabad, Telangana",11.3
CAND_0058805,0.6372,0.6323,0.1667,1.0,0.871,Full Stack Developer,Globex Inc,"Delhi, Delhi",6.5
CAND_0046351,0.6372,0.6442,0.1667,1.0,0.85,Java Developer,Wayne Enterprises,"Mumbai, Maharashtra",9.0
CAND_0066618,0.6372,0.6526,0.0833,1.0,0.94,Full Stack Developer,Zomato,"Bangalore, Karnataka",8.2
CAND_0090045,0.6372,0.6717,0.1667,1.0,0.802,.NET Developer,Acme Corp,"Pune, Maharashtra",6.4
CAND_0073979,0.6372,0.6782,0.0833,1.0,0.895,QA Engineer,Acme Corp,"Bangalore, Karnataka",6.4
CAND_0076912,0.6372,0.6776,0.0,1.0,1.0,Customer Support,Pied Piper,"Hyderabad, Telangana",5.7
CAND_0033280,0.6372,0.6704,0.25,0.7,1.0,.NET Developer,Hooli,New York,7.4
CAND_0062637,0.6372,0.6921,0.0,1.0,0.975,Civil Engineer,Globex Inc,"Hyderabad, Telangana",5.4
CAND_0089047,0.6372,0.6924,0.1667,0.85,0.916,Frontend Engineer,CRED,"Chandigarh, Chandigarh",5.6
CAND_0060243,0.6372,0.7246,0.0833,1.0,0.814,Senior Software Engineer,Mphasis,"Mumbai, Maharashtra",7.5
CAND_0080967,0.6372,0.7081,0.0,1.0,0.947,HR Manager,Wayne Enterprises,"Delhi, Delhi",6.0
CAND_0054515,0.6372,0.7295,0.25,0.85,0.747,Business Analyst,Pied Piper,"Gurgaon, Haryana",6.4
CAND_0062511,0.6372,0.7224,0.0,1.0,0.922,Content Writer,Pied Piper,"Delhi, Delhi",7.6
CAND_0012038,0.6371,0.644,0.1667,0.85,1.0,Java Developer,Zomato,"Chennai, Tamil Nadu",6.5
CAND_0020020,0.6371,0.6775,0.0,1.0,1.0,Mechanical Engineer,Acme Corp,"Pune, Maharashtra",6.0
CAND_0057613,0.6371,0.6957,0.0,1.0,0.968,Project Manager,Wayne Enterprises,"Hyderabad, Telangana",7.0
CAND_0071663,0.6371,0.6783,0.25,0.7,0.986,Data Analyst,Accenture,"Hyderabad, Telangana",5.0
CAND_0017453,0.6371,0.7305,0.0,1.0,0.907,Software Engineer,PolicyBazaar,"Bangalore, Karnataka",6.2
CAND_0010848,0.6371,0.7366,0.3333,0.65,0.83,Civil Engineer,Initech,"Kolkata, West Bengal",4.6
CAND_0040442,0.637,0.6575,0.1667,1.0,0.826,Java Developer,Acme Corp,"Pune, Maharashtra",8.6
CAND_0002211,0.637,0.6644,0.1667,1.0,0.814,.NET Developer,Globex Inc,"Delhi, Delhi",7.5
CAND_0070082,0.637,0.7174,0.25,1.0,0.617,Analytics Engineer,InMobi,"Mumbai, Maharashtra",5.4
CAND_0047904,0.637,0.6772,0.0,1.0,1.0,Graphic Designer,Wayne Enterprises,"Bangalore, Karnataka",8.8
CAND_0083348,0.637,0.7517,0.25,1.0,0.557,Senior Software Engineer,Ola,"Hyderabad, Telangana",7.3
CAND_0068925,0.637,0.7038,0.1667,0.85,0.895,Data Analyst,PhonePe,"Kochi, Kerala",6.2
CAND_0098080,0.637,0.7092,0.0,1.0,0.944,Mechanical Engineer,Hooli,"Mumbai, Maharashtra",7.8
CAND_0062169,0.637,0.7268,0.0,1.0,0.913,Content Writer,Globex Inc,"Hyderabad, Telangana",5.2
CAND_0062500,0.637,0.7088,0.3333,0.6,0.928,Graphic Designer,Dunder Mifflin,"Bangalore, Karnataka",2.1
CAND_0022381,0.637,0.7338,0.4167,0.6,0.78,Project Manager,Hooli,"Noida, Uttar Pradesh",3.8
CAND_0058945,0.6369,0.6993,0.4167,0.85,0.59,Customer Support,Globex Inc,"Chennai, Tamil Nadu",7.5
CAND_0097960,0.6369,0.7189,0.25,1.0,0.614,Graphic Designer,Wayne Enterprises,"Delhi, Delhi",8.4
CAND_0022296,0.6369,0.6894,0.4167,0.7,0.757,Accountant,Hooli,New York,7.3
CAND_0070204,0.6369,0.6769,0.0,1.0,1.0,.NET Developer,CRED,"Bangalore, Karnataka",8.2
CAND_0030939,0.6369,0.7296,0.4167,0.8,0.587,Marketing Manager,Initech,"Pune, Maharashtra",4.9
CAND_0061489,0.6369,0.7002,0.0,1.0,0.959,Civil Engineer,Hooli,"Hyderabad, Telangana",6.9
CAND_0045971,0.6369,0.7165,0.25,0.85,0.768,Accountant,Globex Inc,"Gurgaon, Haryana",7.0
CAND_0090085,0.6369,0.7134,0.0,1.0,0.936,Civil Engineer,Globex Inc,"Pune, Maharashtra",6.2
CAND_0039504,0.6369,0.7148,0.3333,0.7,0.817,Business Analyst,Globex Inc,London,5.1
CAND_0041790,0.6368,0.6556,0.25,0.85,0.874,Mobile Developer,Mindtree,"Coimbatore, Tamil Nadu",7.3
CAND_0035991,0.6368,0.6838,0.0833,1.0,0.883,Software Engineer,Flipkart,"Noida, Uttar Pradesh",5.4
CAND_0022671,0.6368,0.6868,0.4167,0.65,0.811,Customer Support,Initech,"Kochi, Kerala",9.7
CAND_0008978,0.6368,0.7339,0.25,1.0,0.587,Junior ML Engineer,Tech Mahindra,"Pune, Maharashtra",6.7
CAND_0043010,0.6368,0.6695,0.25,0.7,1.0,Software Engineer,Capgemini,"Noida, Uttar Pradesh",8.9
CAND_0077155,0.6368,0.7106,0.25,0.85,0.778,Software Engineer,Stark Industries,"Chandigarh, Chandigarh",5.9
CAND_0077536,0.6368,0.7285,0.1667,1.0,0.701,Data Analyst,BYJU'S,"Noida, Uttar Pradesh",7.2
CAND_0009078,0.6368,0.7312,0.25,0.85,0.742,Mechanical Engineer,Dunder Mifflin,"Vizag, Andhra Pradesh",6.8
CAND_0097280,0.6367,0.6999,0.3333,0.85,0.692,Marketing Manager,Initech,"Kolkata, West Bengal",5.4
CAND_0036724,0.6367,0.6881,0.25,0.85,0.817,Software Engineer,BYJU'S,"Chennai, Tamil Nadu",7.1
CAND_0025837,0.6367,0.6763,0.0,1.0,1.0,Content Writer,Dunder Mifflin,"Mumbai, Maharashtra",5.9
CAND_0056303,0.6367,0.6763,0.0,1.0,1.0,Accountant,Initech,"Mumbai, Maharashtra",7.9
CAND_0042941,0.6367,0.7062,0.3333,0.8,0.731,Project Manager,Acme Corp,"Hyderabad, Telangana",9.9
CAND_0038569,0.6367,0.6861,0.0,1.0,0.983,Graphic Designer,Initech,"Mumbai, Maharashtra",6.0
CAND_0001707,0.6367,0.7059,0.0833,1.0,0.844,Data Scientist,Vedantu,"Pune, Maharashtra",5.6
CAND_0047154,0.6367,0.6909,0.1667,0.85,0.916,.NET Developer,Dunder Mifflin,"Vizag, Andhra Pradesh",6.5
CAND_0011063,0.6366,0.6768,0.25,1.0,0.686,Java Developer,Hooli,"Pune, Maharashtra",5.0
CAND_0089290,0.6366,0.685,0.0833,1.0,0.88,Frontend Engineer,Acme Corp,"Pune, Maharashtra",5.9
CAND_0049050,0.6366,0.6759,0.0,1.0,1.0,Sales Executive,Hooli,"Delhi, Delhi",6.2
CAND_0084688,0.6366,0.6761,0.0,1.0,1.0,Content Writer,Globex Inc,"Mumbai, Maharashtra",6.6
CAND_0000611,0.6366,0.6804,0.1667,0.85,0.934,Software Engineer,Mphasis,"Chandigarh, Chandigarh",7.1
CAND_0090874,0.6366,0.6926,0.0,1.0,0.971,HR Manager,Globex Inc,"Delhi, Delhi",7.3
CAND_0060743,0.6365,0.6677,0.0833,1.0,0.91,Content Writer,Initech,"Mumbai, Maharashtra",7.9
CAND_0069233,0.6365,0.7027,0.3333,0.85,0.686,Marketing Manager,Dunder Mifflin,"Ahmedabad, Gujarat",8.7
CAND_0004674,0.6365,0.6889,0.0,1.0,0.977,Civil Engineer,Initech,"Hyderabad, Telangana",8.1
CAND_0023149,0.6365,0.7043,0.0,1.0,0.95,Marketing Manager,Pied Piper,"Bangalore, Karnataka",6.0
CAND_0090506,0.6365,0.7019,0.0833,0.85,1.0,Data Engineer,Wayne Enterprises,"Ahmedabad, Gujarat",5.2
CAND_0021477,0.6365,0.6983,0.3333,0.6,0.944,Project Manager,Globex Inc,"Bangalore, Karnataka",12.0
CAND_0085351,0.6365,0.7253,0.0,1.0,0.913,Software Engineer,Zomato,"Hyderabad, Telangana",6.0
CAND_0007164,0.6365,0.7058,0.3333,0.6,0.931,Customer Support,Acme Corp,"Pune, Maharashtra",14.6
CAND_0087082,0.6365,0.7301,0.3333,0.65,0.838,Civil Engineer,Hooli,"Trivandrum, Kerala",9.9
CAND_0097277,0.6364,0.6659,0.1667,1.0,0.808,DevOps Engineer,Initech,"Noida, Uttar Pradesh",6.8
CAND_0088474,0.6364,0.6828,0.0833,1.0,0.883,.NET Developer,Pied Piper,"Mumbai, Maharashtra",7.6
CAND_0048335,0.6364,0.6683,0.1667,0.85,0.954,.NET Developer,Zomato,"Gurgaon, Haryana",8.2
CAND_0023719,0.6364,0.6755,0.0,1.0,1.0,Graphic Designer,Hooli,"Noida, Uttar Pradesh",7.0
CAND_0095368,0.6364,0.6755,0.0,1.0,1.0,Frontend Engineer,Initech,"Noida, Uttar Pradesh",6.2
CAND_0029528,0.6364,0.7146,0.3333,0.85,0.665,Senior Software Engineer,Ola,"Indore, Madhya Pradesh",6.0
CAND_0068883,0.6364,0.6866,0.1667,0.8,0.972,Frontend Engineer,Acme Corp,"Delhi, Delhi",4.7
CAND_0008921,0.6364,0.707,0.3333,0.65,0.878,Marketing Manager,Initech,"Coimbatore, Tamil Nadu",10.3
CAND_0063096,0.6364,0.6967,0.25,0.65,1.0,Analytics Engineer,PharmEasy,"Ahmedabad, Gujarat",4.5
CAND_0058463,0.6364,0.7261,0.1667,0.85,0.853,Senior Software Engineer,Zoho,"Kolkata, West Bengal",7.5
CAND_0002526,0.6364,0.6946,0.3333,0.55,1.0,Data Scientist,Wipro,"Vizag, Andhra Pradesh",5.4
CAND_0032092,0.6364,0.7321,0.4167,0.6,0.78,Civil Engineer,Acme Corp,"Bangalore, Karnataka",14.9
CAND_0013634,0.6363,0.668,0.3333,1.0,0.596,Marketing Manager,Stark Industries,"Hyderabad, Telangana",6.9
CAND_0049212,0.6363,0.6752,0.0,1.0,1.0,Customer Support,Initech,"Hyderabad, Telangana",8.3
CAND_0094425,0.6363,0.7048,0.0833,1.0,0.844,Mechanical Engineer,Stark Industries,"Noida, Uttar Pradesh",8.2
CAND_0020009,0.6363,0.7227,0.3333,0.85,0.65,Accountant,Initech,"Indore, Madhya Pradesh",5.5
CAND_0026465,0.6363,0.6916,0.0,1.0,0.971,Mechanical Engineer,Stark Industries,"Pune, Maharashtra",8.8
CAND_0004039,0.6363,0.6987,0.0,1.0,0.959,Sales Executive,Pied Piper,"Bangalore, Karnataka",6.8
CAND_0027346,0.6362,0.6844,0.1667,1.0,0.775,Data Analyst,Tech Mahindra,"Delhi, Delhi",6.3
CAND_0098850,0.6362,0.673,0.0833,1.0,0.899,Project Manager,Globex Inc,"Pune, Maharashtra",7.5
CAND_0027912,0.6362,0.6902,0.0833,1.0,0.869,.NET Developer,Wayne Enterprises,"Pune, Maharashtra",7.2
CAND_0035511,0.6362,0.6747,0.0,1.0,1.0,Civil Engineer,Acme Corp,"Noida, Uttar Pradesh",7.7
CAND_0062444,0.6362,0.697,0.0833,1.0,0.857,QA Engineer,CRED,"Pune, Maharashtra",6.0
CAND_0011065,0.6362,0.7141,0.1667,1.0,0.723,Computer Vision Engineer,Nykaa,"Mumbai, Maharashtra",5.4
CAND_0048024,0.6362,0.6677,0.25,0.7,1.0,Data Engineer,Stark Industries,Berlin,6.2
CAND_0057919,0.6362,0.7153,0.25,0.8,0.817,Customer Support,Globex Inc,"Hyderabad, Telangana",10.9
CAND_0008355,0.6362,0.7165,0.1667,0.85,0.869,Data Engineer,Zomato,"Chandigarh, Chandigarh",6.4
CAND_0091385,0.6362,0.701,0.0833,0.85,1.0,Project Manager,Hooli,"Ahmedabad, Gujarat",6.2
CAND_0037162,0.6362,0.7108,0.0833,0.85,0.983,Analytics Engineer,Dream11,"Gurgaon, Haryana",5.1
CAND_0032791,0.6362,0.7028,0.4167,0.5,0.93,Customer Support,Hooli,Toronto,10.9
CAND_0054157,0.6361,0.7007,0.1667,1.0,0.746,QA Engineer,Globex Inc,"Bangalore, Karnataka",5.3
CAND_0015682,0.6361,0.6746,0.0,1.0,1.0,Mobile Developer,Wayne Enterprises,"Delhi, Delhi",5.8
CAND_0035252,0.6361,0.6745,0.0,1.0,1.0,Content Writer,Dunder Mifflin,"Pune, Maharashtra",6.1
CAND_0030212,0.6361,0.6768,0.0,1.0,0.996,Business Analyst,Wayne Enterprises,"Mumbai, Maharashtra",7.2
CAND_0034800,0.6361,0.6836,0.1667,0.85,0.926,Cloud Engineer,Tech Mahindra,"Ahmedabad, Gujarat",5.9
CAND_0009879,0.636,0.6345,0.25,1.0,0.757,Mobile Developer,Razorpay,"Pune, Maharashtra",6.2
CAND_0035244,0.636,0.6955,0.0,1.0,0.963,Mechanical Engineer,Pied Piper,"Delhi, Delhi",6.9
CAND_0069232,0.636,0.7328,0.1667,1.0,0.689,ML Engineer,Yellow.ai,"Pune, Maharashtra",6.3
CAND_0095423,0.636,0.7086,0.0,1.0,0.94,Senior Data Engineer,Paytm,"Bangalore, Karnataka",7.8
CAND_0068776,0.636,0.7006,0.0833,0.85,1.0,Data Engineer,Unacademy,"Bhubaneswar, Odisha",7.8
CAND_0025102,0.636,0.7144,0.3333,0.65,0.863,Project Manager,Acme Corp,"Jaipur, Rajasthan",9.7
CAND_0049202,0.6359,0.6768,0.1667,1.0,0.787,Project Manager,Wayne Enterprises,"Bangalore, Karnataka",6.0
CAND_0072277,0.6359,0.674,0.0,1.0,1.0,Customer Support,Globex Inc,"Mumbai, Maharashtra",6.8
CAND_0018921,0.6359,0.6916,0.0833,1.0,0.865,HR Manager,Pied Piper,"Mumbai, Maharashtra",6.0
CAND_0025604,0.6359,0.68,0.1667,0.85,0.931,QA Engineer,Wayne Enterprises,"Chandigarh, Chandigarh",5.9
CAND_0039743,0.6359,0.6819,0.0,1.0,0.986,Frontend Engineer,Wayne Enterprises,"Delhi, Delhi",8.4
CAND_0049836,0.6359,0.693,0.3333,0.55,1.0,Marketing Manager,Wipro,"Chennai, Tamil Nadu",7.7
CAND_0045299,0.6358,0.6216,0.1667,1.0,0.883,Mobile Developer,Acme Corp,"Bangalore, Karnataka",5.6
CAND_0006926,0.6358,0.6416,0.0833,1.0,0.952,Mobile Developer,Razorpay,"Bangalore, Karnataka",7.6
CAND_0013118,0.6358,0.6724,0.0833,1.0,0.898,Customer Support,Hooli,"Delhi, Delhi",9.0
CAND_0086756,0.6358,0.6737,0.0,1.0,1.0,Customer Support,Wayne Enterprises,"Delhi, Delhi",8.2
CAND_0057817,0.6358,0.6947,0.0833,1.0,0.859,Customer Support,Initech,"Mumbai, Maharashtra",9.0
CAND_0064827,0.6358,0.6781,0.1667,0.85,0.934,.NET Developer,Wayne Enterprises,"Gurgaon, Haryana",5.7
CAND_0073045,0.6358,0.6689,0.1667,0.8,1.0,DevOps Engineer,Initech,"Hyderabad, Telangana",4.5
CAND_0047407,0.6358,0.7034,0.0,1.0,0.948,HR Manager,Initech,"Mumbai, Maharashtra",5.2
CAND_0039208,0.6358,0.7305,0.3333,0.8,0.684,Civil Engineer,Pied Piper,"Delhi, Delhi",9.5
CAND_0077296,0.6358,0.7286,0.0833,0.85,0.95,Computer Vision Engineer,Ola,"Vizag, Andhra Pradesh",5.8
CAND_0077609,0.6357,0.6568,0.0833,1.0,0.925,Mobile Developer,Razorpay,"Hyderabad, Telangana",7.9
CAND_0067410,0.6357,0.7031,0.4167,0.8,0.627,Content Writer,Dunder Mifflin,"Bangalore, Karnataka",4.1
CAND_0099083,0.6357,0.6876,0.0833,1.0,0.871,Content Writer,Wayne Enterprises,"Noida, Uttar Pradesh",5.7
CAND_0041013,0.6357,0.6733,0.0,1.0,1.0,Frontend Engineer,Globex Inc,"Bangalore, Karnataka",7.0
CAND_0091552,0.6357,0.6733,0.0,1.0,1.0,Software Engineer,Zomato,"Bangalore, Karnataka",7.8
CAND_0066599,0.6357,0.7163,0.4167,0.65,0.754,Mechanical Engineer,Stark Industries,"Indore, Madhya Pradesh",4.3
CAND_0031961,0.6356,0.6986,0.3333,1.0,0.539,Sales Executive,Wayne Enterprises,"Delhi, Delhi",6.0
CAND_0017787,0.6356,0.6849,0.1667,1.0,0.771,Backend Engineer,InMobi,"Hyderabad, Telangana",5.4
CAND_0002132,0.6356,0.6732,0.0,1.0,1.0,Graphic Designer,Acme Corp,"Hyderabad, Telangana",6.4
CAND_0080577,0.6356,0.6731,0.0,1.0,1.0,Full Stack Developer,Hooli,"Pune, Maharashtra",5.4
CAND_0087183,0.6356,0.6731,0.0,1.0,1.0,Operations Manager,Pied Piper,"Mumbai, Maharashtra",5.6
CAND_0057357,0.6356,0.674,0.1667,0.85,0.94,Analytics Engineer,Globex Inc,"Kochi, Kerala",7.4
CAND_0097192,0.6356,0.6826,0.1667,0.85,0.925,Frontend Engineer,CRED,"Chennai, Tamil Nadu",5.1
CAND_0084935,0.6356,0.7032,0.1667,0.85,0.889,Software Engineer,Freshworks,"Chandigarh, Chandigarh",7.9
CAND_0047276,0.6356,0.7016,0.0833,0.85,0.996,Backend Engineer,Freshworks,"Coimbatore, Tamil Nadu",5.5
CAND_0004972,0.6356,0.7392,0.25,0.85,0.722,ML Engineer,Glance,"Gurgaon, Haryana",6.0
CAND_0052962,0.6355,0.6666,0.0833,1.0,0.907,Java Developer,Stark Industries,"Noida, Uttar Pradesh",8.5
CAND_0064855,0.6355,0.6665,0.0833,1.0,0.907,Business Analyst,Stark Industries,"Pune, Maharashtra",5.1
CAND_0009428,0.6355,0.6681,0.0833,1.0,0.904,DevOps Engineer,Zomato,"Mumbai, Maharashtra",6.3
CAND_0093357,0.6355,0.7097,0.25,1.0,0.623,Civil Engineer,Globex Inc,"Pune, Maharashtra",6.6
CAND_0050266,0.6355,0.6727,0.0,1.0,1.0,Mobile Developer,Mphasis,"Hyderabad, Telangana",8.8
CAND_0095023,0.6355,0.6793,0.0,1.0,0.989,Software Engineer,CRED,"Mumbai, Maharashtra",7.8
CAND_0075062,0.6355,0.741,0.3333,0.85,0.614,Customer Support,Hooli,"Kochi, Kerala",7.2
CAND_0072332,0.6355,0.7184,0.1667,0.85,0.862,Senior Data Engineer,Vedantu,"Gurgaon, Haryana",5.2
CAND_0017559,0.6355,0.7197,0.0,1.0,0.918,Mechanical Engineer,Dunder Mifflin,"Mumbai, Maharashtra",8.6
CAND_0031477,0.6354,0.6615,0.1667,1.0,0.811,.NET Developer,Hooli,"Hyderabad, Telangana",5.5
CAND_0013003,0.6354,0.6854,0.1667,1.0,0.769,Software Engineer,Swiggy,"Pune, Maharashtra",5.7
CAND_0032953,0.6354,0.6725,0.0,1.0,1.0,Graphic Designer,Wayne Enterprises,"Hyderabad, Telangana",8.0
CAND_0044097,0.6354,0.6727,0.0,1.0,1.0,QA Engineer,HCL,"Noida, Uttar Pradesh",8.5
CAND_0052428,0.6354,0.6917,0.25,0.85,0.804,Software Engineer,CRED,"Ahmedabad, Gujarat",6.2
CAND_0063195,0.6354,0.6994,0.0833,0.85,0.999,Software Engineer,Tech Mahindra,"Kochi, Kerala",6.4
CAND_0018553,0.6354,0.7519,0.0833,1.0,0.757,Senior Software Engineer,Vedantu,"Delhi, Delhi",5.5
CAND_0085754,0.6353,0.6842,0.1667,1.0,0.771,Backend Engineer,Freshworks,"Delhi, Delhi",7.4
CAND_0066308,0.6353,0.6723,0.0,1.0,1.0,DevOps Engineer,Stark Industries,"Bangalore, Karnataka",5.3
CAND_0002706,0.6353,0.7108,0.1667,0.85,0.874,Junior ML Engineer,Zoho,"Trivandrum, Kerala",6.9
CAND_0062819,0.6353,0.7202,0.0,1.0,0.916,Project Manager,Stark Industries,"Mumbai, Maharashtra",7.9
CAND_0092832,0.6352,0.6387,0.1667,0.85,1.0,Java Developer,Pied Piper,"Bhubaneswar, Odisha",7.1
CAND_0000552,0.6352,0.6777,0.4167,0.8,0.669,Accountant,Globex Inc,"Mumbai, Maharashtra",4.0
CAND_0058481,0.6352,0.6673,0.0833,1.0,0.904,Backend Engineer,Dunder Mifflin,"Mumbai, Maharashtra",6.4
CAND_0034467,0.6352,0.672,0.0,1.0,1.0,Operations Manager,Globex Inc,"Mumbai, Maharashtra",6.9
CAND_0096270,0.6352,0.672,0.0,1.0,1.0,HR Manager,Initech,"Mumbai, Maharashtra",5.6
CAND_0074229,0.6352,0.6713,0.1667,0.85,0.943,Frontend Engineer,Wayne Enterprises,"Vizag, Andhra Pradesh",7.2
CAND_0022029,0.6352,0.7218,0.4167,0.85,0.542,Accountant,Dunder Mifflin,"Bhubaneswar, Odisha",6.6
CAND_0071946,0.6352,0.6818,0.0,1.0,0.983,Customer Support,Acme Corp,"Mumbai, Maharashtra",7.5
CAND_0037534,0.6352,0.7478,0.1667,1.0,0.659,Senior Data Engineer,PhonePe,"Mumbai, Maharashtra",7.5
CAND_0059048,0.6352,0.6981,0.0833,0.85,1.0,Business Analyst,Hooli,"Jaipur, Rajasthan",6.1
CAND_0095574,0.6352,0.7339,0.4167,0.6,0.771,HR Manager,Wayne Enterprises,"Pune, Maharashtra",2.6
CAND_0026505,0.6352,0.7302,0.0833,0.85,0.944,Senior Software Engineer,PhonePe,"Indore, Madhya Pradesh",5.3
CAND_0078154,0.6351,0.6555,0.0833,1.0,0.924,HR Manager,Stark Industries,"Mumbai, Maharashtra",8.7
CAND_0076807,0.6351,0.7055,0.3333,0.65,0.874,Content Writer,Stark Industries,"Chennai, Tamil Nadu",4.1
CAND_0084579,0.635,0.6451,0.0833,1.0,0.942,Mobile Developer,HCL,"Noida, Uttar Pradesh",8.6
CAND_0095151,0.635,0.7105,0.3333,0.85,0.665,HR Manager,Initech,"Ahmedabad, Gujarat",5.5
CAND_0002328,0.635,0.7142,0.0,1.0,0.925,Mechanical Engineer,Hooli,"Bangalore, Karnataka",5.9
CAND_0011698,0.635,0.7003,0.25,0.7,0.937,Data Engineer,Swiggy,Seattle,5.3
CAND_0039967,0.635,0.7195,0.0,1.0,0.916,Customer Support,Wayne Enterprises,"Bangalore, Karnataka",5.5
CAND_0092895,0.635,0.6928,0.25,0.65,1.0,Content Writer,Wayne Enterprises,"Chennai, Tamil Nadu",9.5
CAND_0091712,0.635,0.726,0.1667,0.8,0.896,Data Scientist,HCL,"Delhi, Delhi",4.8
CAND_0054075,0.6349,0.6604,0.25,0.85,0.856,Mobile Developer,Wayne Enterprises,"Coimbatore, Tamil Nadu",8.8
CAND_0053767,0.6349,0.6925,0.1667,1.0,0.754,Software Engineer,Paytm,"Bangalore, Karnataka",7.8
CAND_0079949,0.6349,0.671,0.0,1.0,1.0,.NET Developer,Stark Industries,"Bangalore, Karnataka",5.9
CAND_0095842,0.6349,0.6933,0.0833,1.0,0.857,Analytics Engineer,HCL,"Bangalore, Karnataka",6.2
CAND_0054248,0.6349,0.7297,0.3333,0.8,0.681,Mechanical Engineer,Initech,"Hyderabad, Telangana",10.0
CAND_0003956,0.6349,0.6972,0.0833,0.85,1.0,Data Analyst,Meesho,"Bhubaneswar, Odisha",6.6
CAND_0066903,0.6349,0.7017,0.25,0.7,0.934,Civil Engineer,Stark Industries,Seattle,8.5
CAND_0030658,0.6349,0.721,0.0,1.0,0.913,Customer Support,Hooli,"Bangalore, Karnataka",7.0
CAND_0077430,0.6348,0.6808,0.25,0.85,0.82,Full Stack Developer,HCL,"Coimbatore, Tamil Nadu",8.1
CAND_0039661,0.6348,0.6708,0.0,1.0,1.0,HR Manager,Hooli,"Bangalore, Karnataka",7.1
CAND_0000459,0.6348,0.6817,0.0,1.0,0.981,HR Manager,Wayne Enterprises,"Noida, Uttar Pradesh",7.9
CAND_0060675,0.6348,0.6851,0.0,1.0,0.975,QA Engineer,Initech,"Pune, Maharashtra",8.5
CAND_0071884,0.6348,0.6826,0.3333,0.65,0.913,Graphic Designer,Dunder Mifflin,"Jaipur, Rajasthan",4.2
CAND_0086240,0.6348,0.7012,0.0,1.0,0.947,Customer Support,Acme Corp,"Pune, Maharashtra",5.2
CAND_0036001,0.6348,0.705,0.0,1.0,0.94,Software Engineer,CRED,"Bangalore, Karnataka",7.6
CAND_0013702,0.6348,0.6971,0.0833,0.85,1.0,Data Engineer,Nykaa,"Chennai, Tamil Nadu",7.8
CAND_0078363,0.6348,0.6971,0.0833,0.85,1.0,Backend Engineer,Flipkart,"Indore, Madhya Pradesh",6.8
CAND_0057633,0.6348,0.7148,0.0,1.0,0.923,Accountant,Hooli,"Hyderabad, Telangana",7.7
CAND_0053088,0.6348,0.7231,0.3333,0.7,0.792,Marketing Manager,Acme Corp,Dubai,7.2
CAND_0042829,0.6347,0.6575,0.0833,1.0,0.919,.NET Developer,Stark Industries,"Hyderabad, Telangana",8.0
CAND_0016393,0.6347,0.6681,0.1667,0.85,0.946,Frontend Engineer,Flipkart,"Chandigarh, Chandigarh",7.2
CAND_0016796,0.6347,0.6706,0.0,1.0,1.0,Content Writer,Initech,"Delhi, Delhi",6.3
CAND_0054555,0.6347,0.7147,0.3333,0.85,0.656,Accountant,Hooli,"Kolkata, West Bengal",6.8
CAND_0044850,0.6347,0.6835,0.1667,0.85,0.919,Backend Engineer,upGrad,"Bhubaneswar, Odisha",6.9
CAND_0013525,0.6347,0.6967,0.0833,0.85,1.0,Data Analyst,Wayne Enterprises,"Coimbatore, Tamil Nadu",5.9
CAND_0026336,0.6347,0.6967,0.0833,0.85,1.0,Accountant,Globex Inc,"Chennai, Tamil Nadu",5.2
CAND_0043668,0.6347,0.7103,0.1667,0.8,0.922,QA Engineer,Flipkart,"Delhi, Delhi",4.5
CAND_0002548,0.6347,0.7246,0.1667,0.85,0.847,Analytics Engineer,upGrad,"Jaipur, Rajasthan",7.0
CAND_0092989,0.6347,0.7166,0.25,0.7,0.907,Data Scientist,PharmEasy,Dubai,6.1
CAND_0086918,0.6346,0.6503,0.0833,1.0,0.931,Mobile Developer,Globex Inc,"Mumbai, Maharashtra",8.5
CAND_0009073,0.6346,0.6704,0.0,1.0,1.0,Java Developer,Globex Inc,"Pune, Maharashtra",7.0
CAND_0042687,0.6346,0.6833,0.0,1.0,0.977,Business Analyst,Stark Industries,"Noida, Uttar Pradesh",8.6
CAND_0084896,0.6346,0.6885,0.0,1.0,0.968,Business Analyst,Stark Industries,"Noida, Uttar Pradesh",7.2
CAND_0006946,0.6346,0.7102,0.0833,1.0,0.826,Software Engineer,PharmEasy,"Delhi, Delhi",7.5
CAND_0098305,0.6346,0.7041,0.0,1.0,0.941,Operations Manager,Initech,"Noida, Uttar Pradesh",5.7
CAND_0019106,0.6346,0.6994,0.0833,0.85,0.995,Content Writer,Acme Corp,"Ahmedabad, Gujarat",6.6
CAND_0005836,0.6346,0.7258,0.4167,0.65,0.732,Accountant,Hooli,"Trivandrum, Kerala",4.4
CAND_0038035,0.6346,0.7054,0.3333,0.6,0.922,Accountant,Acme Corp,"Noida, Uttar Pradesh",12.3
CAND_0069133,0.6345,0.6817,0.3333,1.0,0.563,Sales Executive,Hooli,"Hyderabad, Telangana",7.9
CAND_0088050,0.6345,0.6693,0.25,1.0,0.689,Frontend Engineer,Tech Mahindra,"Mumbai, Maharashtra",5.9
CAND_0001789,0.6345,0.7018,0.1667,1.0,0.736,QA Engineer,Dunder Mifflin,"Noida, Uttar Pradesh",6.5
CAND_0019174,0.6345,0.67,0.0,1.0,1.0,Graphic Designer,Globex Inc,"Pune, Maharashtra",5.8
CAND_0064315,0.6345,0.67,0.0,1.0,1.0,Software Engineer,Wayne Enterprises,"Mumbai, Maharashtra",6.2
CAND_0039445,0.6345,0.671,0.1667,0.85,0.94,Cloud Engineer,Swiggy,"Gurgaon, Haryana",7.6
CAND_0006124,0.6345,0.7051,0.1667,0.85,0.88,QA Engineer,Stark Industries,"Chennai, Tamil Nadu",5.4
CAND_0050185,0.6345,0.6978,0.1667,0.8,0.943,Software Engineer,Mphasis,"Bangalore, Karnataka",4.4
CAND_0091591,0.6345,0.6962,0.0833,0.85,1.0,Data Engineer,Nykaa,"Coimbatore, Tamil Nadu",7.3
CAND_0002991,0.6344,0.6697,0.0,1.0,1.0,Civil Engineer,Hooli,"Bangalore, Karnataka",8.8
CAND_0033323,0.6344,0.6699,0.0,1.0,1.0,Software Engineer,Pied Piper,"Hyderabad, Telangana",7.1
CAND_0055728,0.6344,0.6697,0.0,1.0,1.0,Sales Executive,Globex Inc,"Mumbai, Maharashtra",6.1
CAND_0096830,0.6344,0.6696,0.0,1.0,1.0,Graphic Designer,Initech,"Pune, Maharashtra",5.5
CAND_0087370,0.6344,0.6846,0.0,1.0,0.974,Accountant,Wayne Enterprises,"Mumbai, Maharashtra",7.5
CAND_0061574,0.6343,0.6692,0.3333,0.85,0.734,Cloud Engineer,Mphasis,"Chennai, Tamil Nadu",6.3
CAND_0071584,0.6343,0.6776,0.0,1.0,0.986,Operations Manager,Stark Industries,"Noida, Uttar Pradesh",5.5
CAND_0001765,0.6343,0.711,0.1667,1.0,0.719,Software Engineer,Flipkart,"Pune, Maharashtra",5.3
CAND_0012363,0.6343,0.7163,0.0833,1.0,0.814,Senior Data Engineer,Initech,"Bangalore, Karnataka",7.2
CAND_0061411,0.6343,0.7237,0.4167,0.65,0.734,Mechanical Engineer,Pied Piper,"Gurgaon, Haryana",9.7
CAND_0001962,0.6342,0.6888,0.25,1.0,0.653,Accountant,Pied Piper,"Pune, Maharashtra",8.6
CAND_0061681,0.6342,0.6678,0.0833,1.0,0.898,Marketing Manager,Initech,"Delhi, Delhi",5.0
CAND_0045532,0.6342,0.6692,0.0,1.0,1.0,Business Analyst,Dunder Mifflin,"Mumbai, Maharashtra",8.1
CAND_0002570,0.6342,0.6955,0.0833,0.85,1.0,QA Engineer,Globex Inc,"Ahmedabad, Gujarat",7.2
CAND_0087426,0.6342,0.6954,0.0833,0.85,1.0,Operations Manager,Globex Inc,"Chandigarh, Chandigarh",7.6
CAND_0024960,0.6341,0.6416,0.1667,1.0,0.839,DevOps Engineer,Zomato,"Mumbai, Maharashtra",6.9
CAND_0038672,0.6341,0.668,0.1667,1.0,0.793,Frontend Engineer,Mindtree,"Mumbai, Maharashtra",7.5
CAND_0029718,0.6341,0.6755,0.25,0.85,0.826,Cloud Engineer,Swiggy,"Kochi, Kerala",5.6
CAND_0040283,0.6341,0.6754,0.25,0.85,0.826,Backend Engineer,PharmEasy,"Chandigarh, Chandigarh",6.5
CAND_0060238,0.6341,0.6689,0.0,1.0,1.0,Frontend Engineer,Initech,"Bangalore, Karnataka",5.4
CAND_0072353,0.6341,0.6688,0.0,1.0,1.0,Marketing Manager,Globex Inc,"Delhi, Delhi",6.9
CAND_0078979,0.6341,0.6689,0.0,1.0,1.0,Project Manager,Wayne Enterprises,"Hyderabad, Telangana",6.7
CAND_0073680,0.6341,0.7186,0.4167,0.85,0.542,Sales Executive,Initech,"Trivandrum, Kerala",7.8
CAND_0016029,0.6341,0.6996,0.0,1.0,0.946,QA Engineer,Pied Piper,"Pune, Maharashtra",7.6
CAND_0069288,0.6341,0.701,0.4167,0.6,0.823,Civil Engineer,Dunder Mifflin,"Pune, Maharashtra",12.2
CAND_0004337,0.634,0.6687,0.0,1.0,1.0,Frontend Engineer,Stark Industries,"Noida, Uttar Pradesh",7.1
CAND_0084846,0.634,0.6685,0.0,1.0,1.0,.NET Developer,Razorpay,"Hyderabad, Telangana",8.0
CAND_0074965,0.634,0.688,0.0,1.0,0.966,Software Engineer,Dunder Mifflin,"Noida, Uttar Pradesh",7.2
CAND_0064181,0.634,0.7239,0.1667,1.0,0.695,Senior Software Engineer,Nykaa,"Noida, Uttar Pradesh",5.1
CAND_0074544,0.634,0.6809,0.25,0.7,0.966,QA Engineer,CRED,Austin,5.0
CAND_0081596,0.634,0.6859,0.25,0.7,0.957,Backend Engineer,Mindtree,Sydney,5.8
CAND_0025694,0.634,0.7259,0.3333,0.8,0.683,Content Writer,Acme Corp,"Noida, Uttar Pradesh",9.5
CAND_0040018,0.634,0.7235,0.4167,0.7,0.683,Marketing Manager,Wipro,"Delhi, Delhi",6.8
CAND_0069635,0.634,0.7236,0.4167,0.7,0.683,Graphic Designer,Stark Industries,Singapore,5.2
CAND_0057628,0.634,0.7195,0.3333,0.65,0.844,Accountant,Initech,"Trivandrum, Kerala",4.1
CAND_0007524,0.6339,0.6349,0.1667,0.85,1.0,DevOps Engineer,Tech Mahindra,"Ahmedabad, Gujarat",6.7
CAND_0042523,0.6339,0.6766,0.3333,0.85,0.719,Sales Executive,Dunder Mifflin,"Kolkata, West Bengal",7.3
CAND_0025336,0.6339,0.6684,0.0,1.0,1.0,DevOps Engineer,Mphasis,"Mumbai, Maharashtra",5.5
CAND_0034805,0.6339,0.6683,0.0,1.0,1.0,Graphic Designer,Globex Inc,"Pune, Maharashtra",6.1
CAND_0015444,0.6339,0.6635,0.1667,0.8,1.0,Full Stack Developer,Hooli,"Noida, Uttar Pradesh",4.9
CAND_0084279,0.6339,0.7084,0.3333,0.85,0.663,Graphic Designer,Hooli,"Chandigarh, Chandigarh",6.5
CAND_0097069,0.6339,0.6806,0.1667,0.85,0.92,Frontend Engineer,Wayne Enterprises,"Indore, Madhya Pradesh",7.5
CAND_0050240,0.6339,0.69,0.0,1.0,0.962,Operations Manager,Hooli,"Pune, Maharashtra",8.2
CAND_0046300,0.6339,0.7331,0.3333,0.85,0.62,Project Manager,Globex Inc,"Gurgaon, Haryana",5.3
CAND_0060904,0.6339,0.6851,0.4167,0.45,1.0,Mechanical Engineer,Globex Inc,"Coimbatore, Tamil Nadu",12.5
CAND_0046414,0.6338,0.6748,0.0833,1.0,0.884,.NET Developer,Initech,"Bangalore, Karnataka",5.8
CAND_0009321,0.6338,0.6679,0.0,1.0,1.0,Accountant,Acme Corp,"Bangalore, Karnataka",8.9
CAND_0061887,0.6338,0.7195,0.4167,0.85,0.539,Graphic Designer,Wayne Enterprises,"Chandigarh, Chandigarh",5.0
CAND_0093761,0.6338,0.7054,0.3333,0.85,0.668,Mechanical Engineer,Stark Industries,"Ahmedabad, Gujarat",8.0
CAND_0020876,0.6338,0.6864,0.0,1.0,0.968,Data Engineer,Mindtree,"Mumbai, Maharashtra",7.6
CAND_0092679,0.6338,0.6944,0.0,1.0,0.954,HR Manager,Wayne Enterprises,"Mumbai, Maharashtra",5.2
CAND_0085525,0.6338,0.7371,0.0833,1.0,0.775,Software Engineer,Paytm,"Pune, Maharashtra",5.3
CAND_0016964,0.6338,0.7228,0.0,1.0,0.904,Data Engineer,Meesho,"Pune, Maharashtra",7.5
CAND_0007544,0.6337,0.6383,0.25,1.0,0.739,Full Stack Developer,Dunder Mifflin,"Hyderabad, Telangana",6.2
CAND_0053993,0.6337,0.6619,0.1667,1.0,0.802,Full Stack Developer,Dunder Mifflin,"Delhi, Delhi",6.5
CAND_0056575,0.6337,0.6874,0.25,1.0,0.653,Cloud Engineer,Pied Piper,"Bangalore, Karnataka",5.4
CAND_0056260,0.6337,0.6676,0.0,1.0,1.0,Customer Support,Pied Piper,"Delhi, Delhi",8.4
CAND_0083482,0.6337,0.6676,0.0,1.0,1.0,Cloud Engineer,Wayne Enterprises,"Pune, Maharashtra",7.8
CAND_0004570,0.6337,0.7209,0.4167,0.85,0.536,Marketing Manager,Hooli,"Gurgaon, Haryana",7.8
CAND_0052003,0.6337,0.6751,0.0,1.0,0.987,HR Manager,Hooli,"Noida, Uttar Pradesh",8.0
CAND_0007991,0.6337,0.6854,0.0,1.0,0.969,Mechanical Engineer,Globex Inc,"Bangalore, Karnataka",6.9
CAND_0009248,0.6337,0.6877,0.0,1.0,0.965,Graphic Designer,Wayne Enterprises,"Noida, Uttar Pradesh",6.8
CAND_0077480,0.6337,0.6977,0.1667,0.85,0.889,Data Analyst,Freshworks,"Chandigarh, Chandigarh",6.7
CAND_0072526,0.6337,0.7048,0.0,1.0,0.935,Customer Support,Pied Piper,"Hyderabad, Telangana",8.3
CAND_0076903,0.6337,0.7082,0.0,1.0,0.929,Project Manager,Dunder Mifflin,"Bangalore, Karnataka",6.3
CAND_0083232,0.6337,0.7114,0.3333,0.7,0.807,Accountant,Globex Inc,London,8.1
CAND_0007226,0.6337,0.7212,0.1667,0.85,0.848,Analytics Engineer,BYJU'S,"Kolkata, West Bengal",6.4
CAND_0040820,0.6337,0.7543,0.25,0.85,0.686,Senior Software Engineer (ML),Meesho,"Ahmedabad, Gujarat",5.5
CAND_0025293,0.6336,0.6986,0.1667,1.0,0.737,Data Scientist,Mad Street Den,"Noida, Uttar Pradesh",6.4
CAND_0025277,0.6336,0.6676,0.0,1.0,1.0,.NET Developer,Mindtree,"Hyderabad, Telangana",6.8
CAND_0055253,0.6336,0.672,0.0,1.0,0.992,Cloud Engineer,Mindtree,"Hyderabad, Telangana",5.5
CAND_0025114,0.6336,0.6804,0.1667,0.85,0.919,Frontend Engineer,CRED,"Gurgaon, Haryana",5.0
CAND_0001128,0.6336,0.7023,0.0833,1.0,0.835,QA Engineer,Pied Piper,"Hyderabad, Telangana",6.4
CAND_0036959,0.6336,0.6758,0.1667,0.8,0.977,Cloud Engineer,Razorpay,"Pune, Maharashtra",10.0
CAND_0010636,0.6336,0.7103,0.0,1.0,0.925,Marketing Manager,Hooli,"Delhi, Delhi",6.8
CAND_0072628,0.6336,0.6935,0.0833,0.85,1.0,Sales Executive,Dunder Mifflin,"Indore, Madhya Pradesh",5.0
CAND_0062141,0.6336,0.7101,0.0833,0.85,0.971,Mechanical Engineer,Pied Piper,"Chandigarh, Chandigarh",8.4
CAND_0050681,0.6336,0.7291,0.4167,0.6,0.771,Operations Manager,Stark Industries,"Hyderabad, Telangana",14.0
CAND_0071931,0.6335,0.6339,0.1667,0.85,1.0,Mobile Developer,Zomato,"Kochi, Kerala",8.6
CAND_0011428,0.6335,0.6671,0.0,1.0,1.0,Java Developer,Mindtree,"Noida, Uttar Pradesh",5.0
CAND_0037487,0.6335,0.6672,0.0,1.0,1.0,Sales Executive,Hooli,"Bangalore, Karnataka",5.3
CAND_0094642,0.6335,0.6664,0.1667,0.85,0.943,Frontend Engineer,Razorpay,"Jaipur, Rajasthan",6.3
CAND_0001600,0.6335,0.7284,0.3333,0.85,0.626,AI Specialist,InMobi,"Jaipur, Rajasthan",6.2
CAND_0040313,0.6335,0.6955,0.1667,0.85,0.892,Data Engineer,BYJU'S,"Gurgaon, Haryana",7.0
CAND_0035310,0.6335,0.711,0.0833,0.85,0.969,Marketing Manager,Hooli,"Gurgaon, Haryana",6.7
CAND_0000927,0.6335,0.7138,0.3333,0.6,0.902,Civil Engineer,Acme Corp,"Noida, Uttar Pradesh",11.4
CAND_0090680,0.6334,0.6419,0.25,1.0,0.731,Cloud Engineer,Initech,"Hyderabad, Telangana",8.1
CAND_0036305,0.6334,0.6746,0.1667,1.0,0.778,Mobile Developer,Zomato,"Hyderabad, Telangana",7.6
CAND_0076283,0.6334,0.667,0.0,1.0,1.0,Sales Executive,Initech,"Hyderabad, Telangana",5.7
CAND_0091436,0.6334,0.6939,0.3333,0.8,0.736,Customer Support,Dunder Mifflin,"Noida, Uttar Pradesh",4.1
CAND_0021286,0.6334,0.6765,0.0,1.0,0.983,Operations Manager,Hooli,"Noida, Uttar Pradesh",6.5
CAND_0044210,0.6334,0.6763,0.1667,0.85,0.925,Cloud Engineer,HCL,"Gurgaon, Haryana",5.0
CAND_0018910,0.6334,0.7051,0.4167,0.65,0.762,Graphic Designer,Dunder Mifflin,"Chennai, Tamil Nadu",10.0
CAND_0093948,0.6334,0.7045,0.0,1.0,0.934,Graphic Designer,Pied Piper,"Mumbai, Maharashtra",7.3
CAND_0034677,0.6334,0.7132,0.0,1.0,0.919,Customer Support,Initech,"Delhi, Delhi",7.8
CAND_0001544,0.6334,0.7248,0.3333,0.65,0.832,Mechanical Engineer,Hooli,"Vizag, Andhra Pradesh",10.5
CAND_0076833,0.6333,0.6665,0.0,1.0,1.0,Business Analyst,Initech,"Delhi, Delhi",8.2
CAND_0065286,0.6333,0.7004,0.3333,0.85,0.674,Operations Manager,Dunder Mifflin,"Jaipur, Rajasthan",6.1
CAND_0024963,0.6333,0.6746,0.0,1.0,0.986,Accountant,Dunder Mifflin,"Pune, Maharashtra",6.8
CAND_0021417,0.6333,0.7301,0.4167,0.85,0.518,Accountant,Initech,"Indore, Madhya Pradesh",8.9
CAND_0013587,0.6333,0.6883,0.0,1.0,0.962,Civil Engineer,Hooli,"Noida, Uttar Pradesh",7.6
CAND_0086502,0.6333,0.6898,0.1667,0.85,0.901,Software Engineer,Stark Industries,"Indore, Madhya Pradesh",7.3
CAND_0075252,0.6333,0.7383,0.25,0.8,0.762,Mechanical Engineer,Pied Piper,"Bangalore, Karnataka",4.6
CAND_0095795,0.6332,0.662,0.1667,1.0,0.799,Java Developer,HCL,"Pune, Maharashtra",8.4
CAND_0022255,0.6332,0.6664,0.0,1.0,1.0,Operations Manager,Pied Piper,"Pune, Maharashtra",9.0
CAND_0085492,0.6332,0.6664,0.0,1.0,1.0,Graphic Designer,Dunder Mifflin,"Bangalore, Karnataka",6.6
CAND_0081765,0.6332,0.6669,0.0,1.0,0.999,Business Analyst,Dunder Mifflin,"Noida, Uttar Pradesh",8.7
CAND_0098139,0.6332,0.6724,0.1667,0.85,0.931,Mobile Developer,Swiggy,"Coimbatore, Tamil Nadu",7.7
CAND_0060856,0.6332,0.7137,0.4167,0.8,0.596,Operations Manager,Pied Piper,"Pune, Maharashtra",9.1
CAND_0061353,0.6332,0.6925,0.0833,0.85,1.0,Analytics Engineer,Acme Corp,"Bhubaneswar, Odisha",5.9
CAND_0027213,0.6332,0.7125,0.0833,0.85,0.965,Accountant,Globex Inc,"Coimbatore, Tamil Nadu",7.0
CAND_0055378,0.6331,0.6661,0.0,1.0,1.0,Sales Executive,Initech,"Delhi, Delhi",8.2
CAND_0094323,0.6331,0.6659,0.0,1.0,1.0,Full Stack Developer,HCL,"Bangalore, Karnataka",8.9
CAND_0056996,0.6331,0.6931,0.25,0.85,0.79,Content Writer,Pied Piper,"Gurgaon, Haryana",7.1
CAND_0001023,0.6331,0.6933,0.0,1.0,0.952,Software Engineer,Globex Inc,"Mumbai, Maharashtra",6.2
CAND_0008451,0.6331,0.7117,0.4167,0.7,0.699,Civil Engineer,Initech,London,6.6
CAND_0004047,0.6331,0.6922,0.0833,0.85,1.0,Data Engineer,Stark Industries,"Ahmedabad, Gujarat",5.6
CAND_0023542,0.6331,0.6922,0.0833,0.85,1.0,Mechanical Engineer,Initech,"Gurgaon, Haryana",6.8
CAND_0058901,0.633,0.6428,0.1667,1.0,0.832,DevOps Engineer,Tech Mahindra,"Bangalore, Karnataka",8.5
CAND_0020402,0.633,0.6512,0.1667,1.0,0.817,Cloud Engineer,Swiggy,"Hyderabad, Telangana",6.2
CAND_0044214,0.633,0.7129,0.25,1.0,0.605,Analytics Engineer,Dunder Mifflin,"Bangalore, Karnataka",5.3
CAND_0088287,0.633,0.6658,0.0,1.0,1.0,Frontend Engineer,Acme Corp,"Delhi, Delhi",6.3
CAND_0011129,0.633,0.6834,0.0833,1.0,0.865,Graphic Designer,Wayne Enterprises,"Bangalore, Karnataka",9.0
CAND_0016424,0.633,0.7137,0.4167,0.7,0.695,HR Manager,Stark Industries,Seattle,6.4
CAND_0010597,0.6329,0.6653,0.0,1.0,1.0,Project Manager,Pied Piper,"Pune, Maharashtra",8.5
CAND_0089378,0.6329,0.6656,0.0,1.0,1.0,Business Analyst,Pied Piper,"Pune, Maharashtra",6.6
CAND_0054347,0.6329,0.6915,0.0833,1.0,0.85,Marketing Manager,Initech,"Delhi, Delhi",5.2
CAND_0090230,0.6329,0.7114,0.25,0.85,0.757,Graphic Designer,Initech,"Indore, Madhya Pradesh",7.5
CAND_0032248,0.6329,0.6998,0.0,1.0,0.94,QA Engineer,Initech,"Pune, Maharashtra",6.2
CAND_0066299,0.6329,0.7031,0.0,1.0,0.934,Mechanical Engineer,Initech,"Bangalore, Karnataka",6.0
CAND_0007987,0.6329,0.6917,0.0833,0.85,1.0,Content Writer,Dunder Mifflin,"Chennai, Tamil Nadu",7.5
CAND_0059455,0.6329,0.7185,0.0,1.0,0.907,Sales Executive,Pied Piper,"Noida, Uttar Pradesh",5.3
CAND_0099661,0.6329,0.717,0.3333,0.7,0.793,Operations Manager,Wipro,"Mumbai, Maharashtra",8.1
CAND_0056877,0.6328,0.6455,0.1667,1.0,0.826,Mobile Developer,Initech,"Hyderabad, Telangana",6.2
CAND_0004713,0.6328,0.6753,0.1667,1.0,0.774,Software Engineer,Acme Corp,"Noida, Uttar Pradesh",7.7
CAND_0099759,0.6328,0.6639,0.1667,0.85,0.944,DevOps Engineer,Razorpay,"Kochi, Kerala",6.7
CAND_0074012,0.6328,0.6885,0.0,1.0,0.959,Customer Support,Hooli,"Mumbai, Maharashtra",5.1
CAND_0039632,0.6328,0.6954,0.0833,0.85,0.993,QA Engineer,HCL,"Bhubaneswar, Odisha",8.6
CAND_0064259,0.6328,0.714,0.1667,0.85,0.856,Data Engineer,Swiggy,"Ahmedabad, Gujarat",7.5
CAND_0014180,0.6328,0.7235,0.4167,0.65,0.727,Business Analyst,Pied Piper,"Trivandrum, Kerala",9.6
CAND_0029935,0.6328,0.7253,0.4167,0.65,0.724,Accountant,Pied Piper,"Indore, Madhya Pradesh",4.4
CAND_0029710,0.6328,0.7381,0.25,0.85,0.71,Analytics Engineer,Stark Industries,"Indore, Madhya Pradesh",6.3
CAND_0059224,0.6328,0.7398,0.1667,0.85,0.811,Senior Software Engineer,CRED,"Trivandrum, Kerala",6.5
CAND_0015512,0.6327,0.6471,0.1667,1.0,0.823,Full Stack Developer,Razorpay,"Noida, Uttar Pradesh",6.2
CAND_0006282,0.6327,0.7033,0.25,1.0,0.62,Sales Executive,Dunder Mifflin,"Delhi, Delhi",5.0
CAND_0017916,0.6327,0.6756,0.0833,1.0,0.877,Software Engineer,Initech,"Hyderabad, Telangana",7.1
CAND_0037062,0.6327,0.6688,0.0,1.0,0.993,HR Manager,Stark Industries,"Hyderabad, Telangana",7.3
CAND_0016530,0.6327,0.6953,0.0,1.0,0.947,HR Manager,Initech,"Noida, Uttar Pradesh",6.6
CAND_0034787,0.6327,0.7132,0.0833,1.0,0.811,Software Engineer,PhonePe,"Noida, Uttar Pradesh",6.3
CAND_0003706,0.6327,0.7095,0.0,1.0,0.922,Analytics Engineer,Stark Industries,"Hyderabad, Telangana",5.6
CAND_0001226,0.6327,0.7111,0.0,1.0,0.919,Customer Support,Initech,"Hyderabad, Telangana",8.6
CAND_0073849,0.6326,0.6856,0.0833,1.0,0.859,Content Writer,Stark Industries,"Noida, Uttar Pradesh",5.4
CAND_0014067,0.6326,0.7214,0.25,0.85,0.738,Operations Manager,Pied Piper,"Gurgaon, Haryana",6.7
CAND_0002189,0.6326,0.6907,0.0833,0.85,1.0,HR Manager,Initech,"Indore, Madhya Pradesh",6.2
CAND_0054917,0.6326,0.7053,0.3333,0.65,0.862,Graphic Designer,Acme Corp,"Ahmedabad, Gujarat",4.8
CAND_0009678,0.6326,0.7394,0.4167,0.65,0.698,Customer Support,Pied Piper,"Vizag, Andhra Pradesh",4.0
CAND_0022928,0.6325,0.6439,0.25,1.0,0.723,Full Stack Developer,Dunder Mifflin,"Mumbai, Maharashtra",6.4
CAND_0032868,0.6325,0.6428,0.1667,1.0,0.829,Java Developer,Pied Piper,"Mumbai, Maharashtra",6.5
CAND_0075616,0.6325,0.675,0.0833,1.0,0.877,Civil Engineer,Stark Industries,"Hyderabad, Telangana",8.6
CAND_0024906,0.6325,0.6642,0.0,1.0,1.0,Cloud Engineer,Razorpay,"Pune, Maharashtra",8.1
CAND_0034842,0.6325,0.6904,0.0833,1.0,0.85,Software Engineer,Swiggy,"Hyderabad, Telangana",7.1
CAND_0072918,0.6325,0.6732,0.1667,0.85,0.926,Software Engineer,Flipkart,"Kochi, Kerala",7.1
CAND_0064312,0.6325,0.7183,0.3333,0.85,0.639,Business Analyst,Stark Industries,"Indore, Madhya Pradesh",5.2
CAND_0050196,0.6325,0.6924,0.0,1.0,0.951,HR Manager,Hooli,"Mumbai, Maharashtra",5.7
CAND_0031081,0.6325,0.6842,0.4167,0.6,0.844,Graphic Designer,Dunder Mifflin,"Hyderabad, Telangana",12.7
CAND_0059714,0.6325,0.6977,0.1667,0.85,0.883,HR Manager,Globex Inc,"Coimbatore, Tamil Nadu",8.6
CAND_0002545,0.6325,0.7228,0.25,0.85,0.735,Content Writer,Hooli,"Jaipur, Rajasthan",7.1
CAND_0043722,0.6325,0.6906,0.0833,0.85,1.0,QA Engineer,Mphasis,"Kochi, Kerala",8.9
CAND_0057836,0.6325,0.7204,0.0,1.0,0.902,Project Manager,Initech,"Mumbai, Maharashtra",5.9
CAND_0069412,0.6325,0.7036,0.0833,0.85,0.977,Software Engineer,PharmEasy,"Bhubaneswar, Odisha",6.9
CAND_0058746,0.6324,0.6639,0.0,1.0,1.0,Accountant,Stark Industries,"Bangalore, Karnataka",8.9
CAND_0075888,0.6324,0.6641,0.0,1.0,1.0,.NET Developer,Acme Corp,"Pune, Maharashtra",5.2
CAND_0004520,0.6324,0.6902,0.0833,1.0,0.85,Analytics Engineer,upGrad,"Pune, Maharashtra",7.0
CAND_0080444,0.6324,0.6942,0.0,1.0,0.947,Accountant,Pied Piper,"Bangalore, Karnataka",8.2
CAND_0008783,0.6324,0.7085,0.0,1.0,0.922,Business Analyst,Pied Piper,"Noida, Uttar Pradesh",8.8
CAND_0011738,0.6324,0.7272,0.25,0.85,0.727,Customer Support,Hooli,"Ahmedabad, Gujarat",7.2
CAND_0063412,0.6324,0.7035,0.0833,0.85,0.977,Business Analyst,Hooli,"Kochi, Kerala",6.8
CAND_0086528,0.6324,0.7131,0.0833,0.85,0.96,Backend Engineer,Zoho,"Chennai, Tamil Nadu",6.0
CAND_0043240,0.6323,0.6807,0.0833,1.0,0.866,Backend Engineer,Acme Corp,"Noida, Uttar Pradesh",6.6
CAND_0052201,0.6323,0.7275,0.1667,1.0,0.68,Senior Software Engineer,InMobi,"Mumbai, Maharashtra",5.9
CAND_0086653,0.6323,0.6939,0.1667,0.85,0.889,Software Engineer,Mphasis,"Bhubaneswar, Odisha",5.0
CAND_0063041,0.6323,0.6929,0.4167,0.6,0.828,Operations Manager,Stark Industries,"Noida, Uttar Pradesh",12.3
CAND_0027216,0.6323,0.7255,0.0,1.0,0.892,HR Manager,Pied Piper,"Hyderabad, Telangana",5.5
CAND_0043770,0.6322,0.6456,0.1667,1.0,0.823,DevOps Engineer,Swiggy,"Mumbai, Maharashtra",8.7
CAND_0027055,0.6322,0.6723,0.25,0.85,0.822,Graphic Designer,Initech,"Vizag, Andhra Pradesh",6.1
CAND_0072773,0.6322,0.6913,0.0833,1.0,0.847,Operations Manager,Stark Industries,"Hyderabad, Telangana",5.3
CAND_0039404,0.6322,0.6851,0.0,1.0,0.962,Mechanical Engineer,Wayne Enterprises,"Bangalore, Karnataka",6.6
CAND_0039577,0.6322,0.7035,0.0833,1.0,0.826,Customer Support,Pied Piper,"Delhi, Delhi",8.5
CAND_0043582,0.6322,0.7104,0.3333,0.8,0.701,HR Manager,Acme Corp,"Mumbai, Maharashtra",11.0
CAND_0075253,0.6322,0.6902,0.0,1.0,0.953,Content Writer,Initech,"Bangalore, Karnataka",6.6
CAND_0020761,0.6322,0.6901,0.1667,0.85,0.895,.NET Developer,Acme Corp,"Gurgaon, Haryana",7.4
CAND_0078857,0.6322,0.6916,0.3333,0.65,0.884,Operations Manager,Initech,"Indore, Madhya Pradesh",9.5
CAND_0065917,0.6322,0.7081,0.0,1.0,0.922,Data Analyst,Mindtree,"Pune, Maharashtra",7.0
CAND_0026855,0.6322,0.7309,0.0833,1.0,0.778,Junior ML Engineer,Niramai,"Mumbai, Maharashtra",5.6
CAND_0011953,0.6321,0.6631,0.0,1.0,1.0,Graphic Designer,Globex Inc,"Delhi, Delhi",6.9
CAND_0068982,0.6321,0.6859,0.0833,1.0,0.856,Customer Support,Hooli,"Pune, Maharashtra",6.2
CAND_0098475,0.6321,0.6711,0.0,1.0,0.986,Project Manager,Dunder Mifflin,"Delhi, Delhi",7.2
CAND_0099213,0.6321,0.6961,0.0833,1.0,0.838,Analytics Engineer,HCL,"Delhi, Delhi",5.6
CAND_0046069,0.6321,0.717,0.3333,0.8,0.689,Operations Manager,Stark Industries,"Delhi, Delhi",4.2
CAND_0049230,0.6321,0.6991,0.0,1.0,0.937,Backend Engineer,PharmEasy,"Delhi, Delhi",5.5
CAND_0055831,0.6321,0.7356,0.1667,1.0,0.665,Project Manager,Stark Industries,"Hyderabad, Telangana",8.6
CAND_0010040,0.6321,0.6893,0.0833,0.85,1.0,Civil Engineer,Acme Corp,"Trivandrum, Kerala",7.4
CAND_0082277,0.632,0.6514,0.0833,1.0,0.916,.NET Developer,Tech Mahindra,"Hyderabad, Telangana",7.5
CAND_0024084,0.632,0.6656,0.0,1.0,0.995,Mechanical Engineer,Stark Industries,"Noida, Uttar Pradesh",5.7
CAND_0025042,0.632,0.7161,0.4167,0.85,0.536,Content Writer,Pied Piper,"Jaipur, Rajasthan",6.3
CAND_0029351,0.632,0.6692,0.0,1.0,0.989,Mechanical Engineer,Wayne Enterprises,"Noida, Uttar Pradesh",7.8
CAND_0092812,0.632,0.6691,0.0,1.0,0.989,Graphic Designer,Stark Industries,"Mumbai, Maharashtra",5.4
CAND_0038570,0.632,0.6557,0.25,0.7,1.0,Data Analyst,PhonePe,London,6.1
CAND_0077260,0.632,0.6831,0.3333,0.7,0.848,Marketing Manager,Acme Corp,Austin,8.6
CAND_0010618,0.632,0.6947,0.1667,0.85,0.886,QA Engineer,Razorpay,"Vizag, Andhra Pradesh",8.4
CAND_0038558,0.632,0.7039,0.0,1.0,0.928,Business Analyst,Hooli,"Hyderabad, Telangana",5.9
CAND_0002112,0.632,0.738,0.3333,0.85,0.602,Customer Support,Globex Inc,"Chandigarh, Chandigarh",5.7
CAND_0026907,0.632,0.7112,0.3333,0.7,0.799,Senior Software Engineer,TCS,"Hyderabad, Telangana",5.0
CAND_0065677,0.632,0.6794,0.4167,0.45,1.0,Operations Manager,Stark Industries,"Kolkata, West Bengal",11.1
CAND_0051783,0.632,0.714,0.3333,0.65,0.844,Operations Manager,Stark Industries,"Kolkata, West Bengal",4.3
CAND_0062649,0.6319,0.6714,0.25,1.0,0.672,Software Engineer,Vedantu,"Noida, Uttar Pradesh",6.6
CAND_0098148,0.6319,0.7008,0.1667,1.0,0.725,QA Engineer,Pied Piper,"Pune, Maharashtra",5.8
CAND_0086254,0.6319,0.7135,0.3333,0.85,0.644,Operations Manager,Stark Industries,"Kochi, Kerala",5.6
CAND_0029442,0.6319,0.7119,0.25,0.85,0.751,Content Writer,Dunder Mifflin,"Kolkata, West Bengal",6.2
CAND_0082866,0.6319,0.7297,0.25,0.85,0.72,Mechanical Engineer,Acme Corp,"Kolkata, West Bengal",8.3
CAND_0021708,0.6319,0.7234,0.25,0.8,0.781,HR Manager,Acme Corp,"Mumbai, Maharashtra",4.7
CAND_0013138,0.6319,0.72,0.3333,0.7,0.783,Content Writer,Wayne Enterprises,Sydney,7.2
CAND_0056650,0.6318,0.6362,0.25,0.85,0.883,Full Stack Developer,Mphasis,"Coimbatore, Tamil Nadu",8.9
CAND_0084603,0.6318,0.6715,0.0833,1.0,0.88,Civil Engineer,Dunder Mifflin,"Delhi, Delhi",6.9
CAND_0052650,0.6318,0.6782,0.0833,1.0,0.868,Project Manager,Initech,"Hyderabad, Telangana",7.7
CAND_0060889,0.6318,0.6622,0.0,1.0,1.0,Customer Support,Pied Piper,"Delhi, Delhi",6.5
CAND_0030061,0.6318,0.6787,0.1667,0.85,0.913,Data Analyst,Ola,"Kolkata, West Bengal",5.3
CAND_0029457,0.6318,0.7176,0.0833,1.0,0.799,Software Engineer,Mphasis,"Bangalore, Karnataka",5.4
CAND_0064824,0.6318,0.7026,0.3333,0.7,0.813,Project Manager,Globex Inc,Dubai,8.8
CAND_0035847,0.6318,0.7284,0.25,0.8,0.772,Business Analyst,Globex Inc,"Hyderabad, Telangana",10.9
CAND_0050005,0.6318,0.7175,0.1667,0.8,0.895,Senior Data Engineer,Dunder Mifflin,"Delhi, Delhi",4.3
CAND_0031442,0.6318,0.703,0.4167,0.5,0.908,Business Analyst,TCS,"Mumbai, Maharashtra",10.9
CAND_0080768,0.6318,0.7222,0.1667,0.8,0.887,Senior Software Engineer,PolicyBazaar,"Bangalore, Karnataka",4.7
CAND_0035405,0.6318,0.736,0.0,1.0,0.871,Operations Manager,Hooli,"Delhi, Delhi",5.8
CAND_0046441,0.6317,0.6487,0.0833,1.0,0.919,DevOps Engineer,Pied Piper,"Hyderabad, Telangana",6.2
CAND_0009638,0.6317,0.7159,0.3333,0.8,0.689,Graphic Designer,Pied Piper,"Mumbai, Maharashtra",4.0
CAND_0001776,0.6317,0.7135,0.4167,0.7,0.689,Graphic Designer,Dunder Mifflin,Austin,5.1
CAND_0001459,0.6317,0.7033,0.0,1.0,0.928,Content Writer,Dunder Mifflin,"Bangalore, Karnataka",7.7
CAND_0014790,0.6317,0.7039,0.3333,0.6,0.91,Analytics Engineer,Freshworks,"Pune, Maharashtra",3.2
CAND_0026006,0.6316,0.6494,0.1667,0.85,0.963,Data Analyst,Razorpay,"Jaipur, Rajasthan",6.2
CAND_0031468,0.6316,0.7096,0.4167,0.85,0.545,HR Manager,Stark Industries,"Chandigarh, Chandigarh",7.5
CAND_0075291,0.6316,0.6963,0.1667,1.0,0.731,HR Manager,Globex Inc,"Bangalore, Karnataka",6.6
CAND_0096049,0.6316,0.6731,0.0,1.0,0.98,Graphic Designer,Acme Corp,"Hyderabad, Telangana",5.5
CAND_0084970,0.6316,0.7075,0.4167,0.7,0.699,Accountant,Hooli,Dubai,6.9
CAND_0065822,0.6316,0.7011,0.0,1.0,0.931,HR Manager,Globex Inc,"Hyderabad, Telangana",6.7
CAND_0044487,0.6316,0.7021,0.1667,0.85,0.871,Data Scientist,upGrad,"Jaipur, Rajasthan",6.1
CAND_0028062,0.6316,0.6886,0.0833,0.85,0.999,Accountant,Wayne Enterprises,"Ahmedabad, Gujarat",8.6
CAND_0094256,0.6316,0.7213,0.4167,0.65,0.725,Business Analyst,Globex Inc,"Coimbatore, Tamil Nadu",4.4
CAND_0061988,0.6315,0.6613,0.0,1.0,1.0,.NET Developer,Mindtree,"Delhi, Delhi",8.9
CAND_0088815,0.6315,0.6813,0.1667,0.85,0.907,Data Engineer,HCL,"Gurgaon, Haryana",5.7
CAND_0048739,0.6315,0.6991,0.0,1.0,0.934,Customer Support,Dunder Mifflin,"Mumbai, Maharashtra",8.0
CAND_0096750,0.6315,0.7,0.1667,0.85,0.874,Software Engineer,Acme Corp,"Trivandrum, Kerala",7.9
CAND_0035636,0.6315,0.699,0.0833,0.85,0.98,Customer Support,Initech,"Ahmedabad, Gujarat",7.2
CAND_0027197,0.6315,0.7038,0.3333,0.65,0.859,Graphic Designer,Stark Industries,"Kochi, Kerala",4.7
CAND_0075205,0.6314,0.6701,0.0833,1.0,0.88,Civil Engineer,Globex Inc,"Pune, Maharashtra",6.6
CAND_0096227,0.6314,0.672,0.0833,1.0,0.877,Project Manager,Dunder Mifflin,"Delhi, Delhi",6.4
CAND_0006639,0.6314,0.7178,0.4167,0.85,0.53,Operations Manager,Dunder Mifflin,"Jaipur, Rajasthan",5.1
CAND_0079704,0.6314,0.669,0.1667,0.85,0.928,Full Stack Developer,Tech Mahindra,"Trivandrum, Kerala",5.7
CAND_0077003,0.6314,0.7105,0.3333,0.85,0.647,Data Scientist,Genpact AI,"Kochi, Kerala",6.8
CAND_0055924,0.6314,0.7052,0.0833,1.0,0.819,Backend Engineer,Mphasis,"Noida, Uttar Pradesh",5.3
CAND_0089347,0.6314,0.6959,0.0,1.0,0.939,Content Writer,Initech,"Hyderabad, Telangana",8.7
CAND_0040274,0.6314,0.7124,0.25,0.85,0.748,Backend Engineer,CRED,"Indore, Madhya Pradesh",5.2
CAND_0052217,0.6314,0.6875,0.0833,0.85,1.0,Project Manager,Wayne Enterprises,"Chennai, Tamil Nadu",6.3
CAND_0097647,0.6314,0.7092,0.0,1.0,0.916,QA Engineer,Swiggy,"Delhi, Delhi",5.7
CAND_0074312,0.6313,0.6274,0.1667,0.85,1.0,Mobile Developer,Swiggy,"Chandigarh, Chandigarh",6.4
CAND_0078166,0.6313,0.6609,0.0,1.0,1.0,Sales Executive,Stark Industries,"Hyderabad, Telangana",5.6
CAND_0015980,0.6313,0.6996,0.1667,0.85,0.874,QA Engineer,Wayne Enterprises,"Indore, Madhya Pradesh",7.7
CAND_0079938,0.6313,0.6872,0.0833,0.85,1.0,Frontend Engineer,Acme Corp,"Kolkata, West Bengal",7.1
CAND_0000134,0.6312,0.6633,0.1667,0.85,0.937,Full Stack Developer,Hooli,"Jaipur, Rajasthan",8.6
CAND_0081831,0.6312,0.6667,0.0,1.0,0.989,Operations Manager,Stark Industries,"Noida, Uttar Pradesh",8.2
CAND_0067897,0.6312,0.7135,0.3333,0.85,0.641,Accountant,Hooli,"Kolkata, West Bengal",5.3
CAND_0058910,0.6312,0.6816,0.0,1.0,0.963,Marketing Manager,Acme Corp,"Delhi, Delhi",7.0
CAND_0033960,0.6312,0.6868,0.0833,0.85,1.0,Accountant,Pied Piper,"Bhubaneswar, Odisha",7.0
CAND_0073138,0.6312,0.6869,0.0833,0.85,1.0,Backend Engineer,Mindtree,"Vizag, Andhra Pradesh",8.0
CAND_0027531,0.6312,0.6931,0.0833,0.85,0.989,Civil Engineer,Pied Piper,"Gurgaon, Haryana",8.5
CAND_0074099,0.6312,0.7051,0.4167,0.6,0.801,Project Manager,Wayne Enterprises,"Mumbai, Maharashtra",3.8
CAND_0025130,0.6311,0.6274,0.1667,0.85,0.999,Mobile Developer,Dunder Mifflin,"Coimbatore, Tamil Nadu",6.3
CAND_0042114,0.6311,0.6602,0.0,1.0,1.0,Mobile Developer,Acme Corp,"Mumbai, Maharashtra",6.3
CAND_0087817,0.6311,0.6951,0.0,1.0,0.939,Software Engineer,Zomato,"Bangalore, Karnataka",7.2
CAND_0096474,0.6311,0.7146,0.4167,0.65,0.734,Civil Engineer,Wayne Enterprises,"Vizag, Andhra Pradesh",10.8
CAND_0084386,0.6311,0.7349,0.3333,0.8,0.653,Project Manager,Hooli,"Pune, Maharashtra",10.7
CAND_0012723,0.6311,0.6987,0.25,0.7,0.92,Sales Executive,Stark Industries,New York,5.6
CAND_0047810,0.6311,0.7355,0.1667,0.85,0.81,Operations Manager,Stark Industries,"Bhubaneswar, Odisha",5.8
CAND_0027352,0.631,0.6599,0.0,1.0,1.0,Content Writer,Stark Industries,"Delhi, Delhi",5.9
CAND_0091116,0.631,0.7142,0.0833,0.85,0.951,Operations Manager,Initech,"Indore, Madhya Pradesh",9.0
CAND_0015893,0.6309,0.6596,0.0,1.0,1.0,Operations Manager,Stark Industries,"Mumbai, Maharashtra",5.1
CAND_0044929,0.6309,0.6976,0.4167,0.7,0.713,Business Analyst,Stark Industries,New York,8.6
CAND_0087506,0.6309,0.6829,0.1667,0.85,0.901,Software Engineer,Vedantu,"Kolkata, West Bengal",7.4
CAND_0005177,0.6309,0.6899,0.0,1.0,0.947,Customer Support,Pied Piper,"Bangalore, Karnataka",7.6
CAND_0041321,0.6309,0.7287,0.1667,1.0,0.671,Business Analyst,Pied Piper,"Delhi, Delhi",8.8
CAND_0021888,0.6309,0.7297,0.3333,0.85,0.611,Project Manager,Dunder Mifflin,"Kolkata, West Bengal",5.6
CAND_0098851,0.6309,0.686,0.0833,0.85,1.0,Accountant,Acme Corp,"Kolkata, West Bengal",8.2
CAND_0025416,0.6309,0.6881,0.0833,0.85,0.996,Sales Executive,Initech,"Indore, Madhya Pradesh",7.1
CAND_0074291,0.6309,0.712,0.1667,0.85,0.85,Data Engineer,PharmEasy,"Coimbatore, Tamil Nadu",6.6
CAND_0063037,0.6309,0.7275,0.1667,0.85,0.823,Software Engineer,PhonePe,"Kochi, Kerala",5.7
CAND_0073663,0.6308,0.6595,0.0,1.0,1.0,.NET Developer,Initech,"Mumbai, Maharashtra",5.0
CAND_0013117,0.6308,0.6941,0.0833,1.0,0.835,Business Analyst,Wayne Enterprises,"Pune, Maharashtra",7.4
CAND_0059068,0.6308,0.6807,0.0,1.0,0.963,HR Manager,Hooli,"Delhi, Delhi",5.4
CAND_0011855,0.6308,0.6839,0.0,1.0,0.957,Content Writer,Stark Industries,"Noida, Uttar Pradesh",5.4
CAND_0086604,0.6308,0.7289,0.25,0.85,0.716,Mechanical Engineer,Acme Corp,"Gurgaon, Haryana",6.3
CAND_0073917,0.6308,0.7186,0.1667,0.85,0.838,Data Scientist,InMobi,"Bhubaneswar, Odisha",5.8
CAND_0099977,0.6308,0.7254,0.1667,0.85,0.826,Senior Software Engineer,Stark Industries,"Indore, Madhya Pradesh",6.6
CAND_0042573,0.6307,0.655,0.1667,1.0,0.799,Data Analyst,upGrad,"Noida, Uttar Pradesh",5.4
CAND_0013758,0.6307,0.6572,0.25,0.85,0.841,Cloud Engineer,Mindtree,"Kochi, Kerala",8.7
CAND_0069139,0.6307,0.6591,0.0,1.0,1.0,Sales Executive,Acme Corp,"Mumbai, Maharashtra",5.5
CAND_0052075,0.6307,0.6601,0.0,1.0,0.998,Sales Executive,Stark Industries,"Bangalore, Karnataka",8.8
CAND_0084867,0.6307,0.7093,0.1667,1.0,0.704,Data Engineer,PhonePe,"Hyderabad, Telangana",7.5
CAND_0034328,0.6307,0.679,0.1667,0.85,0.907,Analytics Engineer,Mindtree,"Indore, Madhya Pradesh",7.1
CAND_0054916,0.6307,0.696,0.3333,0.7,0.819,Operations Manager,Pied Piper,New York,9.0
CAND_0087561,0.6307,0.7393,0.4167,0.8,0.539,Mechanical Engineer,Initech,"Hyderabad, Telangana",9.4
CAND_0043255,0.6307,0.6853,0.0833,0.85,1.0,Project Manager,Hooli,"Bhubaneswar, Odisha",8.1
CAND_0067893,0.6307,0.6852,0.0833,0.85,1.0,QA Engineer,Flipkart,"Indore, Madhya Pradesh",6.8
CAND_0088745,0.6307,0.6854,0.0833,0.85,1.0,Graphic Designer,Initech,"Gurgaon, Haryana",8.3
CAND_0038210,0.6307,0.6845,0.25,0.7,0.943,.NET Developer,Initech,Austin,8.4
CAND_0039531,0.6307,0.7066,0.0,1.0,0.917,HR Manager,Acme Corp,"Noida, Uttar Pradesh",8.5
CAND_0064821,0.6307,0.6983,0.25,0.7,0.919,Content Writer,Hooli,Dubai,5.5
CAND_0073084,0.6307,0.7216,0.3333,0.7,0.774,Business Analyst,Dunder Mifflin,Toronto,8.6
CAND_0042421,0.6307,0.7269,0.1667,0.85,0.823,Senior Software Engineer,upGrad,"Chennai, Tamil Nadu",6.7
CAND_0043473,0.6306,0.6444,0.1667,1.0,0.817,Java Developer,CRED,"Hyderabad, Telangana",6.1
CAND_0068309,0.6306,0.6663,0.0833,1.0,0.883,Data Analyst,upGrad,"Pune, Maharashtra",6.7
CAND_0002704,0.6306,0.7105,0.25,0.85,0.747,Software Engineer,InMobi,"Kolkata, West Bengal",7.8
CAND_0046469,0.6306,0.7228,0.0833,1.0,0.784,Analytics Engineer,Ola,"Hyderabad, Telangana",5.4
CAND_0071453,0.6306,0.7102,0.0,1.0,0.91,Civil Engineer,Globex Inc,"Hyderabad, Telangana",8.6
CAND_0087555,0.6306,0.7182,0.1667,0.85,0.838,Senior Data Engineer,Razorpay,"Chandigarh, Chandigarh",7.4
CAND_0066314,0.6306,0.71,0.1667,0.8,0.902,Backend Engineer,Tech Mahindra,"Mumbai, Maharashtra",4.2
CAND_0021973,0.6306,0.7248,0.1667,0.85,0.826,ML Engineer,Meesho,"Coimbatore, Tamil Nadu",5.1
CAND_0014468,0.6305,0.654,0.0833,1.0,0.904,Mobile Developer,Dunder Mifflin,"Bangalore, Karnataka",5.9
CAND_0036083,0.6305,0.654,0.0833,1.0,0.904,Mobile Developer,Flipkart,"Delhi, Delhi",6.2
CAND_0008005,0.6305,0.6555,0.0833,1.0,0.901,.NET Developer,Stark Industries,"Mumbai, Maharashtra",5.5
CAND_0079779,0.6305,0.6585,0.0,1.0,1.0,Java Developer,Zomato,"Delhi, Delhi",7.2
CAND_0062947,0.6305,0.6597,0.0,1.0,0.998,Cloud Engineer,Mindtree,"Pune, Maharashtra",7.6
CAND_0021798,0.6305,0.6779,0.0833,1.0,0.862,Backend Engineer,Swiggy,"Noida, Uttar Pradesh",6.2
CAND_0048466,0.6305,0.6631,0.1667,0.85,0.934,Frontend Engineer,Mphasis,"Chennai, Tamil Nadu",7.1
CAND_0066759,0.6305,0.6973,0.0833,1.0,0.828,Content Writer,Wayne Enterprises,"Hyderabad, Telangana",5.7
CAND_0010006,0.6305,0.6888,0.1667,0.85,0.889,Software Engineer,Hooli,"Jaipur, Rajasthan",5.2
CAND_0083641,0.6305,0.6945,0.4167,0.65,0.766,Business Analyst,Dunder Mifflin,"Gurgaon, Haryana",4.7
CAND_0033627,0.6305,0.6848,0.0833,0.85,1.0,QA Engineer,Globex Inc,"Ahmedabad, Gujarat",7.5
CAND_0016303,0.6305,0.6907,0.3333,0.65,0.877,Marketing Manager,Dunder Mifflin,"Indore, Madhya Pradesh",9.5
CAND_0009446,0.6305,0.7162,0.4167,0.65,0.728,Sales Executive,Globex Inc,"Bhubaneswar, Odisha",10.3
CAND_0043069,0.6305,0.7185,0.0,1.0,0.895,Project Manager,Stark Industries,"Pune, Maharashtra",7.0
CAND_0015551,0.6305,0.708,0.3333,0.65,0.847,Operations Manager,Dunder Mifflin,"Coimbatore, Tamil Nadu",4.7
CAND_0007574,0.6304,0.6846,0.0833,0.85,1.0,QA Engineer,Globex Inc,"Indore, Madhya Pradesh",8.8
CAND_0047126,0.6304,0.7193,0.25,0.85,0.731,Graphic Designer,Initech,"Ahmedabad, Gujarat",6.4
CAND_0097618,0.6304,0.7064,0.0,1.0,0.916,Marketing Manager,Wayne Enterprises,"Bangalore, Karnataka",5.1
CAND_0065098,0.6303,0.6664,0.0833,1.0,0.881,Frontend Engineer,Zomato,"Delhi, Delhi",8.0
CAND_0046139,0.6303,0.6858,0.1667,1.0,0.743,QA Engineer,Wayne Enterprises,"Bangalore, Karnataka",9.0
CAND_0021453,0.6303,0.6764,0.0,1.0,0.968,Civil Engineer,Initech,"Mumbai, Maharashtra",7.6
CAND_0035357,0.6303,0.678,0.0,1.0,0.965,Operations Manager,Acme Corp,"Pune, Maharashtra",8.0
CAND_0019724,0.6303,0.6832,0.0,1.0,0.956,Data Engineer,Freshworks,"Pune, Maharashtra",7.7
CAND_0016440,0.6303,0.7009,0.4167,0.7,0.704,Civil Engineer,Infosys,"Delhi, Delhi",7.6
CAND_0077391,0.6303,0.6797,0.4167,0.6,0.841,Civil Engineer,Pied Piper,"Pune, Maharashtra",2.1
CAND_0058932,0.6303,0.7039,0.25,0.85,0.757,Content Writer,Dunder Mifflin,"Indore, Madhya Pradesh",7.8
CAND_0059965,0.6303,0.7262,0.25,0.85,0.718,Content Writer,Dunder Mifflin,"Jaipur, Rajasthan",6.6
CAND_0019944,0.6303,0.6933,0.0833,0.85,0.984,Software Engineer,Initech,"Vizag, Andhra Pradesh",8.4
CAND_0072530,0.6303,0.7288,0.0833,1.0,0.772,Senior Software Engineer,Globex Inc,"Delhi, Delhi",6.4
CAND_0063472,0.6303,0.7163,0.0,1.0,0.898,Graphic Designer,Pied Piper,"Pune, Maharashtra",6.7
CAND_0098748,0.6303,0.7057,0.3333,0.65,0.85,HR Manager,Hooli,"Chennai, Tamil Nadu",4.7
CAND_0052207,0.6302,0.6578,0.0,1.0,1.0,HR Manager,Acme Corp,"Noida, Uttar Pradesh",5.9
CAND_0039392,0.6302,0.6624,0.0,1.0,0.992,Content Writer,Globex Inc,"Bangalore, Karnataka",5.6
CAND_0051379,0.6302,0.6826,0.1667,0.85,0.898,Analytics Engineer,Zomato,"Ahmedabad, Gujarat",5.2
CAND_0091439,0.6302,0.7197,0.25,0.85,0.729,Senior Data Engineer,Vedantu,"Coimbatore, Tamil Nadu",6.3
CAND_0076106,0.6301,0.6429,0.25,0.8,0.913,DevOps Engineer,Dunder Mifflin,"Pune, Maharashtra",4.9
CAND_0088917,0.6301,0.6733,0.0833,1.0,0.868,Frontend Engineer,HCL,"Hyderabad, Telangana",5.1
CAND_0019611,0.6301,0.6573,0.0,1.0,1.0,HR Manager,Acme Corp,"Pune, Maharashtra",8.3
CAND_0092735,0.6301,0.6688,0.0,1.0,0.98,Marketing Manager,Initech,"Hyderabad, Telangana",8.8
CAND_0018452,0.6301,0.6701,0.0,1.0,0.978,.NET Developer,Wayne Enterprises,"Bangalore, Karnataka",7.2
CAND_0011173,0.6301,0.6741,0.0,1.0,0.971,Civil Engineer,Wayne Enterprises,"Noida, Uttar Pradesh",8.0
CAND_0026882,0.6301,0.7027,0.3333,0.8,0.704,Operations Manager,Hooli,"Delhi, Delhi",9.6
CAND_0018371,0.6301,0.7047,0.25,0.8,0.805,Project Manager,Stark Industries,"Hyderabad, Telangana",4.7
CAND_0015462,0.6301,0.6835,0.0833,0.85,1.0,Data Analyst,Paytm,"Chandigarh, Chandigarh",5.5
CAND_0085955,0.6301,0.6836,0.0833,0.85,1.0,Civil Engineer,Initech,"Kolkata, West Bengal",8.0
CAND_0077088,0.6301,0.7036,0.0,1.0,0.919,Operations Manager,Globex Inc,"Pune, Maharashtra",5.9
CAND_0007176,0.63,0.6572,0.0,1.0,1.0,Operations Manager,Globex Inc,"Mumbai, Maharashtra",8.8
CAND_0095595,0.63,0.6572,0.0,1.0,1.0,Java Developer,Tech Mahindra,"Hyderabad, Telangana",8.8
CAND_0042513,0.63,0.6736,0.1667,0.85,0.913,Software Engineer,Hooli,"Jaipur, Rajasthan",8.8
CAND_0041779,0.63,0.6939,0.1667,0.85,0.877,Frontend Engineer,Tech Mahindra,"Indore, Madhya Pradesh",6.7
CAND_0004306,0.63,0.6982,0.0,1.0,0.928,Customer Support,Globex Inc,"Mumbai, Maharashtra",6.9
CAND_0004356,0.63,0.6855,0.0833,0.85,0.996,QA Engineer,Mphasis,"Chandigarh, Chandigarh",8.6
CAND_0047599,0.6299,0.6505,0.0833,1.0,0.907,DevOps Engineer,Mindtree,"Delhi, Delhi",8.9
CAND_0005910,0.6299,0.6813,0.0,1.0,0.957,Cloud Engineer,Mindtree,"Pune, Maharashtra",6.4
CAND_0046417,0.6299,0.6993,0.25,0.85,0.763,Backend Engineer,Acme Corp,"Kochi, Kerala",7.5
CAND_0068434,0.6299,0.688,0.1667,0.85,0.887,Backend Engineer,CRED,"Kolkata, West Bengal",7.5
CAND_0059391,0.6299,0.683,0.0833,0.85,1.0,Graphic Designer,Stark Industries,"Indore, Madhya Pradesh",5.7
CAND_0015671,0.6299,0.6836,0.0833,0.85,0.999,Mechanical Engineer,Wayne Enterprises,"Chandigarh, Chandigarh",7.3
CAND_0057582,0.6299,0.7031,0.0833,0.85,0.965,Analytics Engineer,Tech Mahindra,"Trivandrum, Kerala",6.1
CAND_0050549,0.6299,0.7266,0.0,1.0,0.878,Senior Data Engineer,Meesho,"Delhi, Delhi",5.1
CAND_0073110,0.6298,0.6467,0.0833,1.0,0.913,Cloud Engineer,Stark Industries,"Noida, Uttar Pradesh",7.5
CAND_0085720,0.6298,0.6726,0.0833,1.0,0.868,Cloud Engineer,Razorpay,"Hyderabad, Telangana",6.2
CAND_0005045,0.6298,0.6846,0.0833,1.0,0.847,Project Manager,Acme Corp,"Bangalore, Karnataka",7.3
CAND_0026354,0.6298,0.6983,0.0,1.0,0.927,Customer Support,Wayne Enterprises,"Pune, Maharashtra",5.6
CAND_0066668,0.6298,0.6828,0.0833,0.85,1.0,Business Analyst,Wayne Enterprises,"Kolkata, West Bengal",6.1
CAND_0051651,0.6298,0.7003,0.1667,0.85,0.865,Data Analyst,Globex Inc,"Chennai, Tamil Nadu",7.3
CAND_0036838,0.6298,0.7021,0.1667,0.85,0.862,Backend Engineer,Stark Industries,"Coimbatore, Tamil Nadu",5.6
CAND_0001508,0.6298,0.678,0.25,0.65,1.0,Marketing Manager,Initech,"Kolkata, West Bengal",9.2
CAND_0066147,0.6298,0.6908,0.0833,0.85,0.986,Analytics Engineer,Initech,"Jaipur, Rajasthan",5.1
CAND_0084838,0.6298,0.7184,0.4167,0.6,0.771,HR Manager,Initech,"Bangalore, Karnataka",1.3
CAND_0059208,0.6297,0.6583,0.1667,0.85,0.938,Java Developer,Hooli,"Kochi, Kerala",7.1
CAND_0067683,0.6297,0.6826,0.0833,1.0,0.85,Software Engineer,CRED,"Bangalore, Karnataka",7.0
CAND_0097368,0.6297,0.7096,0.1667,1.0,0.698,Senior Data Engineer,PhonePe,"Delhi, Delhi",8.0
CAND_0010807,0.6297,0.6842,0.0,1.0,0.951,QA Engineer,Hooli,"Delhi, Delhi",5.8
CAND_0026647,0.6297,0.7035,0.0833,1.0,0.813,Analytics Engineer,PharmEasy,"Noida, Uttar Pradesh",5.7
CAND_0064402,0.6297,0.6862,0.1667,0.85,0.889,Software Engineer,Mphasis,"Indore, Madhya Pradesh",7.1
CAND_0031413,0.6297,0.6884,0.0,1.0,0.944,Business Analyst,Stark Industries,"Mumbai, Maharashtra",8.4
CAND_0014685,0.6297,0.7052,0.25,0.85,0.752,QA Engineer,Initech,"Coimbatore, Tamil Nadu",6.6
CAND_0047226,0.6297,0.6991,0.0,1.0,0.925,Software Engineer,Pied Piper,"Pune, Maharashtra",5.7
CAND_0081949,0.6297,0.6824,0.0833,0.85,1.0,Sales Executive,Stark Industries,"Kochi, Kerala",8.8
CAND_0052985,0.6297,0.7122,0.0,1.0,0.902,Mechanical Engineer,Dunder Mifflin,"Mumbai, Maharashtra",6.1
CAND_0040307,0.6296,0.6914,0.4167,0.8,0.617,Content Writer,Stark Industries,"Noida, Uttar Pradesh",10.5
CAND_0038660,0.6296,0.6561,0.0,1.0,1.0,Cloud Engineer,Razorpay,"Noida, Uttar Pradesh",6.8
CAND_0091044,0.6296,0.6561,0.0,1.0,1.0,Full Stack Developer,Dunder Mifflin,"Noida, Uttar Pradesh",8.2
CAND_0012089,0.6296,0.664,0.0,1.0,0.986,.NET Developer,Stark Industries,"Pune, Maharashtra",6.2
CAND_0017880,0.6296,0.6965,0.0833,1.0,0.825,Operations Manager,Globex Inc,"Mumbai, Maharashtra",6.9
CAND_0079984,0.6296,0.6823,0.0833,0.85,1.0,Software Engineer,Pied Piper,"Gurgaon, Haryana",6.6
CAND_0038649,0.6296,0.7035,0.0,1.0,0.917,Mechanical Engineer,Initech,"Mumbai, Maharashtra",5.4
CAND_0026601,0.6296,0.7176,0.0,1.0,0.892,Customer Support,Initech,"Noida, Uttar Pradesh",6.7
CAND_0085211,0.6295,0.6798,0.4167,0.85,0.587,Marketing Manager,Acme Corp,"Jaipur, Rajasthan",8.5
CAND_0057654,0.6295,0.6556,0.0,1.0,1.0,HR Manager,Hooli,"Delhi, Delhi",5.8
CAND_0087778,0.6295,0.6819,0.0833,0.85,1.0,Data Scientist,Tech Mahindra,"Vizag, Andhra Pradesh",5.8
CAND_0041897,0.6295,0.7133,0.0,1.0,0.899,Mechanical Engineer,Wayne Enterprises,"Mumbai, Maharashtra",7.2
CAND_0063045,0.6295,0.704,0.1667,0.8,0.907,Content Writer,Hooli,"Noida, Uttar Pradesh",9.4
CAND_0065963,0.6294,0.6821,0.25,1.0,0.641,Analytics Engineer,Mphasis,"Mumbai, Maharashtra",5.9
CAND_0089614,0.6294,0.6529,0.1667,0.85,0.946,.NET Developer,Mphasis,"Chandigarh, Chandigarh",5.5
CAND_0069987,0.6294,0.6555,0.0,1.0,1.0,HR Manager,Initech,"Noida, Uttar Pradesh",8.3
CAND_0007033,0.6294,0.6704,0.0,1.0,0.974,Software Engineer,Globex Inc,"Bangalore, Karnataka",6.5
CAND_0014894,0.6294,0.7159,0.1667,1.0,0.686,Senior Software Engineer,BYJU'S,"Bangalore, Karnataka",7.3
CAND_0023966,0.6294,0.7107,0.25,0.85,0.741,Operations Manager,Pied Piper,"Ahmedabad, Gujarat",5.2
CAND_0004742,0.6294,0.6967,0.0,1.0,0.928,Frontend Engineer,Zomato,"Mumbai, Maharashtra",5.3
CAND_0039971,0.6294,0.716,0.0833,1.0,0.79,HR Manager,Acme Corp,"Hyderabad, Telangana",6.8
CAND_0088781,0.6294,0.6816,0.0833,0.85,1.0,Frontend Engineer,CRED,"Trivandrum, Kerala",7.0
CAND_0034926,0.6294,0.7242,0.4167,0.7,0.659,Business Analyst,Hooli,Toronto,6.5
CAND_0052598,0.6293,0.6795,0.1667,1.0,0.749,Frontend Engineer,Mphasis,"Delhi, Delhi",8.5
CAND_0046317,0.6293,0.6682,0.0,1.0,0.977,Sales Executive,Stark Industries,"Hyderabad, Telangana",9.0
CAND_0048763,0.6293,0.6927,0.0833,1.0,0.83,HR Manager,Wayne Enterprises,"Pune, Maharashtra",7.7
CAND_0003895,0.6293,0.7008,0.4167,0.7,0.699,Accountant,Wayne Enterprises,Toronto,8.4
CAND_0090771,0.6293,0.7276,0.1667,1.0,0.665,Sales Executive,Stark Industries,"Noida, Uttar Pradesh",5.2
CAND_0045724,0.6293,0.6814,0.0833,0.85,1.0,QA Engineer,CRED,"Vizag, Andhra Pradesh",6.9
CAND_0070227,0.6293,0.7031,0.0,1.0,0.916,Mechanical Engineer,Stark Industries,"Noida, Uttar Pradesh",7.4
CAND_0079616,0.6293,0.7041,0.1667,0.85,0.856,Data Engineer,Zomato,"Chandigarh, Chandigarh",7.8
CAND_0040357,0.6293,0.7153,0.0,1.0,0.895,Sales Executive,Acme Corp,"Hyderabad, Telangana",7.2
CAND_0054881,0.6292,0.655,0.0,1.0,1.0,Full Stack Developer,Stark Industries,"Bangalore, Karnataka",8.8
CAND_0085624,0.6292,0.6548,0.0,1.0,1.0,.NET Developer,CRED,"Delhi, Delhi",6.0
CAND_0063089,0.6292,0.6764,0.0,1.0,0.962,Mobile Developer,Initech,"Pune, Maharashtra",5.9
CAND_0078786,0.6292,0.6925,0.0,1.0,0.934,Business Analyst,Pied Piper,"Delhi, Delhi",8.2
CAND_0033905,0.6292,0.7183,0.0,1.0,0.889,Customer Support,Wayne Enterprises,"Noida, Uttar Pradesh",6.5
CAND_0076243,0.6291,0.6543,0.25,0.85,0.838,Java Developer,CRED,"Vizag, Andhra Pradesh",5.7
CAND_0038458,0.6291,0.7051,0.3333,0.8,0.695,Civil Engineer,Acme Corp,"Pune, Maharashtra",4.1
CAND_0034684,0.6291,0.6906,0.0,1.0,0.937,Cloud Engineer,Initech,"Bangalore, Karnataka",8.0
CAND_0009583,0.6291,0.6808,0.0833,0.85,1.0,Civil Engineer,Stark Industries,"Chandigarh, Chandigarh",6.3
CAND_0070501,0.6291,0.6808,0.0833,0.85,1.0,Cloud Engineer,Tech Mahindra,"Bhubaneswar, Odisha",5.0
CAND_0098079,0.6291,0.7174,0.4167,0.7,0.669,Graphic Designer,Acme Corp,London,8.8
CAND_0081250,0.629,0.6499,0.1667,1.0,0.799,Java Developer,Globex Inc,"Pune, Maharashtra",8.2
CAND_0099043,0.629,0.648,0.0833,1.0,0.907,DevOps Engineer,Pied Piper,"Bangalore, Karnataka",8.6
CAND_0075000,0.629,0.6701,0.0833,1.0,0.868,Operations Manager,Initech,"Hyderabad, Telangana",6.0
CAND_0022297,0.629,0.6883,0.25,0.85,0.778,Backend Engineer,PhonePe,"Kochi, Kerala",6.5
CAND_0003311,0.629,0.6804,0.0833,0.85,1.0,Analytics Engineer,Unacademy,"Indore, Madhya Pradesh",5.6
CAND_0030422,0.629,0.6804,0.0833,0.85,1.0,Operations Manager,Initech,"Kolkata, West Bengal",6.5
CAND_0089498,0.629,0.7215,0.25,0.85,0.72,AI Specialist,Genpact AI,"Chennai, Tamil Nadu",5.8
CAND_0007409,0.629,0.7126,0.0,1.0,0.898,Operations Manager,Wayne Enterprises,"Pune, Maharashtra",7.6
CAND_0078366,0.6289,0.6658,0.25,0.85,0.817,Cloud Engineer,Mindtree,"Kolkata, West Bengal",7.1
CAND_0086217,0.6289,0.6798,0.4167,0.7,0.734,Backend Engineer,Acme Corp,New York,6.9
CAND_0010103,0.6289,0.6823,0.25,0.8,0.838,Data Engineer,Mphasis,"Bangalore, Karnataka",4.0
CAND_0014109,0.6289,0.6802,0.0833,0.85,1.0,Software Engineer,Zomato,"Gurgaon, Haryana",8.1
CAND_0066313,0.6289,0.7031,0.0,1.0,0.914,Graphic Designer,Dunder Mifflin,"Hyderabad, Telangana",5.5
CAND_0063731,0.6288,0.6926,0.4167,0.8,0.611,Civil Engineer,Dunder Mifflin,"Pune, Maharashtra",4.6
CAND_0080879,0.6288,0.6961,0.0,1.0,0.926,Business Analyst,Wayne Enterprises,"Hyderabad, Telangana",5.2
CAND_0070316,0.6288,0.7121,0.4167,0.7,0.677,Accountant,Wayne Enterprises,Austin,7.0
CAND_0002772,0.6288,0.6799,0.0833,0.85,1.0,DevOps Engineer,Hooli,"Jaipur, Rajasthan",8.6
CAND_0033663,0.6288,0.6978,0.0,1.0,0.923,Operations Manager,Initech,"Pune, Maharashtra",7.8
CAND_0037895,0.6288,0.7034,0.0,1.0,0.913,Customer Support,Dunder Mifflin,"Pune, Maharashtra",7.1
CAND_0077713,0.6287,0.6634,0.1667,1.0,0.774,DevOps Engineer,Mphasis,"Bangalore, Karnataka",8.3
CAND_0082891,0.6287,0.7153,0.4167,0.85,0.521,Accountant,Wayne Enterprises,"Jaipur, Rajasthan",7.5
CAND_0038556,0.6287,0.7069,0.1667,1.0,0.698,Software Engineer,Pied Piper,"Delhi, Delhi",5.9
CAND_0046345,0.6287,0.686,0.0,1.0,0.943,QA Engineer,Hooli,"Bangalore, Karnataka",7.8
CAND_0020206,0.6287,0.6797,0.0833,0.85,1.0,Content Writer,Dunder Mifflin,"Chennai, Tamil Nadu",6.2
CAND_0076380,0.6287,0.6795,0.0833,0.85,1.0,Cloud Engineer,Flipkart,"Chandigarh, Chandigarh",5.1
CAND_0021755,0.6287,0.7048,0.0,1.0,0.91,Mechanical Engineer,Initech,"Bangalore, Karnataka",6.8
CAND_0015169,0.6286,0.6358,0.0833,1.0,0.926,Mobile Developer,Tech Mahindra,"Delhi, Delhi",6.1
CAND_0043492,0.6286,0.6746,0.1667,1.0,0.754,Software Engineer,HCL,"Delhi, Delhi",6.1
CAND_0074915,0.6286,0.6582,0.0833,1.0,0.887,DevOps Engineer,Mphasis,"Noida, Uttar Pradesh",8.1
CAND_0001767,0.6286,0.6877,0.1667,1.0,0.731,Software Engineer,Flipkart,"Hyderabad, Telangana",8.3
CAND_0026102,0.6286,0.6934,0.3333,0.85,0.663,Marketing Manager,Hooli,"Trivandrum, Kerala",5.1
CAND_0078791,0.6286,0.6678,0.1667,0.85,0.916,Cloud Engineer,Initech,"Jaipur, Rajasthan",7.8
CAND_0008794,0.6286,0.7106,0.3333,0.85,0.633,Sales Executive,Globex Inc,"Gurgaon, Haryana",7.2
CAND_0006395,0.6286,0.7232,0.3333,0.85,0.611,Graphic Designer,Stark Industries,"Kolkata, West Bengal",8.7
CAND_0026340,0.6286,0.7046,0.0833,0.85,0.956,Senior Data Engineer,PharmEasy,"Kochi, Kerala",6.7
CAND_0095982,0.6285,0.6712,0.3333,0.8,0.751,Mobile Developer,Acme Corp,"Delhi, Delhi",4.5
CAND_0056533,0.6285,0.6585,0.1667,0.85,0.932,Cloud Engineer,Tech Mahindra,"Jaipur, Rajasthan",8.0
CAND_0048753,0.6285,0.6854,0.0833,1.0,0.839,Customer Support,Dunder Mifflin,"Pune, Maharashtra",7.1
CAND_0000841,0.6285,0.6796,0.0,1.0,0.953,Graphic Designer,Acme Corp,"Delhi, Delhi",8.1
CAND_0033868,0.6285,0.6812,0.1667,0.85,0.892,QA Engineer,CRED,"Gurgaon, Haryana",8.6
CAND_0032870,0.6285,0.6906,0.0,1.0,0.934,Project Manager,Hooli,"Noida, Uttar Pradesh",5.9
CAND_0093064,0.6285,0.7027,0.0,1.0,0.913,Mechanical Engineer,Hooli,"Pune, Maharashtra",7.8
CAND_0053023,0.6285,0.7128,0.0,1.0,0.895,Accountant,Acme Corp,"Bangalore, Karnataka",5.3
CAND_0093274,0.6285,0.7248,0.0,1.0,0.874,Data Engineer,BYJU'S,"Bangalore, Karnataka",7.9
CAND_0038364,0.6284,0.6746,0.25,0.85,0.799,Software Engineer,Tech Mahindra,"Kochi, Kerala",7.5
CAND_0046973,0.6284,0.6787,0.0833,1.0,0.85,Backend Engineer,Mindtree,"Pune, Maharashtra",5.9
CAND_0044905,0.6284,0.6687,0.0,1.0,0.972,Mechanical Engineer,Hooli,"Bangalore, Karnataka",8.0
CAND_0037319,0.6284,0.7011,0.0833,1.0,0.811,Sales Executive,Pied Piper,"Hyderabad, Telangana",8.7
CAND_0046707,0.6284,0.6803,0.1667,0.8,0.943,Analytics Engineer,PhonePe,"Bangalore, Karnataka",4.4
CAND_0000878,0.6284,0.6946,0.1667,0.85,0.868,Backend Engineer,Dream11,"Ahmedabad, Gujarat",6.9
CAND_0026344,0.6284,0.6788,0.0833,0.85,1.0,Software Engineer,Tech Mahindra,"Ahmedabad, Gujarat",5.8
CAND_0067820,0.6284,0.7247,0.0,1.0,0.874,Senior Software Engineer,Acme Corp,"Noida, Uttar Pradesh",7.9
CAND_0011975,0.6283,0.6342,0.25,1.0,0.719,DevOps Engineer,Globex Inc,"Mumbai, Maharashtra",8.5
CAND_0042579,0.6283,0.6425,0.0833,1.0,0.913,Mobile Developer,Hooli,"Bangalore, Karnataka",8.2
CAND_0016843,0.6283,0.6717,0.0833,1.0,0.862,Frontend Engineer,HCL,"Pune, Maharashtra",7.0
CAND_0020620,0.6283,0.6603,0.0,1.0,0.986,Operations Manager,Initech,"Noida, Uttar Pradesh",9.0
CAND_0018277,0.6283,0.7122,0.4167,0.85,0.524,Marketing Manager,Initech,"Kolkata, West Bengal",8.7
CAND_0008347,0.6283,0.6923,0.0833,1.0,0.826,Content Writer,Stark Industries,"Hyderabad, Telangana",5.0
CAND_0009407,0.6283,0.681,0.0,1.0,0.95,Data Analyst,Dunder Mifflin,"Noida, Uttar Pradesh",5.9
CAND_0082793,0.6283,0.691,0.1667,0.85,0.874,Data Engineer,Stark Industries,"Trivandrum, Kerala",7.2
CAND_0072955,0.6283,0.6944,0.0,1.0,0.926,Mechanical Engineer,Acme Corp,"Hyderabad, Telangana",7.8
CAND_0035469,0.6283,0.6785,0.0833,0.85,1.0,QA Engineer,Mindtree,"Bhubaneswar, Odisha",8.6
CAND_0074155,0.6283,0.6967,0.0,1.0,0.922,Operations Manager,Pied Piper,"Bangalore, Karnataka",6.7
CAND_0053461,0.6283,0.7228,0.3333,0.8,0.66,Mechanical Engineer,Stark Industries,"Mumbai, Maharashtra",10.4
CAND_0062101,0.6283,0.7072,0.0,1.0,0.904,Project Manager,Wayne Enterprises,"Bangalore, Karnataka",5.0
CAND_0041764,0.6283,0.7107,0.0,1.0,0.898,Content Writer,Stark Industries,"Hyderabad, Telangana",8.1
CAND_0050396,0.6282,0.6735,0.25,1.0,0.65,Cloud Engineer,Pied Piper,"Noida, Uttar Pradesh",7.9
CAND_0094198,0.6282,0.6978,0.3333,0.85,0.653,Accountant,Wayne Enterprises,"Trivandrum, Kerala",6.2
CAND_0098011,0.6282,0.7009,0.3333,0.85,0.648,Graphic Designer,Initech,"Kochi, Kerala",6.2
CAND_0062671,0.6282,0.6701,0.1667,0.85,0.91,Frontend Engineer,Flipkart,"Trivandrum, Kerala",5.6
CAND_0043430,0.6282,0.7105,0.1667,1.0,0.689,Computer Vision Engineer,Krutrim,"Bangalore, Karnataka",6.3
CAND_0064992,0.6282,0.6822,0.0,1.0,0.947,Software Engineer,Hooli,"Delhi, Delhi",5.5
CAND_0038014,0.6282,0.7109,0.0833,1.0,0.793,Civil Engineer,Dunder Mifflin,"Mumbai, Maharashtra",5.8
CAND_0038984,0.6282,0.7008,0.25,0.8,0.802,Marketing Manager,Pied Piper,"Pune, Maharashtra",10.4
CAND_0000310,0.6282,0.7087,0.0,1.0,0.901,Sales Executive,Hooli,"Mumbai, Maharashtra",5.6
CAND_0035925,0.6281,0.6823,0.3333,0.85,0.68,HR Manager,Initech,"Bhubaneswar, Odisha",8.9
CAND_0067203,0.6281,0.6951,0.0833,1.0,0.82,Backend Engineer,Hooli,"Mumbai, Maharashtra",7.5
CAND_0086032,0.6281,0.6956,0.0833,1.0,0.819,QA Engineer,Acme Corp,"Hyderabad, Telangana",6.0
CAND_0034863,0.6281,0.69,0.0,1.0,0.933,Software Engineer,Globex Inc,"Pune, Maharashtra",9.0
CAND_0072154,0.6281,0.6907,0.0,1.0,0.932,Backend Engineer,Stark Industries,"Hyderabad, Telangana",6.6
CAND_0056729,0.6281,0.7124,0.25,0.85,0.731,Data Analyst,upGrad,"Vizag, Andhra Pradesh",7.3
CAND_0078711,0.6281,0.7162,0.4167,0.7,0.666,Content Writer,Infosys,"Bangalore, Karnataka",7.8
CAND_0007813,0.6281,0.7271,0.4167,0.7,0.647,Business Analyst,Acme Corp,Singapore,8.7
CAND_0007359,0.628,0.6422,0.1667,1.0,0.808,Mobile Developer,Acme Corp,"Pune, Maharashtra",5.5
CAND_0099983,0.628,0.6928,0.1667,0.85,0.869,Data Engineer,upGrad,"Trivandrum, Kerala",5.3
CAND_0046884,0.628,0.6775,0.0833,0.85,1.0,Software Engineer,HCL,"Kochi, Kerala",5.0
CAND_0010595,0.628,0.6902,0.0833,0.85,0.978,Data Engineer,Swiggy,"Vizag, Andhra Pradesh",5.2
CAND_0027656,0.628,0.7236,0.4167,0.7,0.653,Accountant,Infosys,"Noida, Uttar Pradesh",6.3
CAND_0082399,0.628,0.7157,0.1667,0.85,0.829,Analytics Engineer,Zoho,"Indore, Madhya Pradesh",5.5
CAND_0079325,0.6279,0.6534,0.0833,1.0,0.892,Java Developer,Mphasis,"Mumbai, Maharashtra",6.4
CAND_0005533,0.6279,0.6724,0.0833,1.0,0.859,Mobile Developer,Flipkart,"Bangalore, Karnataka",8.2
CAND_0003669,0.6279,0.6995,0.1667,1.0,0.707,QA Engineer,Stark Industries,"Mumbai, Maharashtra",6.9
CAND_0020840,0.6279,0.6779,0.0,1.0,0.953,Accountant,Globex Inc,"Delhi, Delhi",8.8
CAND_0096465,0.6279,0.686,0.0,1.0,0.939,Content Writer,Pied Piper,"Bangalore, Karnataka",5.1
CAND_0002312,0.6279,0.6939,0.0,1.0,0.925,HR Manager,Dunder Mifflin,"Hyderabad, Telangana",5.5
CAND_0071042,0.6279,0.6941,0.0,1.0,0.925,HR Manager,Globex Inc,"Pune, Maharashtra",5.9
CAND_0095936,0.6279,0.6992,0.0,1.0,0.916,Civil Engineer,Dunder Mifflin,"Mumbai, Maharashtra",5.2
CAND_0040135,0.6279,0.7009,0.0,1.0,0.913,Civil Engineer,Stark Industries,"Hyderabad, Telangana",6.6
CAND_0084412,0.6279,0.7088,0.4167,0.65,0.728,Graphic Designer,Dunder Mifflin,"Kolkata, West Bengal",4.7
CAND_0087554,0.6279,0.6935,0.0833,0.85,0.972,QA Engineer,HCL,"Gurgaon, Haryana",8.2
CAND_0071927,0.6279,0.7211,0.25,0.8,0.765,Business Analyst,Hooli,"Pune, Maharashtra",4.7
CAND_0033336,0.6278,0.6508,0.0,1.0,1.0,Java Developer,Wayne Enterprises,"Noida, Uttar Pradesh",7.7
CAND_0054141,0.6278,0.7049,0.3333,0.85,0.639,HR Manager,Hooli,"Jaipur, Rajasthan",7.1
CAND_0096908,0.6278,0.6744,0.0,1.0,0.959,Sales Executive,Hooli,"Delhi, Delhi",8.7
CAND_0035022,0.6278,0.6753,0.1667,0.85,0.899,.NET Developer,Hooli,"Coimbatore, Tamil Nadu",7.1
CAND_0052707,0.6278,0.6827,0.1667,0.85,0.886,QA Engineer,Acme Corp,"Bhubaneswar, Odisha",8.5
CAND_0065488,0.6278,0.7083,0.3333,0.8,0.683,Project Manager,Pied Piper,"Mumbai, Maharashtra",10.8
CAND_0099527,0.6278,0.6888,0.1667,0.85,0.875,QA Engineer,Pied Piper,"Jaipur, Rajasthan",8.9
CAND_0017519,0.6278,0.6852,0.0833,0.85,0.986,Software Engineer,PolicyBazaar,"Indore, Madhya Pradesh",5.9
CAND_0087133,0.6278,0.6868,0.0833,0.85,0.983,Marketing Manager,Globex Inc,"Trivandrum, Kerala",7.5
CAND_0063761,0.6278,0.7178,0.0,1.0,0.883,Customer Support,Stark Industries,"Mumbai, Maharashtra",7.2
CAND_0023151,0.6277,0.6666,0.0833,1.0,0.868,Accountant,Wayne Enterprises,"Hyderabad, Telangana",8.6
CAND_0045413,0.6277,0.6683,0.0833,1.0,0.865,.NET Developer,Tech Mahindra,"Delhi, Delhi",6.0
CAND_0059502,0.6277,0.6715,0.0833,1.0,0.859,.NET Developer,Stark Industries,"Mumbai, Maharashtra",5.6
CAND_0098884,0.6277,0.7128,0.1667,1.0,0.683,Analytics Engineer,Initech,"Bangalore, Karnataka",5.7
CAND_0035790,0.6277,0.7188,0.3333,0.85,0.614,Content Writer,Wayne Enterprises,"Gurgaon, Haryana",6.7
CAND_0068304,0.6277,0.6894,0.0,1.0,0.932,Project Manager,Wayne Enterprises,"Delhi, Delhi",7.4
CAND_0038434,0.6277,0.69,0.0,1.0,0.931,Civil Engineer,Hooli,"Hyderabad, Telangana",6.4
CAND_0069096,0.6277,0.6727,0.25,0.7,0.949,.NET Developer,Mphasis,New York,5.9
CAND_0051179,0.6277,0.7036,0.0,1.0,0.907,Project Manager,Globex Inc,"Bangalore, Karnataka",7.2
CAND_0004369,0.6276,0.6637,0.3333,1.0,0.56,Cloud Engineer,Pied Piper,"Bangalore, Karnataka",7.3
CAND_0058652,0.6276,0.6454,0.1667,0.85,0.95,Cloud Engineer,Mindtree,"Gurgaon, Haryana",7.8
CAND_0080538,0.6276,0.6825,0.3333,0.85,0.677,Cloud Engineer,HCL,"Ahmedabad, Gujarat",7.1
CAND_0078760,0.6276,0.6503,0.0,1.0,1.0,Customer Support,Wayne Enterprises,"Hyderabad, Telangana",6.5
CAND_0089176,0.6276,0.6503,0.0,1.0,1.0,Java Developer,Flipkart,"Bangalore, Karnataka",5.0
CAND_0034304,0.6276,0.6879,0.0,1.0,0.934,Sales Executive,Pied Piper,"Hyderabad, Telangana",6.9
CAND_0095261,0.6276,0.7017,0.0,1.0,0.91,Senior Software Engineer,BYJU'S,"Mumbai, Maharashtra",6.1
CAND_0055458,0.6276,0.7045,0.0,1.0,0.905,Mechanical Engineer,Wayne Enterprises,"Delhi, Delhi",8.3
CAND_0047243,0.6275,0.6489,0.0833,1.0,0.898,DevOps Engineer,Tech Mahindra,"Delhi, Delhi",5.8
CAND_0044271,0.6275,0.6538,0.0833,1.0,0.889,.NET Developer,Initech,"Pune, Maharashtra",5.1
CAND_0049464,0.6275,0.705,0.4167,0.85,0.533,Civil Engineer,Pied Piper,"Coimbatore, Tamil Nadu",7.0
CAND_0096025,0.6275,0.7087,0.1667,1.0,0.689,Data Analyst,Pied Piper,"Noida, Uttar Pradesh",5.1
CAND_0076371,0.6275,0.6686,0.3333,0.65,0.901,Cloud Engineer,Hooli,"Chandigarh, Chandigarh",4.1
CAND_0035584,0.6275,0.6763,0.0833,0.85,1.0,Frontend Engineer,HCL,"Kochi, Kerala",7.4
CAND_0098119,0.6275,0.6837,0.0833,0.85,0.987,Accountant,Initech,"Gurgaon, Haryana",7.5
CAND_0021831,0.6275,0.7276,0.0833,1.0,0.76,Software Engineer,Globex Inc,"Noida, Uttar Pradesh",5.3
CAND_0036840,0.6275,0.7228,0.4167,0.65,0.702,Sales Executive,Pied Piper,"Jaipur, Rajasthan",9.5
CAND_0047361,0.6274,0.6438,0.1667,1.0,0.802,Java Developer,Dunder Mifflin,"Mumbai, Maharashtra",7.9
CAND_0010555,0.6274,0.6523,0.1667,1.0,0.787,Software Engineer,CRED,"Delhi, Delhi",6.6
CAND_0089835,0.6274,0.6594,0.1667,1.0,0.775,Full Stack Developer,Flipkart,"Pune, Maharashtra",6.9
CAND_0023771,0.6274,0.6554,0.0833,1.0,0.886,Full Stack Developer,Globex Inc,"Hyderabad, Telangana",8.8
CAND_0087733,0.6274,0.6769,0.0833,1.0,0.848,Data Engineer,Vedantu,"Hyderabad, Telangana",7.2
CAND_0028228,0.6274,0.6889,0.25,0.85,0.769,Software Engineer,Meesho,"Kochi, Kerala",6.0
CAND_0092314,0.6274,0.6801,0.0,1.0,0.947,HR Manager,Dunder Mifflin,"Mumbai, Maharashtra",6.9
CAND_0038085,0.6274,0.681,0.0,1.0,0.945,Sales Executive,Globex Inc,"Noida, Uttar Pradesh",8.6
CAND_0043887,0.6274,0.6759,0.0833,0.85,1.0,Java Developer,Stark Industries,"Chennai, Tamil Nadu",6.4
CAND_0092263,0.6274,0.6948,0.0,1.0,0.921,Content Writer,Pied Piper,"Pune, Maharashtra",5.8
CAND_0033587,0.6274,0.7366,0.4167,0.8,0.527,Operations Manager,Wayne Enterprises,"Mumbai, Maharashtra",4.5
CAND_0024924,0.6274,0.7081,0.0,1.0,0.898,QA Engineer,Stark Industries,"Pune, Maharashtra",5.5
CAND_0028358,0.6274,0.7148,0.4167,0.6,0.765,Accountant,Pied Piper,"Pune, Maharashtra",13.3
CAND_0011525,0.6273,0.6494,0.0,1.0,1.0,DevOps Engineer,Mphasis,"Hyderabad, Telangana",5.0
CAND_0027188,0.6273,0.6494,0.0,1.0,1.0,DevOps Engineer,CRED,"Mumbai, Maharashtra",7.8
CAND_0088131,0.6273,0.6602,0.0,1.0,0.981,Cloud Engineer,Pied Piper,"Delhi, Delhi",8.2
CAND_0028769,0.6273,0.6862,0.4167,0.7,0.715,Accountant,Pied Piper,Toronto,7.1
CAND_0021575,0.6273,0.6778,0.1667,0.85,0.892,Cloud Engineer,Razorpay,"Indore, Madhya Pradesh",7.1
CAND_0057746,0.6273,0.692,0.25,0.8,0.813,Content Writer,Stark Industries,"Bangalore, Karnataka",4.5
CAND_0008033,0.6273,0.6757,0.0833,0.85,1.0,Data Analyst,Tech Mahindra,"Bhubaneswar, Odisha",5.0
CAND_0043425,0.6273,0.6755,0.0833,0.85,1.0,Backend Engineer,Ola,"Coimbatore, Tamil Nadu",5.9
CAND_0023615,0.6273,0.7071,0.0,1.0,0.899,Marketing Manager,Wayne Enterprises,"Hyderabad, Telangana",7.6
CAND_0086648,0.6273,0.6938,0.25,0.7,0.91,Data Analyst,Pied Piper,London,5.6
CAND_0066259,0.6272,0.6676,0.3333,0.85,0.701,Graphic Designer,Hooli,"Ahmedabad, Gujarat",7.0
CAND_0076810,0.6272,0.6445,0.1667,0.8,1.0,DevOps Engineer,Razorpay,"Delhi, Delhi",9.6
CAND_0048100,0.6272,0.6925,0.0833,1.0,0.82,Accountant,Hooli,"Bangalore, Karnataka",8.1
CAND_0014023,0.6272,0.6759,0.1667,0.85,0.895,Cloud Engineer,Flipkart,"Vizag, Andhra Pradesh",7.2
CAND_0048572,0.6272,0.6644,0.1667,0.8,0.965,.NET Developer,Globex Inc,"Hyderabad, Telangana",9.3
CAND_0060942,0.6272,0.6851,0.0,1.0,0.937,QA Engineer,Initech,"Noida, Uttar Pradesh",6.0
CAND_0037984,0.6272,0.6887,0.0,1.0,0.931,Accountant,Acme Corp,"Pune, Maharashtra",5.0
CAND_0037014,0.6272,0.6752,0.0833,0.85,1.0,Marketing Manager,Dunder Mifflin,"Jaipur, Rajasthan",5.0
CAND_0046231,0.6272,0.6752,0.0833,0.85,1.0,Backend Engineer,PolicyBazaar,"Gurgaon, Haryana",7.4
CAND_0065176,0.6272,0.7205,0.4167,0.65,0.704,Mechanical Engineer,Wayne Enterprises,"Bhubaneswar, Odisha",4.0
CAND_0037073,0.6271,0.6539,0.0833,1.0,0.887,DevOps Engineer,Hooli,"Noida, Uttar Pradesh",7.4
CAND_0027578,0.6271,0.6775,0.4167,0.8,0.629,Project Manager,Initech,"Mumbai, Maharashtra",4.3
CAND_0063914,0.6271,0.6436,0.1667,0.85,0.951,Java Developer,Dunder Mifflin,"Vizag, Andhra Pradesh",5.5
CAND_0000014,0.6271,0.6782,0.1667,1.0,0.74,Frontend Engineer,Zomato,"Hyderabad, Telangana",8.4
CAND_0082303,0.6271,0.6969,0.4167,0.85,0.545,Accountant,Wayne Enterprises,"Indore, Madhya Pradesh",6.8
CAND_0073549,0.6271,0.6889,0.0,1.0,0.93,Sales Executive,Initech,"Mumbai, Maharashtra",5.2
CAND_0090676,0.6271,0.6927,0.1667,0.85,0.865,Analytics Engineer,Stark Industries,"Chennai, Tamil Nadu",7.3
CAND_0044504,0.6271,0.6963,0.0,1.0,0.917,Operations Manager,Dunder Mifflin,"Hyderabad, Telangana",8.3
CAND_0000782,0.6271,0.7046,0.25,0.8,0.79,Software Engineer,Tech Mahindra,"Delhi, Delhi",4.6
CAND_0000665,0.6271,0.7284,0.0833,1.0,0.757,Senior Software Engineer,PharmEasy,"Pune, Maharashtra",6.2
CAND_0015715,0.6271,0.7086,0.3333,0.65,0.829,Marketing Manager,Pied Piper,"Coimbatore, Tamil Nadu",4.4
CAND_0061348,0.627,0.6718,0.1667,1.0,0.751,Full Stack Developer,CRED,"Pune, Maharashtra",8.5
CAND_0013840,0.627,0.6778,0.0,1.0,0.949,Frontend Engineer,Flipkart,"Hyderabad, Telangana",7.5
CAND_0035328,0.627,0.6915,0.0,1.0,0.925,QA Engineer,Tech Mahindra,"Hyderabad, Telangana",6.7
CAND_0099108,0.627,0.6906,0.1667,0.85,0.868,Software Engineer,Dream11,"Kolkata, West Bengal",7.3
CAND_0001845,0.627,0.6916,0.3333,0.6,0.908,Customer Support,Globex Inc,"Mumbai, Maharashtra",3.4
CAND_0023347,0.627,0.7241,0.0,1.0,0.868,Mechanical Engineer,Initech,"Noida, Uttar Pradesh",5.9
CAND_0041542,0.6269,0.6682,0.0,1.0,0.965,Project Manager,Hooli,"Bangalore, Karnataka",5.1
CAND_0031725,0.6269,0.6821,0.0,1.0,0.941,Data Analyst,Razorpay,"Noida, Uttar Pradesh",7.3
CAND_0006392,0.6269,0.7007,0.25,0.8,0.796,Backend Engineer,Ola,"Mumbai, Maharashtra",4.7
CAND_0008486,0.6269,0.6876,0.0833,0.85,0.977,Software Engineer,PharmEasy,"Trivandrum, Kerala",7.9
CAND_0007577,0.6269,0.6997,0.4167,0.6,0.789,Marketing Manager,Initech,"Delhi, Delhi",3.5
CAND_0071521,0.6268,0.6486,0.0833,1.0,0.895,Mobile Developer,Acme Corp,"Mumbai, Maharashtra",6.0
CAND_0046042,0.6268,0.7043,0.25,0.85,0.739,Operations Manager,Stark Industries,"Bhubaneswar, Odisha",6.0
CAND_0071157,0.6268,0.6902,0.0,1.0,0.926,Mechanical Engineer,Stark Industries,"Bangalore, Karnataka",5.8
CAND_0040282,0.6268,0.6741,0.0833,0.85,1.0,Software Engineer,Stark Industries,"Jaipur, Rajasthan",6.2
CAND_0069270,0.6268,0.6925,0.0,1.0,0.922,Content Writer,Globex Inc,"Bangalore, Karnataka",6.2
CAND_0023139,0.6268,0.6959,0.0,1.0,0.916,Project Manager,Globex Inc,"Mumbai, Maharashtra",5.8
CAND_0007391,0.6268,0.7006,0.4167,0.65,0.737,Data Scientist,Locobuzz,"Coimbatore, Tamil Nadu",4.3
CAND_0070018,0.6268,0.7184,0.3333,0.8,0.66,Content Writer,Acme Corp,"Noida, Uttar Pradesh",10.1
CAND_0090554,0.6268,0.723,0.4167,0.7,0.648,Sales Executive,Wayne Enterprises,Dubai,8.7
CAND_0072600,0.6268,0.6866,0.3333,0.6,0.916,Operations Manager,Stark Industries,"Pune, Maharashtra",12.7
CAND_0007039,0.6267,0.6945,0.0833,1.0,0.814,QA Engineer,Zomato,"Noida, Uttar Pradesh",7.2
CAND_0047015,0.6267,0.6901,0.0,1.0,0.926,Marketing Manager,Pied Piper,"Pune, Maharashtra",6.8
CAND_0082646,0.6267,0.6739,0.0833,0.85,1.0,Sales Executive,Pied Piper,"Kochi, Kerala",7.7
CAND_0032026,0.6267,0.699,0.0833,0.85,0.956,Project Manager,Globex Inc,"Bhubaneswar, Odisha",8.8
CAND_0044312,0.6266,0.6753,0.0833,1.0,0.847,QA Engineer,Initech,"Pune, Maharashtra",5.1
CAND_0059230,0.6265,0.6471,0.0,1.0,1.0,DevOps Engineer,Mphasis,"Noida, Uttar Pradesh",6.2
CAND_0091856,0.6265,0.6596,0.0,1.0,0.978,Marketing Manager,Initech,"Delhi, Delhi",6.7
CAND_0031515,0.6265,0.6754,0.1667,0.85,0.892,Software Engineer,Flipkart,"Ahmedabad, Gujarat",8.4
CAND_0033208,0.6265,0.6912,0.0,1.0,0.923,HR Manager,Dunder Mifflin,"Mumbai, Maharashtra",6.3
CAND_0080519,0.6265,0.7326,0.3333,0.85,0.584,Business Analyst,Wayne Enterprises,"Trivandrum, Kerala",8.9
CAND_0088868,0.6265,0.7044,0.4167,0.65,0.729,Business Analyst,Stark Industries,"Indore, Madhya Pradesh",10.1
CAND_0018300,0.6265,0.7311,0.4167,0.7,0.632,Mechanical Engineer,Dunder Mifflin,Seattle,8.7
CAND_0034696,0.6265,0.7044,0.3333,0.65,0.833,Operations Manager,Globex Inc,"Kochi, Kerala",10.8
CAND_0091652,0.6265,0.6863,0.3333,0.55,0.965,Graphic Designer,Wipro,"Ahmedabad, Gujarat",6.3
CAND_0076219,0.6264,0.6421,0.0833,1.0,0.904,Mobile Developer,Pied Piper,"Noida, Uttar Pradesh",7.5
CAND_0062111,0.6264,0.6609,0.0833,1.0,0.871,Graphic Designer,Acme Corp,"Noida, Uttar Pradesh",8.4
CAND_0079092,0.6264,0.6944,0.3333,0.85,0.65,Analytics Engineer,upGrad,"Kolkata, West Bengal",7.5
CAND_0061694,0.6264,0.6885,0.0833,1.0,0.823,Software Engineer,Wayne Enterprises,"Noida, Uttar Pradesh",5.4
CAND_0090187,0.6264,0.6753,0.1667,0.85,0.892,QA Engineer,Mphasis,"Trivandrum, Kerala",6.9
CAND_0097797,0.6264,0.7093,0.3333,0.8,0.674,Content Writer,Dunder Mifflin,"Bangalore, Karnataka",4.0
CAND_0024631,0.6264,0.6898,0.0,1.0,0.925,Sales Executive,Wayne Enterprises,"Mumbai, Maharashtra",6.9
CAND_0004243,0.6264,0.6908,0.0,1.0,0.923,Civil Engineer,Initech,"Noida, Uttar Pradesh",7.1
CAND_0038001,0.6264,0.7137,0.0,1.0,0.883,Software Engineer,HCL,"Bangalore, Karnataka",5.9
CAND_0096964,0.6264,0.6964,0.0833,0.85,0.959,Analytics Engineer,Acme Corp,"Coimbatore, Tamil Nadu",6.8
CAND_0066160,0.6263,0.6466,0.0,1.0,1.0,Full Stack Developer,Mphasis,"Mumbai, Maharashtra",8.2
CAND_0096630,0.6263,0.6995,0.1667,1.0,0.699,Analytics Engineer,Pied Piper,"Bangalore, Karnataka",5.7
CAND_0024694,0.6263,0.6929,0.0,1.0,0.919,Civil Engineer,Initech,"Mumbai, Maharashtra",7.7
CAND_0009481,0.6263,0.7144,0.0833,1.0,0.777,Sales Executive,Globex Inc,"Noida, Uttar Pradesh",7.0
CAND_0080451,0.6263,0.743,0.1667,1.0,0.623,Project Manager,Stark Industries,"Bangalore, Karnataka",7.3
CAND_0086533,0.6263,0.7178,0.25,0.8,0.763,Accountant,Stark Industries,"Mumbai, Maharashtra",4.9
CAND_0028119,0.6263,0.7335,0.0833,1.0,0.744,Senior Data Engineer,CRED,"Noida, Uttar Pradesh",6.6
CAND_0029890,0.6263,0.7434,0.3333,0.8,0.614,Software Engineer,Tech Mahindra,"Delhi, Delhi",4.6
CAND_0081645,0.6262,0.7016,0.0833,1.0,0.799,HR Manager,Acme Corp,"Bangalore, Karnataka",8.6
CAND_0012791,0.6262,0.6925,0.0,1.0,0.919,Mechanical Engineer,Pied Piper,"Pune, Maharashtra",7.2
CAND_0015340,0.6262,0.702,0.1667,0.85,0.844,Software Engineer,Tech Mahindra,"Kochi, Kerala",5.3
CAND_0029888,0.6262,0.696,0.0833,0.85,0.959,HR Manager,Dunder Mifflin,"Jaipur, Rajasthan",6.8
CAND_0075697,0.6262,0.7381,0.25,0.85,0.677,Sales Executive,Dunder Mifflin,"Vizag, Andhra Pradesh",8.0
CAND_0093413,0.6261,0.6505,0.1667,1.0,0.784,Mobile Developer,Initech,"Mumbai, Maharashtra",6.4
CAND_0086780,0.6261,0.646,0.0,1.0,1.0,Marketing Manager,Wayne Enterprises,"Noida, Uttar Pradesh",5.7
CAND_0088916,0.6261,0.6471,0.0,1.0,0.998,Mechanical Engineer,Dunder Mifflin,"Hyderabad, Telangana",8.1
CAND_0002102,0.6261,0.668,0.25,0.85,0.799,Marketing Manager,Hooli,"Trivandrum, Kerala",6.2
CAND_0088409,0.6261,0.7085,0.25,1.0,0.578,Content Writer,Globex Inc,"Mumbai, Maharashtra",8.4
CAND_0003213,0.6261,0.6853,0.0833,1.0,0.827,Mechanical Engineer,Pied Piper,"Hyderabad, Telangana",6.2
CAND_0045081,0.6261,0.6717,0.0,1.0,0.955,Software Engineer,Mphasis,"Noida, Uttar Pradesh",6.7
CAND_0093295,0.6261,0.6902,0.25,0.85,0.76,QA Engineer,Wayne Enterprises,"Vizag, Andhra Pradesh",8.3
CAND_0033940,0.6261,0.6796,0.0,1.0,0.941,Operations Manager,Pied Piper,"Hyderabad, Telangana",6.2
CAND_0055281,0.6261,0.6836,0.0,1.0,0.934,Operations Manager,Pied Piper,"Mumbai, Maharashtra",9.0
CAND_0031397,0.6261,0.7155,0.25,0.85,0.716,Junior ML Engineer,Observe.AI,"Vizag, Andhra Pradesh",6.6
CAND_0028207,0.626,0.6627,0.0833,1.0,0.866,Marketing Manager,Wayne Enterprises,"Hyderabad, Telangana",6.2
CAND_0070085,0.626,0.6537,0.0,1.0,0.986,Java Developer,HCL,"Pune, Maharashtra",5.4
CAND_0096257,0.626,0.693,0.0833,1.0,0.813,Content Writer,Globex Inc,"Bangalore, Karnataka",6.5
CAND_0081017,0.626,0.6793,0.1667,0.85,0.883,Software Engineer,Globex Inc,"Coimbatore, Tamil Nadu",7.8
CAND_0015524,0.626,0.6835,0.0,1.0,0.934,Accountant,Hooli,"Mumbai, Maharashtra",6.7
CAND_0016241,0.626,0.7118,0.25,0.8,0.772,Customer Support,Acme Corp,"Delhi, Delhi",4.5
CAND_0010369,0.626,0.7092,0.0,1.0,0.889,Operations Manager,Wayne Enterprises,"Mumbai, Maharashtra",5.1
CAND_0041290,0.626,0.6989,0.0833,0.85,0.953,Software Engineer,Acme Corp,"Jaipur, Rajasthan",5.0
CAND_0082447,0.6259,0.6766,0.25,0.85,0.783,Analytics Engineer,Freshworks,"Kolkata, West Bengal",5.4
CAND_0059611,0.6259,0.7046,0.3333,0.85,0.63,Content Writer,Hooli,"Kochi, Kerala",8.7
CAND_0030353,0.6259,0.6724,0.0,1.0,0.953,Project Manager,Wayne Enterprises,"Bangalore, Karnataka",8.8
CAND_0073652,0.6259,0.6737,0.1667,0.85,0.892,Software Engineer,Acme Corp,"Kochi, Kerala",5.7
CAND_0067433,0.6259,0.6865,0.0,1.0,0.928,Content Writer,Initech,"Noida, Uttar Pradesh",5.5
CAND_0018392,0.6259,0.687,0.0,1.0,0.927,Mechanical Engineer,Dunder Mifflin,"Delhi, Delhi",8.8
CAND_0091512,0.6259,0.703,0.1667,0.85,0.841,Accountant,Initech,"Chennai, Tamil Nadu",6.9
CAND_0079608,0.6259,0.7105,0.1667,0.85,0.828,Senior Software Engineer,Swiggy,"Kolkata, West Bengal",5.0
CAND_0088016,0.6258,0.6551,0.1667,1.0,0.774,Java Developer,Wayne Enterprises,"Noida, Uttar Pradesh",6.6
CAND_0071085,0.6258,0.7033,0.1667,1.0,0.69,Analytics Engineer,InMobi,"Bangalore, Karnataka",5.3
CAND_0042464,0.6258,0.6736,0.1667,0.85,0.892,Full Stack Developer,Initech,"Trivandrum, Kerala",6.0
CAND_0061669,0.6258,0.6801,0.0,1.0,0.939,Mechanical Engineer,Stark Industries,"Mumbai, Maharashtra",7.0
CAND_0000584,0.6258,0.7008,0.25,0.85,0.74,Analytics Engineer,Stark Industries,"Indore, Madhya Pradesh",7.3
CAND_0076773,0.6258,0.6925,0.0,1.0,0.917,Content Writer,Globex Inc,"Noida, Uttar Pradesh",8.9
CAND_0023943,0.6258,0.7013,0.4167,0.65,0.731,Marketing Manager,Globex Inc,"Chennai, Tamil Nadu",4.1
CAND_0098397,0.6258,0.7034,0.0,1.0,0.898,Mechanical Engineer,Hooli,"Bangalore, Karnataka",6.6
CAND_0048034,0.6257,0.6573,0.0833,1.0,0.874,Mobile Developer,Flipkart,"Bangalore, Karnataka",8.6
CAND_0027375,0.6257,0.6879,0.1667,1.0,0.716,Software Engineer,Globex Inc,"Hyderabad, Telangana",7.9
CAND_0088711,0.6257,0.6818,0.0833,1.0,0.831,Software Engineer,Hooli,"Mumbai, Maharashtra",8.4
CAND_0005680,0.6257,0.6855,0.0,1.0,0.929,Business Analyst,Initech,"Bangalore, Karnataka",7.5
CAND_0039927,0.6257,0.7169,0.0,1.0,0.874,Content Writer,Wayne Enterprises,"Delhi, Delhi",5.7
CAND_0088636,0.6256,0.6309,0.0833,1.0,0.92,Mobile Developer,Mindtree,"Bangalore, Karnataka",8.9
CAND_0098140,0.6256,0.6595,0.0,1.0,0.974,.NET Developer,CRED,"Hyderabad, Telangana",7.9
CAND_0010206,0.6256,0.6845,0.1667,0.85,0.872,QA Engineer,Stark Industries,"Kochi, Kerala",8.3
CAND_0056495,0.6256,0.7276,0.3333,0.8,0.638,Operations Manager,Pied Piper,"Delhi, Delhi",4.9
CAND_0063679,0.6255,0.655,0.0833,1.0,0.877,DevOps Engineer,Tech Mahindra,"Bangalore, Karnataka",6.1
CAND_0025749,0.6255,0.6766,0.1667,1.0,0.735,Cloud Engineer,Zomato,"Bangalore, Karnataka",5.9
CAND_0005887,0.6255,0.6771,0.1667,1.0,0.734,Backend Engineer,Hooli,"Delhi, Delhi",7.1
CAND_0064745,0.6255,0.6688,0.0833,1.0,0.853,Cloud Engineer,Flipkart,"Mumbai, Maharashtra",5.6
CAND_0028285,0.6255,0.6802,0.0833,1.0,0.833,Marketing Manager,Globex Inc,"Mumbai, Maharashtra",7.7
CAND_0042650,0.6255,0.6855,0.4167,0.65,0.757,Marketing Manager,Acme Corp,"Kochi, Kerala",9.6
CAND_0051831,0.6255,0.6705,0.0833,0.85,1.0,Mobile Developer,Razorpay,"Gurgaon, Haryana",5.9
CAND_0016560,0.6255,0.6956,0.0,1.0,0.91,Business Analyst,Initech,"Bangalore, Karnataka",6.1
CAND_0028742,0.6255,0.6975,0.0,1.0,0.907,Content Writer,Stark Industries,"Mumbai, Maharashtra",7.1
CAND_0036047,0.6255,0.7182,0.25,0.85,0.708,Mechanical Engineer,Initech,"Coimbatore, Tamil Nadu",8.8
CAND_0068426,0.6254,0.6721,0.0833,1.0,0.847,.NET Developer,Mindtree,"Noida, Uttar Pradesh",8.0
CAND_0082090,0.6254,0.6737,0.0833,1.0,0.844,Cloud Engineer,Mindtree,"Hyderabad, Telangana",7.9
CAND_0070747,0.6254,0.6568,0.1667,0.85,0.919,Cloud Engineer,Tech Mahindra,"Jaipur, Rajasthan",7.1
CAND_0066572,0.6254,0.6709,0.0,1.0,0.953,Cloud Engineer,Mindtree,"Bangalore, Karnataka",7.4
CAND_0074975,0.6254,0.6967,0.4167,0.7,0.687,Operations Manager,Globex Inc,Singapore,8.0
CAND_0098034,0.6254,0.6864,0.0,1.0,0.926,Accountant,Pied Piper,"Noida, Uttar Pradesh",5.6
CAND_0020553,0.6254,0.7022,0.0,1.0,0.898,Business Analyst,Wayne Enterprises,"Pune, Maharashtra",5.1
CAND_0088861,0.6254,0.7069,0.0,1.0,0.89,Accountant,Stark Industries,"Mumbai, Maharashtra",7.9
CAND_0027359,0.6254,0.7104,0.0,1.0,0.884,Customer Support,Acme Corp,"Delhi, Delhi",7.9
CAND_0055495,0.6253,0.6613,0.0833,1.0,0.865,Sales Executive,Hooli,"Hyderabad, Telangana",6.6
CAND_0086615,0.6253,0.65,0.0,1.0,0.989,Operations Manager,Acme Corp,"Noida, Uttar Pradesh",8.7
CAND_0000742,0.6253,0.6682,0.0833,1.0,0.853,Mobile Developer,Tech Mahindra,"Noida, Uttar Pradesh",7.7
CAND_0037448,0.6253,0.6568,0.0,1.0,0.977,Java Developer,Zomato,"Hyderabad, Telangana",8.8
CAND_0097313,0.6253,0.6631,0.0,1.0,0.966,Content Writer,Hooli,"Delhi, Delhi",5.2
CAND_0037555,0.6253,0.6723,0.0,1.0,0.95,Customer Support,Dunder Mifflin,"Delhi, Delhi",6.6
CAND_0022850,0.6253,0.6741,0.0,1.0,0.947,Customer Support,Wayne Enterprises,"Noida, Uttar Pradesh",8.7
CAND_0094247,0.6253,0.6813,0.0,1.0,0.934,Content Writer,Dunder Mifflin,"Noida, Uttar Pradesh",5.8
CAND_0003958,0.6253,0.6992,0.0833,1.0,0.799,Content Writer,Acme Corp,"Hyderabad, Telangana",8.9
CAND_0073449,0.6253,0.7019,0.0,1.0,0.898,Mechanical Engineer,Initech,"Pune, Maharashtra",6.4
CAND_0077918,0.6253,0.7038,0.0,1.0,0.895,HR Manager,Pied Piper,"Pune, Maharashtra",7.4
CAND_0006144,0.6252,0.6755,0.0,1.0,0.944,Graphic Designer,Wayne Enterprises,"Delhi, Delhi",7.1
CAND_0018918,0.6252,0.7316,0.25,1.0,0.533,Civil Engineer,Dunder Mifflin,"Delhi, Delhi",5.1
CAND_0066249,0.6252,0.6823,0.0,1.0,0.932,Data Analyst,Zomato,"Delhi, Delhi",7.8
CAND_0068231,0.6252,0.6697,0.0833,0.85,1.0,Software Engineer,Hooli,"Gurgaon, Haryana",6.8
CAND_0002579,0.6252,0.676,0.0833,0.85,0.989,Full Stack Developer,HCL,"Coimbatore, Tamil Nadu",6.1
CAND_0086492,0.6252,0.7011,0.0,1.0,0.899,HR Manager,Globex Inc,"Noida, Uttar Pradesh",6.0
CAND_0046386,0.6251,0.6433,0.0,1.0,1.0,Java Developer,Globex Inc,"Delhi, Delhi",7.2
CAND_0068279,0.6251,0.6491,0.1667,0.85,0.931,DevOps Engineer,Pied Piper,"Ahmedabad, Gujarat",6.0
CAND_0030081,0.6251,0.6818,0.0833,1.0,0.828,HR Manager,Globex Inc,"Pune, Maharashtra",6.1
CAND_0003634,0.6251,0.6853,0.0833,1.0,0.822,Software Engineer,Swiggy,"Hyderabad, Telangana",8.3
CAND_0014920,0.6251,0.7164,0.3333,0.85,0.605,Graphic Designer,Wayne Enterprises,"Coimbatore, Tamil Nadu",7.0
CAND_0059358,0.6251,0.6853,0.0,1.0,0.926,Business Analyst,Pied Piper,"Delhi, Delhi",9.0
CAND_0045791,0.6251,0.6929,0.0,1.0,0.913,QA Engineer,Mindtree,"Mumbai, Maharashtra",6.6
CAND_0087906,0.6251,0.6893,0.0833,0.85,0.965,Project Manager,Dunder Mifflin,"Bhubaneswar, Odisha",7.3
CAND_0040255,0.625,0.6711,0.1667,1.0,0.742,.NET Developer,Hooli,"Pune, Maharashtra",5.5
CAND_0071339,0.625,0.6553,0.0833,1.0,0.874,DevOps Engineer,Acme Corp,"Mumbai, Maharashtra",5.9
CAND_0006374,0.625,0.6674,0.0833,1.0,0.853,Mechanical Engineer,Wayne Enterprises,"Pune, Maharashtra",7.8
CAND_0058857,0.625,0.6557,0.1667,0.85,0.919,.NET Developer,Tech Mahindra,"Gurgaon, Haryana",7.1
CAND_0068757,0.625,0.6732,0.0,1.0,0.947,Customer Support,Acme Corp,"Hyderabad, Telangana",7.2
CAND_0024261,0.625,0.7153,0.1667,1.0,0.665,Senior Data Engineer,HCL,"Delhi, Delhi",7.6
CAND_0009576,0.625,0.6825,0.1667,0.85,0.872,Software Engineer,Vedantu,"Jaipur, Rajasthan",5.4
CAND_0085272,0.625,0.6909,0.0,1.0,0.916,HR Manager,Stark Industries,"Pune, Maharashtra",6.6
CAND_0006156,0.6249,0.6445,0.25,0.85,0.834,Full Stack Developer,HCL,"Bhubaneswar, Odisha",6.9
CAND_0055875,0.6249,0.6829,0.1667,0.85,0.871,Analytics Engineer,Initech,"Ahmedabad, Gujarat",5.5
CAND_0000917,0.6249,0.6845,0.1667,0.85,0.868,QA Engineer,CRED,"Ahmedabad, Gujarat",5.8
CAND_0026485,0.6249,0.6687,0.0833,0.85,1.0,Frontend Engineer,Stark Industries,"Vizag, Andhra Pradesh",7.6
CAND_0094786,0.6249,0.6688,0.0833,0.85,1.0,Full Stack Developer,Stark Industries,"Gurgaon, Haryana",9.0
CAND_0031594,0.6249,0.7071,0.4167,0.7,0.666,Sales Executive,Stark Industries,Dubai,8.9
CAND_0026524,0.6249,0.6991,0.0,1.0,0.901,Marketing Manager,Pied Piper,"Mumbai, Maharashtra",7.2
CAND_0076729,0.6249,0.7257,0.25,0.85,0.692,Civil Engineer,Globex Inc,"Chennai, Tamil Nadu",5.3
CAND_0068524,0.6248,0.6652,0.0,1.0,0.96,Civil Engineer,Pied Piper,"Pune, Maharashtra",9.0
CAND_0088162,0.6248,0.6672,0.1667,0.85,0.898,Cloud Engineer,Razorpay,"Jaipur, Rajasthan",5.2
CAND_0072068,0.6248,0.6979,0.3333,0.8,0.686,Marketing Manager,Acme Corp,"Noida, Uttar Pradesh",4.2
CAND_0065363,0.6248,0.6919,0.0,1.0,0.913,Business Analyst,Initech,"Pune, Maharashtra",7.1
CAND_0050554,0.6248,0.6936,0.0,1.0,0.91,Operations Manager,Pied Piper,"Bangalore, Karnataka",6.8
CAND_0089242,0.6247,0.6511,0.0833,1.0,0.88,Full Stack Developer,Dunder Mifflin,"Noida, Uttar Pradesh",6.1
CAND_0056351,0.6247,0.6794,0.1667,1.0,0.726,Backend Engineer,Nykaa,"Hyderabad, Telangana",7.2
CAND_0030668,0.6247,0.6704,0.1667,0.85,0.892,Frontend Engineer,Tech Mahindra,"Chandigarh, Chandigarh",7.4
CAND_0096736,0.6247,0.682,0.0,1.0,0.93,Project Manager,Dunder Mifflin,"Bangalore, Karnataka",7.5
CAND_0044483,0.6247,0.7333,0.1667,1.0,0.632,Customer Support,Globex Inc,"Pune, Maharashtra",8.7
CAND_0012304,0.6247,0.7071,0.0,1.0,0.886,Accountant,Stark Industries,"Hyderabad, Telangana",7.8
CAND_0009213,0.6247,0.6965,0.25,0.7,0.892,Graphic Designer,Infosys,"Delhi, Delhi",7.6
CAND_0009294,0.6246,0.6626,0.1667,1.0,0.755,.NET Developer,Mphasis,"Noida, Uttar Pradesh",8.2
CAND_0005616,0.6246,0.6746,0.1667,1.0,0.734,Frontend Engineer,Initech,"Bangalore, Karnataka",8.4
CAND_0003695,0.6246,0.6833,0.0833,1.0,0.823,Civil Engineer,Dunder Mifflin,"Delhi, Delhi",6.9
CAND_0007438,0.6246,0.6919,0.0833,1.0,0.808,Software Engineer,CRED,"Delhi, Delhi",6.7
CAND_0034270,0.6246,0.7158,0.1667,1.0,0.662,Data Scientist,Krutrim,"Mumbai, Maharashtra",5.4
CAND_0026848,0.6246,0.6679,0.0833,0.85,1.0,Mobile Developer,Pied Piper,"Ahmedabad, Gujarat",5.5
CAND_0008536,0.6246,0.7155,0.3333,0.8,0.654,Accountant,Pied Piper,"Pune, Maharashtra",4.8
CAND_0083970,0.6246,0.6879,0.0833,0.85,0.965,QA Engineer,HCL,"Bhubaneswar, Odisha",8.8
CAND_0073755,0.6245,0.6441,0.25,1.0,0.683,Java Developer,Swiggy,"Hyderabad, Telangana",5.4
CAND_0011303,0.6245,0.6905,0.4167,0.7,0.693,Marketing Manager,Wayne Enterprises,Toronto,6.9
CAND_0089717,0.6245,0.6934,0.0833,1.0,0.805,Content Writer,Wayne Enterprises,"Mumbai, Maharashtra",6.6
CAND_0042424,0.6245,0.6677,0.0833,0.85,1.0,.NET Developer,Swiggy,"Indore, Madhya Pradesh",5.5
CAND_0049770,0.6245,0.6848,0.1667,0.85,0.866,Backend Engineer,Pied Piper,"Vizag, Andhra Pradesh",6.2
CAND_0085593,0.6245,0.6878,0.0,1.0,0.919,Business Analyst,Wayne Enterprises,"Bangalore, Karnataka",7.8
CAND_0098182,0.6245,0.694,0.0,1.0,0.908,Software Engineer,Hooli,"Delhi, Delhi",8.9
CAND_0071371,0.6245,0.7274,0.1667,1.0,0.641,Analytics Engineer,PhonePe,"Mumbai, Maharashtra",6.6
CAND_0056102,0.6245,0.6975,0.0,1.0,0.902,Content Writer,Hooli,"Pune, Maharashtra",8.5
CAND_0015049,0.6245,0.6979,0.0,1.0,0.901,Operations Manager,Dunder Mifflin,"Pune, Maharashtra",7.5
CAND_0013085,0.6245,0.6815,0.4167,0.55,0.859,Marketing Manager,Infosys,"Chennai, Tamil Nadu",8.1
CAND_0068003,0.6244,0.6484,0.0833,1.0,0.883,DevOps Engineer,Tech Mahindra,"Pune, Maharashtra",5.2
CAND_0093872,0.6244,0.6347,0.1667,0.85,0.953,DevOps Engineer,Initech,"Chennai, Tamil Nadu",7.7
CAND_0027666,0.6244,0.6369,0.1667,0.85,0.949,Full Stack Developer,Zomato,"Chandigarh, Chandigarh",8.1
CAND_0018324,0.6244,0.6795,0.0833,1.0,0.829,Analytics Engineer,BYJU'S,"Mumbai, Maharashtra",5.6
CAND_0038551,0.6244,0.6838,0.25,0.85,0.763,Marketing Manager,Dunder Mifflin,"Coimbatore, Tamil Nadu",6.1
CAND_0027777,0.6244,0.6947,0.0833,1.0,0.802,HR Manager,Initech,"Hyderabad, Telangana",7.7
CAND_0022269,0.6244,0.6806,0.0,1.0,0.931,Customer Support,Initech,"Noida, Uttar Pradesh",6.9
CAND_0022808,0.6244,0.6674,0.0833,0.85,1.0,Frontend Engineer,Swiggy,"Gurgaon, Haryana",8.9
CAND_0005969,0.6244,0.6891,0.0,1.0,0.916,Project Manager,Dunder Mifflin,"Noida, Uttar Pradesh",5.6
CAND_0052378,0.6244,0.6822,0.0833,0.85,0.974,Project Manager,Initech,"Vizag, Andhra Pradesh",5.6
CAND_0024010,0.6244,0.6841,0.4167,0.55,0.854,Accountant,TCS,"Jaipur, Rajasthan",8.6
CAND_0040592,0.6244,0.708,0.0,1.0,0.883,Graphic Designer,Acme Corp,"Pune, Maharashtra",7.6
CAND_0052973,0.6243,0.6456,0.3333,0.85,0.725,Data Analyst,PharmEasy,"Chennai, Tamil Nadu",7.5
CAND_0008663,0.6243,0.6503,0.1667,0.85,0.925,DevOps Engineer,Razorpay,"Indore, Madhya Pradesh",5.2
CAND_0089096,0.6243,0.667,0.0833,0.85,1.0,Marketing Manager,Acme Corp,"Trivandrum, Kerala",5.4
CAND_0015940,0.6243,0.7069,0.3333,0.8,0.668,Operations Manager,Dunder Mifflin,"Mumbai, Maharashtra",10.9
CAND_0056049,0.6242,0.6727,0.3333,0.85,0.677,Backend Engineer,Swiggy,"Kolkata, West Bengal",7.3
CAND_0037363,0.6242,0.6656,0.0,1.0,0.956,Business Analyst,Hooli,"Noida, Uttar Pradesh",8.3
CAND_0062730,0.6242,0.6668,0.0,1.0,0.954,Graphic Designer,Initech,"Pune, Maharashtra",8.7
CAND_0057410,0.6242,0.6744,0.0,1.0,0.941,Graphic Designer,Wayne Enterprises,"Hyderabad, Telangana",7.8
CAND_0018981,0.6242,0.684,0.0,1.0,0.924,Operations Manager,Globex Inc,"Mumbai, Maharashtra",6.5
CAND_0082468,0.6242,0.6667,0.0833,0.85,1.0,.NET Developer,Wayne Enterprises,"Indore, Madhya Pradesh",8.0
CAND_0007309,0.6242,0.7294,0.1667,1.0,0.636,Civil Engineer,Initech,"Delhi, Delhi",6.6
CAND_0023955,0.6242,0.7361,0.3333,0.85,0.566,Mechanical Engineer,Wayne Enterprises,"Jaipur, Rajasthan",6.8
CAND_0069213,0.6241,0.6531,0.1667,1.0,0.769,Full Stack Developer,CRED,"Mumbai, Maharashtra",7.6
CAND_0034999,0.6241,0.6407,0.0833,1.0,0.895,Mobile Developer,Initech,"Delhi, Delhi",6.9
CAND_0005508,0.6241,0.658,0.0,1.0,0.969,HR Manager,Acme Corp,"Noida, Uttar Pradesh",8.4
CAND_0078123,0.6241,0.6619,0.1667,0.85,0.904,Full Stack Developer,CRED,"Vizag, Andhra Pradesh",6.9
CAND_0083933,0.6241,0.6986,0.0,1.0,0.898,Content Writer,Dunder Mifflin,"Delhi, Delhi",7.5
CAND_0080074,0.6241,0.7071,0.0,1.0,0.883,Software Engineer,InMobi,"Noida, Uttar Pradesh",5.1
CAND_0051450,0.624,0.6524,0.0833,1.0,0.874,Mobile Developer,Pied Piper,"Bangalore, Karnataka",5.3
CAND_0070169,0.624,0.6777,0.0833,1.0,0.83,Content Writer,Globex Inc,"Mumbai, Maharashtra",6.5
CAND_0085521,0.624,0.71,0.3333,0.85,0.611,Mechanical Engineer,Hooli,"Chandigarh, Chandigarh",6.3
CAND_0015794,0.624,0.7202,0.3333,0.85,0.593,Operations Manager,Acme Corp,"Gurgaon, Haryana",5.6
CAND_0071342,0.624,0.6916,0.4167,0.65,0.739,Customer Support,Pied Piper,"Coimbatore, Tamil Nadu",10.3
CAND_0083446,0.624,0.6966,0.0,1.0,0.901,Software Engineer,Swiggy,"Pune, Maharashtra",7.4
CAND_0035873,0.624,0.6897,0.4167,0.6,0.792,Marketing Manager,Wayne Enterprises,"Noida, Uttar Pradesh",12.1
CAND_0085605,0.624,0.6982,0.0,1.0,0.898,Civil Engineer,Dunder Mifflin,"Delhi, Delhi",5.6
CAND_0055219,0.624,0.7339,0.3333,0.85,0.569,Business Analyst,Wayne Enterprises,"Bhubaneswar, Odisha",8.2
CAND_0068951,0.624,0.6998,0.1667,0.8,0.887,Data Analyst,InMobi,"Hyderabad, Telangana",4.3
CAND_0048277,0.624,0.7352,0.3333,0.8,0.617,Accountant,Pied Piper,"Bangalore, Karnataka",9.6
CAND_0088186,0.6239,0.664,0.1667,1.0,0.749,Cloud Engineer,Mindtree,"Hyderabad, Telangana",8.2
CAND_0043640,0.6239,0.6693,0.1667,0.85,0.89,Mobile Developer,Zomato,"Jaipur, Rajasthan",5.4
CAND_0035937,0.6239,0.6756,0.0,1.0,0.937,Frontend Engineer,Swiggy,"Bangalore, Karnataka",8.2
CAND_0074577,0.6239,0.6763,0.0,1.0,0.936,Sales Executive,Pied Piper,"Noida, Uttar Pradesh",8.5
CAND_0078473,0.6239,0.6849,0.0,1.0,0.921,Business Analyst,Wayne Enterprises,"Bangalore, Karnataka",7.8
CAND_0011375,0.6239,0.6873,0.0,1.0,0.917,Civil Engineer,Stark Industries,"Bangalore, Karnataka",7.6
CAND_0036877,0.6239,0.7159,0.3333,0.8,0.65,Accountant,Pied Piper,"Bangalore, Karnataka",9.1
CAND_0060080,0.6238,0.6826,0.0833,1.0,0.82,Backend Engineer,CRED,"Pune, Maharashtra",6.5
CAND_0057288,0.6238,0.6912,0.0833,1.0,0.805,Data Analyst,InMobi,"Bangalore, Karnataka",5.5
CAND_0091159,0.6238,0.6771,0.0,1.0,0.934,Project Manager,Wayne Enterprises,"Noida, Uttar Pradesh",5.1
CAND_0045535,0.6238,0.6966,0.0833,1.0,0.796,QA Engineer,Mphasis,"Bangalore, Karnataka",7.3
CAND_0012114,0.6238,0.6793,0.1667,0.85,0.872,Data Analyst,Pied Piper,"Bhubaneswar, Odisha",5.5
CAND_0062329,0.6238,0.7034,0.0833,1.0,0.784,Backend Engineer,Freshworks,"Pune, Maharashtra",7.8
CAND_0045754,0.6238,0.6893,0.0,1.0,0.913,Accountant,Stark Industries,"Delhi, Delhi",8.0
CAND_0092076,0.6238,0.6908,0.0,1.0,0.91,Software Engineer,Globex Inc,"Pune, Maharashtra",9.0
CAND_0079152,0.6238,0.6944,0.0,1.0,0.904,Accountant,Wayne Enterprises,"Bangalore, Karnataka",8.4
CAND_0094218,0.6238,0.7012,0.0,1.0,0.892,Mechanical Engineer,Stark Industries,"Noida, Uttar Pradesh",5.6
CAND_0080938,0.6237,0.6486,0.1667,1.0,0.775,Mobile Developer,HCL,"Pune, Maharashtra",6.5
CAND_0037183,0.6237,0.6728,0.0,1.0,0.941,Customer Support,Hooli,"Mumbai, Maharashtra",8.8
CAND_0057828,0.6237,0.679,0.0,1.0,0.93,Accountant,Hooli,"Hyderabad, Telangana",7.4
CAND_0024733,0.6237,0.6905,0.0,1.0,0.91,Mechanical Engineer,Wayne Enterprises,"Pune, Maharashtra",7.7
CAND_0074469,0.6237,0.7237,0.0833,1.0,0.748,Senior Data Engineer,Freshworks,"Pune, Maharashtra",5.1
CAND_0073774,0.6237,0.7003,0.4167,0.6,0.772,Operations Manager,Globex Inc,"Pune, Maharashtra",11.3
CAND_0062072,0.6237,0.7123,0.0,1.0,0.872,Sales Executive,Initech,"Pune, Maharashtra",6.4
CAND_0063304,0.6236,0.6451,0.1667,1.0,0.781,Java Developer,Stark Industries,"Hyderabad, Telangana",8.2
CAND_0010646,0.6236,0.6781,0.25,0.85,0.769,Full Stack Developer,Tech Mahindra,"Gurgaon, Haryana",5.4
CAND_0016444,0.6236,0.6812,0.0833,1.0,0.822,.NET Developer,Mphasis,"Noida, Uttar Pradesh",5.2
CAND_0072039,0.6236,0.6821,0.0833,1.0,0.82,QA Engineer,Globex Inc,"Pune, Maharashtra",8.9
CAND_0044293,0.6236,0.6831,0.25,0.85,0.76,Data Analyst,Mindtree,"Kochi, Kerala",6.2
CAND_0049900,0.6236,0.6782,0.0,1.0,0.931,Civil Engineer,Hooli,"Hyderabad, Telangana",8.4
CAND_0046523,0.6236,0.7031,0.3333,0.8,0.671,Business Analyst,Globex Inc,"Bangalore, Karnataka",9.6
CAND_0093756,0.6236,0.6651,0.0833,0.85,1.0,HR Manager,Dunder Mifflin,"Vizag, Andhra Pradesh",8.9
CAND_0030806,0.6236,0.6837,0.1667,0.85,0.863,Operations Manager,Pied Piper,"Ahmedabad, Gujarat",8.3
CAND_0085385,0.6236,0.6851,0.0,1.0,0.919,Software Engineer,Wayne Enterprises,"Delhi, Delhi",6.9
CAND_0079651,0.6236,0.687,0.0,1.0,0.916,QA Engineer,Dunder Mifflin,"Mumbai, Maharashtra",6.0
CAND_0040366,0.6236,0.71,0.3333,0.8,0.659,Sales Executive,Stark Industries,"Noida, Uttar Pradesh",10.2
CAND_0044733,0.6236,0.7211,0.4167,0.7,0.635,Graphic Designer,Wayne Enterprises,San Francisco,7.6
CAND_0077413,0.6236,0.7356,0.3333,0.8,0.614,Customer Support,Globex Inc,"Bangalore, Karnataka",4.1
CAND_0038640,0.6235,0.6408,0.0833,1.0,0.892,Java Developer,Initech,"Bangalore, Karnataka",9.0
CAND_0004432,0.6235,0.6647,0.1667,1.0,0.746,Frontend Engineer,Zomato,"Mumbai, Maharashtra",5.3
CAND_0005899,0.6235,0.6929,0.0833,1.0,0.801,Graphic Designer,Globex Inc,"Hyderabad, Telangana",5.4
CAND_0000854,0.6235,0.6957,0.0833,1.0,0.796,Data Analyst,Zoho,"Bangalore, Karnataka",7.1
CAND_0070787,0.6235,0.7072,0.0,1.0,0.88,Content Writer,Initech,"Noida, Uttar Pradesh",6.8
CAND_0055356,0.6234,0.6682,0.1667,0.85,0.889,.NET Developer,HCL,"Chandigarh, Chandigarh",8.5
CAND_0059670,0.6234,0.6789,0.0,1.0,0.929,Graphic Designer,Dunder Mifflin,"Bangalore, Karnataka",8.1
CAND_0008604,0.6234,0.6988,0.0833,1.0,0.79,Software Engineer,Tech Mahindra,"Noida, Uttar Pradesh",8.5
CAND_0007386,0.6234,0.6899,0.0,1.0,0.91,Business Analyst,Hooli,"Pune, Maharashtra",8.4
CAND_0038138,0.6234,0.6913,0.0,1.0,0.907,Project Manager,Dunder Mifflin,"Delhi, Delhi",5.7
CAND_0080988,0.6234,0.693,0.0,1.0,0.904,Business Analyst,Pied Piper,"Pune, Maharashtra",7.2
CAND_0096505,0.6233,0.6998,0.4167,0.85,0.521,Civil Engineer,Acme Corp,"Gurgaon, Haryana",5.0
CAND_0002789,0.6233,0.6591,0.0,1.0,0.963,Cloud Engineer,Mphasis,"Noida, Uttar Pradesh",6.5
CAND_0060233,0.6233,0.6642,0.0833,0.85,1.0,Full Stack Developer,Globex Inc,"Trivandrum, Kerala",5.4
CAND_0049716,0.6233,0.6844,0.0,1.0,0.919,HR Manager,Acme Corp,"Bangalore, Karnataka",7.1
CAND_0057905,0.6233,0.6853,0.0,1.0,0.917,Sales Executive,Initech,"Mumbai, Maharashtra",6.9
CAND_0044340,0.6233,0.693,0.0,1.0,0.904,Sales Executive,Stark Industries,"Delhi, Delhi",7.1
CAND_0014722,0.6233,0.7007,0.0,1.0,0.89,Business Analyst,Acme Corp,"Bangalore, Karnataka",7.8
CAND_0018052,0.6232,0.6503,0.0833,1.0,0.874,.NET Developer,Zomato,"Noida, Uttar Pradesh",5.7
CAND_0035862,0.6232,0.6975,0.1667,1.0,0.687,Data Engineer,Mphasis,"Delhi, Delhi",7.1
CAND_0040434,0.6232,0.7039,0.4167,0.8,0.563,Sales Executive,Dunder Mifflin,"Noida, Uttar Pradesh",4.4
CAND_0032581,0.6232,0.6919,0.0833,1.0,0.801,HR Manager,Acme Corp,"Bangalore, Karnataka",6.0
CAND_0066228,0.6232,0.6771,0.0,1.0,0.931,Customer Support,Wayne Enterprises,"Pune, Maharashtra",6.7
CAND_0095169,0.6232,0.6772,0.0,1.0,0.931,HR Manager,Globex Inc,"Bangalore, Karnataka",7.4
CAND_0007590,0.6232,0.7204,0.1667,1.0,0.647,Senior Data Engineer,InMobi,"Hyderabad, Telangana",7.7
CAND_0019803,0.6232,0.7212,0.3333,0.85,0.587,Project Manager,Dunder Mifflin,"Gurgaon, Haryana",5.2
CAND_0050229,0.6232,0.6901,0.1667,0.85,0.85,Data Analyst,Initech,"Coimbatore, Tamil Nadu",6.3
CAND_0081043,0.6232,0.7298,0.4167,0.8,0.518,Graphic Designer,Pied Piper,"Pune, Maharashtra",10.6
CAND_0099530,0.6232,0.6937,0.0,1.0,0.902,Content Writer,Hooli,"Mumbai, Maharashtra",7.7
CAND_0090076,0.6232,0.7234,0.4167,0.7,0.629,Sales Executive,Acme Corp,Berlin,7.2
CAND_0067011,0.6231,0.6505,0.1667,1.0,0.769,Data Analyst,Globex Inc,"Bangalore, Karnataka",6.2
CAND_0008397,0.6231,0.6402,0.1667,0.85,0.937,Full Stack Developer,Mphasis,"Kochi, Kerala",8.2
CAND_0090071,0.6231,0.6841,0.0833,1.0,0.814,Data Analyst,Mphasis,"Hyderabad, Telangana",6.2
CAND_0043854,0.6231,0.6785,0.0,1.0,0.928,Graphic Designer,Pied Piper,"Bangalore, Karnataka",5.5
CAND_0017846,0.6231,0.6991,0.0,1.0,0.892,Project Manager,Wayne Enterprises,"Pune, Maharashtra",5.2
CAND_0095879,0.6231,0.7061,0.3333,0.7,0.763,Mechanical Engineer,Dunder Mifflin,Austin,5.6
CAND_0096692,0.6231,0.7094,0.0,1.0,0.874,Sales Executive,Globex Inc,"Noida, Uttar Pradesh",6.9
CAND_0084145,0.623,0.6666,0.1667,1.0,0.74,.NET Developer,Globex Inc,"Mumbai, Maharashtra",8.8
CAND_0039139,0.623,0.6702,0.1667,1.0,0.734,Cloud Engineer,CRED,"Pune, Maharashtra",6.7
CAND_0040426,0.623,0.6924,0.25,0.85,0.741,Data Scientist,Tech Mahindra,"Kochi, Kerala",5.2
CAND_0097847,0.623,0.6822,0.4167,0.65,0.75,Accountant,Dunder Mifflin,"Coimbatore, Tamil Nadu",9.3
CAND_0011333,0.623,0.7306,0.25,1.0,0.524,Sales Executive,Pied Piper,"Noida, Uttar Pradesh",6.7
CAND_0017288,0.623,0.6827,0.1667,0.85,0.862,Software Engineer,PolicyBazaar,"Jaipur, Rajasthan",7.0
CAND_0042476,0.623,0.7098,0.0833,1.0,0.769,Data Engineer,Paytm,"Pune, Maharashtra",7.2
CAND_0095097,0.6229,0.6368,0.0,1.0,1.0,DevOps Engineer,Mphasis,"Bangalore, Karnataka",6.2
CAND_0056256,0.6229,0.6767,0.0833,1.0,0.826,QA Engineer,Mindtree,"Delhi, Delhi",5.5
CAND_0080493,0.6229,0.6642,0.0,1.0,0.952,Software Engineer,Hooli,"Pune, Maharashtra",6.8
CAND_0072457,0.6229,0.6812,0.25,0.85,0.76,Analytics Engineer,Mindtree,"Kolkata, West Bengal",6.3
CAND_0059123,0.6229,0.6815,0.0,1.0,0.922,Civil Engineer,Acme Corp,"Mumbai, Maharashtra",6.8
CAND_0078848,0.6229,0.6908,0.1667,0.85,0.847,QA Engineer,Swiggy,"Ahmedabad, Gujarat",7.2
CAND_0091325,0.6229,0.6932,0.1667,0.85,0.843,Data Engineer,Paytm,"Indore, Madhya Pradesh",7.7
CAND_0033098,0.6229,0.6946,0.0,1.0,0.899,Software Engineer,Tech Mahindra,"Mumbai, Maharashtra",6.0
CAND_0006977,0.6229,0.725,0.3333,0.8,0.629,Content Writer,Pied Piper,"Pune, Maharashtra",10.7
CAND_0053589,0.6228,0.6366,0.0,1.0,1.0,Marketing Manager,Dunder Mifflin,"Pune, Maharashtra",8.9
CAND_0073276,0.6228,0.6627,0.0833,0.85,1.0,Java Developer,Mphasis,"Bhubaneswar, Odisha",7.4
CAND_0053035,0.6228,0.6879,0.0,1.0,0.91,Mechanical Engineer,Wayne Enterprises,"Delhi, Delhi",5.3
CAND_0024450,0.6228,0.6909,0.0,1.0,0.905,Mechanical Engineer,Dunder Mifflin,"Delhi, Delhi",5.6
CAND_0054047,0.6228,0.6966,0.0,1.0,0.895,Software Engineer,Hooli,"Hyderabad, Telangana",8.0
CAND_0057257,0.6228,0.6841,0.3333,0.65,0.85,Graphic Designer,Dunder Mifflin,"Vizag, Andhra Pradesh",9.8
CAND_0086603,0.6228,0.7299,0.3333,0.8,0.62,Customer Support,Globex Inc,"Delhi, Delhi",4.0
CAND_0043009,0.6227,0.6873,0.3333,0.85,0.644,Project Manager,Dunder Mifflin,"Chennai, Tamil Nadu",6.1
CAND_0033837,0.6227,0.6671,0.0,1.0,0.946,Software Engineer,HCL,"Hyderabad, Telangana",6.5
CAND_0060993,0.6227,0.6839,0.25,0.85,0.754,QA Engineer,CRED,"Ahmedabad, Gujarat",6.6
CAND_0043014,0.6227,0.674,0.0,1.0,0.934,Cloud Engineer,Stark Industries,"Mumbai, Maharashtra",5.3
CAND_0070450,0.6227,0.6625,0.0833,0.85,1.0,Full Stack Developer,Zomato,"Ahmedabad, Gujarat",9.0
CAND_0055843,0.6227,0.6651,0.25,0.7,0.937,Frontend Engineer,Razorpay,San Francisco,8.6
CAND_0034456,0.6227,0.6869,0.3333,0.7,0.795,Analytics Engineer,Swiggy,Singapore,6.2
CAND_0097377,0.6227,0.6894,0.0,1.0,0.907,.NET Developer,Initech,"Pune, Maharashtra",5.2
CAND_0083444,0.6227,0.6929,0.0,1.0,0.901,QA Engineer,Wayne Enterprises,"Noida, Uttar Pradesh",5.5
CAND_0041194,0.6227,0.6954,0.3333,0.7,0.78,Accountant,Pied Piper,Dubai,8.6
CAND_0055816,0.6227,0.6826,0.0833,0.85,0.965,Project Manager,Hooli,"Gurgaon, Haryana",8.8
CAND_0080728,0.6227,0.7023,0.1667,0.85,0.826,QA Engineer,Pied Piper,"Ahmedabad, Gujarat",8.6
CAND_0022750,0.6226,0.6502,0.0833,1.0,0.871,DevOps Engineer,Zomato,"Bangalore, Karnataka",8.5
CAND_0057811,0.6226,0.6638,0.0833,1.0,0.847,Cloud Engineer,HCL,"Mumbai, Maharashtra",5.4
CAND_0039574,0.6226,0.6525,0.0,1.0,0.971,Mobile Developer,Dunder Mifflin,"Noida, Uttar Pradesh",5.3
CAND_0092381,0.6226,0.6652,0.0,1.0,0.949,Mobile Developer,Tech Mahindra,"Pune, Maharashtra",8.6
CAND_0014734,0.6226,0.6839,0.0,1.0,0.916,Customer Support,Wayne Enterprises,"Bangalore, Karnataka",6.5
CAND_0092026,0.6226,0.6868,0.0,1.0,0.911,Sales Executive,Pied Piper,"Hyderabad, Telangana",7.7
CAND_0056192,0.6226,0.701,0.0,1.0,0.886,HR Manager,Stark Industries,"Mumbai, Maharashtra",5.3
CAND_0034992,0.6226,0.6978,0.3333,0.65,0.825,Project Manager,Initech,"Jaipur, Rajasthan",9.9
CAND_0057208,0.6225,0.6447,0.0833,1.0,0.88,Java Developer,Mindtree,"Pune, Maharashtra",7.3
CAND_0022786,0.6225,0.6603,0.0,1.0,0.957,Mobile Developer,Mindtree,"Delhi, Delhi",5.1
CAND_0047151,0.6225,0.6826,0.0833,1.0,0.814,Backend Engineer,PharmEasy,"Bangalore, Karnataka",5.9
CAND_0038681,0.6225,0.6913,0.3333,0.8,0.686,HR Manager,Wayne Enterprises,"Bangalore, Karnataka",9.5
CAND_0028874,0.6225,0.6763,0.0,1.0,0.929,QA Engineer,Flipkart,"Hyderabad, Telangana",5.5
CAND_0027128,0.6225,0.6769,0.0,1.0,0.928,Software Engineer,Pied Piper,"Bangalore, Karnataka",9.0
CAND_0062850,0.6225,0.677,0.0,1.0,0.928,Frontend Engineer,Mphasis,"Bangalore, Karnataka",5.0
CAND_0033980,0.6225,0.6649,0.0833,0.85,0.995,Marketing Manager,Pied Piper,"Indore, Madhya Pradesh",8.1
CAND_0017422,0.6225,0.689,0.0,1.0,0.907,Analytics Engineer,Freshworks,"Delhi, Delhi",8.0
CAND_0029800,0.6225,0.7009,0.0,1.0,0.886,Business Analyst,Dunder Mifflin,"Mumbai, Maharashtra",8.3
CAND_0088640,0.6225,0.7248,0.4167,0.7,0.623,Business Analyst,Infosys,"Delhi, Delhi",6.4
CAND_0087611,0.6225,0.7441,0.1667,1.0,0.602,Senior Data Engineer,Tech Mahindra,"Mumbai, Maharashtra",6.9
CAND_0069182,0.6224,0.6568,0.1667,1.0,0.754,Java Developer,Stark Industries,"Bangalore, Karnataka",6.1
CAND_0090716,0.6224,0.6836,0.4167,0.85,0.545,HR Manager,Globex Inc,"Trivandrum, Kerala",6.6
CAND_0040416,0.6224,0.6511,0.1667,0.85,0.914,Frontend Engineer,Stark Industries,"Indore, Madhya Pradesh",8.1
CAND_0084700,0.6224,0.6853,0.25,0.85,0.75,HR Manager,Stark Industries,"Kochi, Kerala",7.8
CAND_0017614,0.6224,0.6865,0.25,0.85,0.748,QA Engineer,Pied Piper,"Kochi, Kerala",5.1
CAND_0020491,0.6224,0.6784,0.0,1.0,0.925,Customer Support,Hooli,"Mumbai, Maharashtra",8.7
CAND_0018659,0.6224,0.6615,0.0833,0.85,1.0,Frontend Engineer,Stark Industries,"Vizag, Andhra Pradesh",6.1
CAND_0074974,0.6224,0.6616,0.0833,0.85,1.0,Operations Manager,Hooli,"Chandigarh, Chandigarh",5.0
CAND_0095874,0.6224,0.6853,0.0,1.0,0.913,HR Manager,Globex Inc,"Delhi, Delhi",8.2
CAND_0047309,0.6224,0.6919,0.0,1.0,0.901,Project Manager,Wayne Enterprises,"Hyderabad, Telangana",6.5
CAND_0059016,0.6224,0.6955,0.0,1.0,0.895,Project Manager,Hooli,"Pune, Maharashtra",6.5
CAND_0048005,0.6224,0.7404,0.1667,1.0,0.608,Senior Data Engineer,Zomato,"Mumbai, Maharashtra",6.8
CAND_0012341,0.6223,0.6748,0.1667,1.0,0.722,Frontend Engineer,Acme Corp,"Hyderabad, Telangana",8.5
CAND_0075157,0.6223,0.6614,0.0833,0.85,1.0,Sales Executive,Hooli,"Coimbatore, Tamil Nadu",7.2
CAND_0026426,0.6223,0.6824,0.1667,0.85,0.859,Analytics Engineer,Nykaa,"Jaipur, Rajasthan",7.9
CAND_0096980,0.6223,0.7027,0.25,0.85,0.719,Business Analyst,Dunder Mifflin,"Chennai, Tamil Nadu",7.9
CAND_0044936,0.6223,0.7206,0.3333,0.85,0.584,Senior Data Engineer,Unacademy,"Vizag, Andhra Pradesh",5.8
CAND_0019685,0.6223,0.693,0.0,1.0,0.899,Accountant,Pied Piper,"Bangalore, Karnataka",8.8
CAND_0097242,0.6223,0.7072,0.0,1.0,0.874,Software Engineer,Stark Industries,"Noida, Uttar Pradesh",8.6
CAND_0092267,0.6222,0.6598,0.0833,1.0,0.852,Java Developer,Wayne Enterprises,"Bangalore, Karnataka",9.0
CAND_0046003,0.6222,0.6457,0.0,1.0,0.981,Full Stack Developer,Wayne Enterprises,"Mumbai, Maharashtra",8.1
CAND_0029863,0.6222,0.6547,0.1667,0.85,0.907,DevOps Engineer,Tech Mahindra,"Bhubaneswar, Odisha",6.1
CAND_0087283,0.6222,0.6788,0.0,1.0,0.923,Civil Engineer,Globex Inc,"Mumbai, Maharashtra",6.3
CAND_0047036,0.6222,0.6982,0.0,1.0,0.889,Graphic Designer,Stark Industries,"Noida, Uttar Pradesh",5.2
CAND_0063984,0.6222,0.706,0.1667,0.85,0.817,Civil Engineer,Initech,"Trivandrum, Kerala",8.1
CAND_0033752,0.6222,0.7258,0.0833,1.0,0.737,Senior Data Engineer,Zoho,"Bangalore, Karnataka",6.2
CAND_0015116,0.6221,0.6591,0.0833,1.0,0.853,Business Analyst,Globex Inc,"Pune, Maharashtra",5.8
CAND_0008616,0.6221,0.6949,0.1667,1.0,0.686,Backend Engineer,PolicyBazaar,"Hyderabad, Telangana",5.5
CAND_0018414,0.6221,0.6613,0.1667,0.85,0.895,Frontend Engineer,Zomato,"Bhubaneswar, Odisha",6.7
CAND_0051441,0.6221,0.6824,0.25,0.85,0.754,Backend Engineer,CRED,"Kolkata, West Bengal",7.8
CAND_0007041,0.6221,0.6734,0.0,1.0,0.932,Cloud Engineer,Flipkart,"Bangalore, Karnataka",9.0
CAND_0065204,0.6221,0.6734,0.0,1.0,0.932,HR Manager,Globex Inc,"Mumbai, Maharashtra",7.3
CAND_0097782,0.6221,0.674,0.0,1.0,0.931,Mechanical Engineer,Wayne Enterprises,"Bangalore, Karnataka",8.6
CAND_0015969,0.6221,0.6607,0.0833,0.85,1.0,Mobile Developer,Dunder Mifflin,"Gurgaon, Haryana",5.5
CAND_0001157,0.6221,0.6905,0.0,1.0,0.902,Sales Executive,Acme Corp,"Hyderabad, Telangana",5.0
CAND_0093888,0.6221,0.6961,0.25,0.8,0.78,HR Manager,Pied Piper,"Pune, Maharashtra",10.5
CAND_0047002,0.6221,0.7065,0.0,1.0,0.874,Customer Support,Globex Inc,"Pune, Maharashtra",7.1
CAND_0056348,0.6221,0.7099,0.0,1.0,0.868,Mechanical Engineer,Acme Corp,"Mumbai, Maharashtra",5.2
CAND_0026734,0.622,0.6431,0.25,1.0,0.672,Mobile Developer,Zomato,"Bangalore, Karnataka",8.7
CAND_0094644,0.622,0.6623,0.0833,1.0,0.847,Customer Support,Stark Industries,"Bangalore, Karnataka",8.4
CAND_0079028,0.622,0.6714,0.0833,1.0,0.831,Sales Executive,Initech,"Mumbai, Maharashtra",9.0
CAND_0021081,0.622,0.6898,0.0833,1.0,0.799,Mechanical Engineer,Pied Piper,"Pune, Maharashtra",8.5
CAND_0007487,0.622,0.6744,0.0,1.0,0.93,Accountant,Hooli,"Bangalore, Karnataka",6.5
CAND_0006756,0.622,0.6915,0.0833,1.0,0.796,QA Engineer,Swiggy,"Bangalore, Karnataka",5.4
CAND_0028226,0.622,0.6749,0.0,1.0,0.929,Software Engineer,Acme Corp,"Pune, Maharashtra",6.1
CAND_0068876,0.6219,0.6397,0.0833,1.0,0.886,Java Developer,HCL,"Pune, Maharashtra",5.2
CAND_0008362,0.6219,0.6569,0.0833,1.0,0.856,Full Stack Developer,Mphasis,"Bangalore, Karnataka",5.6
CAND_0091423,0.6219,0.667,0.0833,1.0,0.838,Java Developer,Mphasis,"Noida, Uttar Pradesh",7.9
CAND_0019827,0.6219,0.6603,0.0833,0.85,1.0,Full Stack Developer,Mindtree,"Gurgaon, Haryana",7.4
CAND_0089524,0.6219,0.6821,0.0,1.0,0.916,Software Engineer,Swiggy,"Hyderabad, Telangana",7.9
CAND_0045074,0.6219,0.6857,0.1667,0.85,0.851,Software Engineer,CRED,"Ahmedabad, Gujarat",7.5
CAND_0047234,0.6219,0.6889,0.0,1.0,0.904,Civil Engineer,Stark Industries,"Pune, Maharashtra",8.3
CAND_0028692,0.6219,0.6973,0.0,1.0,0.889,Mechanical Engineer,Hooli,"Pune, Maharashtra",5.0
CAND_0018847,0.6219,0.7071,0.0,1.0,0.872,Customer Support,Pied Piper,"Noida, Uttar Pradesh",8.2
CAND_0087526,0.6218,0.6565,0.0833,1.0,0.856,Full Stack Developer,Initech,"Mumbai, Maharashtra",5.7
CAND_0068530,0.6218,0.6433,0.1667,0.85,0.925,Mobile Developer,Initech,"Gurgaon, Haryana",8.0
CAND_0027298,0.6218,0.6632,0.1667,0.85,0.89,Frontend Engineer,Initech,"Bhubaneswar, Odisha",8.4
CAND_0010745,0.6218,0.6821,0.0833,1.0,0.811,Customer Support,Acme Corp,"Delhi, Delhi",8.9
CAND_0081329,0.6218,0.6905,0.3333,0.8,0.684,HR Manager,Initech,"Bangalore, Karnataka",10.4
CAND_0013290,0.6218,0.6783,0.0,1.0,0.922,Accountant,Globex Inc,"Noida, Uttar Pradesh",5.3
CAND_0048293,0.6218,0.6903,0.0,1.0,0.901,Graphic Designer,Wayne Enterprises,"Hyderabad, Telangana",6.7
CAND_0035625,0.6218,0.6765,0.0833,0.85,0.971,.NET Developer,Razorpay,"Jaipur, Rajasthan",5.7
CAND_0042178,0.6218,0.6972,0.0,1.0,0.889,Customer Support,Acme Corp,"Mumbai, Maharashtra",7.3
CAND_0034222,0.6218,0.7156,0.4167,0.7,0.636,HR Manager,Initech,San Francisco,6.8
CAND_0058409,0.6218,0.6921,0.0833,0.85,0.944,Backend Engineer,Mindtree,"Coimbatore, Tamil Nadu",7.2
CAND_0036591,0.6217,0.6884,0.4167,0.85,0.533,Operations Manager,Initech,"Chennai, Tamil Nadu",8.5
CAND_0076379,0.6217,0.6791,0.0833,1.0,0.816,Data Analyst,Paytm,"Bangalore, Karnataka",5.6
CAND_0041644,0.6217,0.6595,0.0833,0.85,1.0,Frontend Engineer,Pied Piper,"Chennai, Tamil Nadu",8.9
CAND_0088363,0.6216,0.6888,0.25,1.0,0.59,Marketing Manager,Acme Corp,"Mumbai, Maharashtra",7.3
CAND_0037784,0.6216,0.6746,0.1667,1.0,0.719,Cloud Engineer,CRED,"Hyderabad, Telangana",5.9
CAND_0034007,0.6216,0.6445,0.0,1.0,0.98,Operations Manager,Initech,"Delhi, Delhi",7.3
CAND_0073686,0.6216,0.6657,0.0833,1.0,0.839,Marketing Manager,Wayne Enterprises,"Pune, Maharashtra",5.1
CAND_0032084,0.6216,0.6893,0.3333,0.85,0.635,.NET Developer,HCL,"Bhubaneswar, Odisha",5.0
CAND_0095736,0.6216,0.6606,0.0,1.0,0.952,Cloud Engineer,Razorpay,"Noida, Uttar Pradesh",6.1
CAND_0067839,0.6216,0.661,0.1667,0.85,0.893,Frontend Engineer,Flipkart,"Trivandrum, Kerala",6.6
CAND_0067061,0.6216,0.6634,0.0,1.0,0.947,Sales Executive,Initech,"Noida, Uttar Pradesh",6.5
CAND_0056080,0.6216,0.6644,0.1667,0.8,0.937,Data Analyst,Mindtree,"Noida, Uttar Pradesh",4.1
CAND_0026589,0.6216,0.6594,0.0833,0.85,1.0,Mobile Developer,Acme Corp,"Chandigarh, Chandigarh",7.2
CAND_0038598,0.6215,0.671,0.0833,1.0,0.829,DevOps Engineer,Mindtree,"Pune, Maharashtra",5.6
CAND_0056055,0.6215,0.6887,0.0833,1.0,0.798,Operations Manager,Hooli,"Bangalore, Karnataka",6.4
CAND_0071408,0.6215,0.7063,0.3333,0.85,0.605,Graphic Designer,Hooli,"Ahmedabad, Gujarat",7.9
CAND_0069112,0.6215,0.7259,0.1667,1.0,0.629,Accountant,Wayne Enterprises,"Bangalore, Karnataka",8.7
CAND_0073603,0.6214,0.682,0.1667,1.0,0.705,Backend Engineer,Unacademy,"Pune, Maharashtra",7.4
CAND_0072907,0.6214,0.6656,0.0833,1.0,0.838,Frontend Engineer,Wayne Enterprises,"Pune, Maharashtra",8.0
CAND_0070896,0.6214,0.6537,0.0,1.0,0.963,Java Developer,Initech,"Mumbai, Maharashtra",8.8
CAND_0026870,0.6214,0.6721,0.0,1.0,0.931,Operations Manager,Initech,"Bangalore, Karnataka",8.5
CAND_0032378,0.6214,0.6926,0.0,1.0,0.895,Customer Support,Hooli,"Pune, Maharashtra",8.3
CAND_0013021,0.6214,0.7006,0.0,1.0,0.881,Senior Data Engineer,Mindtree,"Delhi, Delhi",7.8
CAND_0000203,0.6214,0.6721,0.4167,0.5,0.91,Operations Manager,Wayne Enterprises,Sydney,4.0
CAND_0005981,0.6214,0.702,0.1667,0.85,0.82,Project Manager,Acme Corp,"Jaipur, Rajasthan",6.3
CAND_0092629,0.6214,0.6878,0.0833,0.85,0.949,Software Engineer,Tech Mahindra,"Chandigarh, Chandigarh",6.6
CAND_0035471,0.6213,0.6483,0.0833,1.0,0.868,Mobile Developer,HCL,"Pune, Maharashtra",9.0
CAND_0082921,0.6213,0.6612,0.25,0.85,0.787,Analytics Engineer,Stark Industries,"Kolkata, West Bengal",7.9
CAND_0030479,0.6213,0.6829,0.3333,0.85,0.645,.NET Developer,CRED,"Bhubaneswar, Odisha",6.3
CAND_0003912,0.6213,0.6606,0.1667,0.85,0.892,.NET Developer,Acme Corp,"Kolkata, West Bengal",7.2
CAND_0070276,0.6213,0.673,0.0,1.0,0.929,Civil Engineer,Initech,"Bangalore, Karnataka",7.6
CAND_0019035,0.6213,0.6904,0.0,1.0,0.898,Project Manager,Globex Inc,"Bangalore, Karnataka",6.8
CAND_0086179,0.6213,0.7071,0.0,1.0,0.869,Civil Engineer,Initech,"Delhi, Delhi",5.7
CAND_0044642,0.6212,0.6752,0.1667,1.0,0.716,Cloud Engineer,Mindtree,"Noida, Uttar Pradesh",7.1
CAND_0009654,0.6212,0.6782,0.0,1.0,0.919,Software Engineer,CRED,"Bangalore, Karnataka",8.1
CAND_0021463,0.6212,0.7173,0.3333,0.85,0.584,Content Writer,Acme Corp,"Kochi, Kerala",7.4
CAND_0004567,0.6212,0.7052,0.4167,0.7,0.651,Project Manager,Dunder Mifflin,New York,8.4
CAND_0096184,0.6212,0.6759,0.0833,0.85,0.969,Civil Engineer,Wayne Enterprises,"Indore, Madhya Pradesh",8.1
CAND_0071635,0.6212,0.6972,0.0,1.0,0.886,Software Engineer,HCL,"Noida, Uttar Pradesh",5.6
CAND_0047927,0.6212,0.6903,0.0833,0.85,0.944,Accountant,Pied Piper,"Indore, Madhya Pradesh",7.9
CAND_0092961,0.6211,0.6674,0.25,0.85,0.775,Software Engineer,Paytm,"Jaipur, Rajasthan",7.8
CAND_0032836,0.6211,0.6758,0.0833,1.0,0.819,Sales Executive,Dunder Mifflin,"Mumbai, Maharashtra",5.5
CAND_0024928,0.6211,0.6579,0.0833,0.85,1.0,DevOps Engineer,Zomato,"Ahmedabad, Gujarat",5.6
CAND_0040160,0.6211,0.6921,0.0833,1.0,0.79,Civil Engineer,Wayne Enterprises,"Bangalore, Karnataka",8.4
CAND_0094572,0.6211,0.6578,0.0833,0.85,1.0,Data Analyst,Dunder Mifflin,"Gurgaon, Haryana",6.6
CAND_0015068,0.6211,0.678,0.0,1.0,0.919,Business Analyst,Pied Piper,"Mumbai, Maharashtra",6.9
CAND_0010210,0.6211,0.6815,0.0,1.0,0.913,Marketing Manager,Globex Inc,"Delhi, Delhi",5.8
CAND_0006629,0.6211,0.7055,0.4167,0.7,0.65,Sales Executive,Globex Inc,Dubai,5.2
CAND_0035113,0.6211,0.7048,0.4167,0.65,0.701,Operations Manager,Stark Industries,"Jaipur, Rajasthan",4.6
CAND_0089087,0.621,0.6529,0.1667,1.0,0.754,Java Developer,Hooli,"Bangalore, Karnataka",8.8
CAND_0098766,0.621,0.6664,0.3333,0.8,0.722,Marketing Manager,Stark Industries,"Hyderabad, Telangana",4.7
CAND_0052100,0.621,0.6808,0.3333,0.85,0.647,Civil Engineer,Wayne Enterprises,"Jaipur, Rajasthan",6.8
CAND_0020411,0.621,0.6725,0.0,1.0,0.928,Graphic Designer,Globex Inc,"Mumbai, Maharashtra",5.6
CAND_0011552,0.621,0.6577,0.0833,0.85,1.0,Java Developer,Hooli,"Chandigarh, Chandigarh",5.1
CAND_0094338,0.621,0.6577,0.0833,0.85,1.0,.NET Developer,Tech Mahindra,"Chennai, Tamil Nadu",8.4
CAND_0072559,0.621,0.6793,0.0,1.0,0.916,Customer Support,Wayne Enterprises,"Pune, Maharashtra",7.2
CAND_0058715,0.621,0.6898,0.0833,0.85,0.944,Software Engineer,Pied Piper,"Indore, Madhya Pradesh",5.5
CAND_0012192,0.6209,0.642,0.0833,1.0,0.877,DevOps Engineer,CRED,"Bangalore, Karnataka",8.2
CAND_0086630,0.6209,0.662,0.0,1.0,0.946,Frontend Engineer,Stark Industries,"Pune, Maharashtra",7.2
CAND_0044730,0.6209,0.6629,0.1667,0.85,0.886,DevOps Engineer,Stark Industries,"Kolkata, West Bengal",5.4
CAND_0026761,0.6209,0.6741,0.0,1.0,0.925,Civil Engineer,Hooli,"Delhi, Delhi",7.4
CAND_0091708,0.6209,0.6573,0.0833,0.85,1.0,Full Stack Developer,Stark Industries,"Kochi, Kerala",8.3
CAND_0010815,0.6209,0.6799,0.3333,0.7,0.798,Business Analyst,Wayne Enterprises,Singapore,6.9
CAND_0037372,0.6209,0.686,0.0,1.0,0.904,Project Manager,Pied Piper,"Delhi, Delhi",6.3
CAND_0004829,0.6209,0.6928,0.0,1.0,0.892,Business Analyst,Pied Piper,"Hyderabad, Telangana",8.0
CAND_0090083,0.6209,0.6973,0.1667,0.85,0.826,Analytics Engineer,upGrad,"Coimbatore, Tamil Nadu",6.5
CAND_0095536,0.6208,0.6757,0.1667,1.0,0.713,QA Engineer,Stark Industries,"Noida, Uttar Pradesh",6.8
CAND_0044282,0.6208,0.6732,0.0,1.0,0.926,Customer Support,Wayne Enterprises,"Noida, Uttar Pradesh",8.3
CAND_0024810,0.6208,0.657,0.0833,0.85,1.0,Mobile Developer,Pied Piper,"Ahmedabad, Gujarat",5.5
CAND_0088389,0.6208,0.6907,0.0,1.0,0.895,QA Engineer,Zomato,"Delhi, Delhi",7.9
CAND_0089735,0.6207,0.6549,0.1667,1.0,0.749,Mobile Developer,Hooli,"Bangalore, Karnataka",9.0
CAND_0025263,0.6207,0.6641,0.0833,1.0,0.837,Data Analyst,Meesho,"Bangalore, Karnataka",7.4
CAND_0051196,0.6207,0.6683,0.0833,1.0,0.83,Cloud Engineer,Initech,"Hyderabad, Telangana",7.6
CAND_0004275,0.6207,0.6563,0.0,1.0,0.955,Mobile Developer,Zomato,"Delhi, Delhi",6.5
CAND_0087088,0.6207,0.6592,0.0,1.0,0.95,Sales Executive,Initech,"Mumbai, Maharashtra",5.0
CAND_0078227,0.6207,0.665,0.0,1.0,0.94,.NET Developer,Razorpay,"Hyderabad, Telangana",6.8
CAND_0023186,0.6207,0.6569,0.0833,0.85,1.0,Full Stack Developer,Dunder Mifflin,"Bhubaneswar, Odisha",6.1
CAND_0054441,0.6207,0.6568,0.0833,0.85,1.0,Java Developer,Razorpay,"Ahmedabad, Gujarat",7.9
CAND_0089769,0.6207,0.6569,0.0833,0.85,1.0,Cloud Engineer,Stark Industries,"Bhubaneswar, Odisha",5.0
CAND_0029034,0.6207,0.6802,0.0,1.0,0.913,Civil Engineer,Dunder Mifflin,"Hyderabad, Telangana",5.9
CAND_0061173,0.6207,0.6815,0.0,1.0,0.911,HR Manager,Stark Industries,"Hyderabad, Telangana",5.8
CAND_0034871,0.6207,0.6915,0.1667,0.85,0.835,Civil Engineer,Initech,"Gurgaon, Haryana",8.4
CAND_0058956,0.6206,0.6529,0.0833,1.0,0.856,Cloud Engineer,Zomato,"Hyderabad, Telangana",6.9
CAND_0090238,0.6206,0.6698,0.0,1.0,0.931,Accountant,Initech,"Hyderabad, Telangana",5.1
CAND_0020317,0.6206,0.6723,0.1667,0.85,0.868,Cloud Engineer,Mindtree,"Indore, Madhya Pradesh",8.1
CAND_0080868,0.6206,0.7012,0.3333,0.8,0.659,Civil Engineer,Initech,"Bangalore, Karnataka",4.8
CAND_0090518,0.6206,0.6879,0.0,1.0,0.899,HR Manager,Globex Inc,"Pune, Maharashtra",5.7
CAND_0088045,0.6205,0.6733,0.1667,1.0,0.716,Cloud Engineer,Pied Piper,"Hyderabad, Telangana",6.2
CAND_0037345,0.6205,0.6558,0.0,1.0,0.955,.NET Developer,Globex Inc,"Hyderabad, Telangana",8.5
CAND_0079369,0.6205,0.682,0.0833,1.0,0.805,.NET Developer,Globex Inc,"Mumbai, Maharashtra",7.0
CAND_0093394,0.6205,0.6846,0.1667,0.85,0.846,QA Engineer,Razorpay,"Gurgaon, Haryana",8.0
CAND_0062937,0.6205,0.7045,0.25,0.85,0.707,Senior Data Engineer,Paytm,"Gurgaon, Haryana",6.1
CAND_0093539,0.6205,0.7045,0.25,0.85,0.707,Customer Support,Dunder Mifflin,"Ahmedabad, Gujarat",7.3
CAND_0056504,0.6204,0.6763,0.1667,1.0,0.71,Frontend Engineer,Acme Corp,"Noida, Uttar Pradesh",5.4
CAND_0065414,0.6204,0.667,0.0,1.0,0.935,HR Manager,Acme Corp,"Mumbai, Maharashtra",7.3
CAND_0079193,0.6204,0.6692,0.0,1.0,0.931,Sales Executive,Globex Inc,"Bangalore, Karnataka",6.9
CAND_0095925,0.6204,0.6692,0.0,1.0,0.931,Backend Engineer,PolicyBazaar,"Noida, Uttar Pradesh",6.1
CAND_0072591,0.6204,0.656,0.0833,0.85,1.0,.NET Developer,Tech Mahindra,"Kolkata, West Bengal",6.1
CAND_0030850,0.6204,0.6761,0.0,1.0,0.919,Software Engineer,Dunder Mifflin,"Delhi, Delhi",8.7
CAND_0098383,0.6204,0.6588,0.0833,0.85,0.995,Operations Manager,Hooli,"Ahmedabad, Gujarat",8.4
CAND_0011101,0.6204,0.6875,0.0,1.0,0.899,Software Engineer,Zomato,"Bangalore, Karnataka",5.1
CAND_0043671,0.6204,0.6866,0.1667,0.8,0.892,Graphic Designer,Pied Piper,"Hyderabad, Telangana",10.3
CAND_0084116,0.6204,0.6856,0.0833,0.85,0.948,Sales Executive,Dunder Mifflin,"Bhubaneswar, Odisha",9.0
CAND_0094101,0.6203,0.6555,0.0833,1.0,0.85,DevOps Engineer,Initech,"Pune, Maharashtra",9.0
CAND_0012076,0.6203,0.6648,0.0833,1.0,0.834,Full Stack Developer,Acme Corp,"Noida, Uttar Pradesh",7.4
CAND_0020523,0.6203,0.6494,0.0,1.0,0.965,Full Stack Developer,HCL,"Bangalore, Karnataka",7.6
CAND_0068046,0.6203,0.6654,0.0,1.0,0.937,.NET Developer,Stark Industries,"Pune, Maharashtra",5.3
CAND_0025632,0.6203,0.7044,0.3333,0.85,0.602,Project Manager,Wayne Enterprises,"Chennai, Tamil Nadu",6.1
CAND_0020033,0.6203,0.6756,0.0,1.0,0.919,Accountant,Acme Corp,"Noida, Uttar Pradesh",8.6
CAND_0047012,0.6203,0.6787,0.0,1.0,0.914,Accountant,Dunder Mifflin,"Mumbai, Maharashtra",5.0
CAND_0065136,0.6203,0.6809,0.0,1.0,0.91,Customer Support,Wayne Enterprises,"Mumbai, Maharashtra",6.4
CAND_0094938,0.6203,0.6825,0.0,1.0,0.907,Frontend Engineer,Acme Corp,"Delhi, Delhi",5.3
CAND_0006275,0.6203,0.6689,0.0833,0.85,0.977,Accountant,Initech,"Kolkata, West Bengal",6.8
CAND_0083238,0.6203,0.7054,0.0833,1.0,0.763,Mechanical Engineer,Globex Inc,"Bangalore, Karnataka",5.8
CAND_0010059,0.6203,0.694,0.0,1.0,0.887,Content Writer,Initech,"Bangalore, Karnataka",7.2
CAND_0025403,0.6203,0.698,0.0,1.0,0.88,Project Manager,Hooli,"Noida, Uttar Pradesh",5.1
CAND_0084844,0.6203,0.7337,0.3333,0.85,0.551,Mechanical Engineer,Pied Piper,"Kolkata, West Bengal",6.4
CAND_0029645,0.6202,0.6332,0.0,1.0,0.993,Accountant,Initech,"Hyderabad, Telangana",8.4
CAND_0059945,0.6202,0.6491,0.1667,0.85,0.907,Full Stack Developer,Pied Piper,"Jaipur, Rajasthan",5.8
CAND_0003743,0.6202,0.6743,0.0833,1.0,0.817,Software Engineer,Zomato,"Hyderabad, Telangana",5.5
CAND_0082176,0.6202,0.6647,0.0,1.0,0.938,Customer Support,Initech,"Noida, Uttar Pradesh",8.3
CAND_0041855,0.6202,0.6704,0.0,1.0,0.928,Sales Executive,Stark Industries,"Mumbai, Maharashtra",8.1
CAND_0092210,0.6202,0.6554,0.0833,0.85,1.0,Full Stack Developer,Initech,"Indore, Madhya Pradesh",5.6
CAND_0037961,0.6202,0.672,0.4167,0.6,0.804,Accountant,Initech,"Pune, Maharashtra",1.1
CAND_0090464,0.6202,0.6739,0.25,0.65,0.959,Cloud Engineer,Razorpay,"Bhubaneswar, Odisha",9.3
CAND_0046624,0.6201,0.6485,0.25,1.0,0.653,Full Stack Developer,Razorpay,"Bangalore, Karnataka",6.1
CAND_0099817,0.6201,0.6644,0.0,1.0,0.938,Marketing Manager,Pied Piper,"Mumbai, Maharashtra",6.6
CAND_0022151,0.6201,0.6734,0.0,1.0,0.922,Customer Support,Hooli,"Hyderabad, Telangana",6.0
CAND_0064421,0.6201,0.6608,0.0833,0.85,0.99,.NET Developer,Hooli,"Coimbatore, Tamil Nadu",6.5
CAND_0020227,0.6201,0.6821,0.0,1.0,0.907,Software Engineer,Acme Corp,"Hyderabad, Telangana",5.8
CAND_0070284,0.6201,0.6854,0.0,1.0,0.901,QA Engineer,Tech Mahindra,"Mumbai, Maharashtra",5.0
CAND_0079998,0.6201,0.6887,0.0,1.0,0.895,Sales Executive,Wayne Enterprises,"Bangalore, Karnataka",5.2
CAND_0042264,0.6201,0.6905,0.0,1.0,0.892,Customer Support,Hooli,"Delhi, Delhi",5.4
CAND_0077332,0.6201,0.6905,0.0,1.0,0.892,Operations Manager,Acme Corp,"Noida, Uttar Pradesh",6.7
CAND_0076053,0.6201,0.699,0.0,1.0,0.877,QA Engineer,Wayne Enterprises,"Pune, Maharashtra",8.0
CAND_0003022,0.62,0.6428,0.0,1.0,0.975,Data Analyst,CRED,"Bangalore, Karnataka",7.1
CAND_0033012,0.62,0.6634,0.0833,1.0,0.835,Marketing Manager,Hooli,"Delhi, Delhi",8.3
CAND_0099234,0.62,0.6649,0.0833,1.0,0.832,.NET Developer,Flipkart,"Delhi, Delhi",6.4
CAND_0073941,0.62,0.6677,0.25,0.85,0.769,Software Engineer,Globex Inc,"Indore, Madhya Pradesh",8.9
CAND_0075161,0.62,0.6737,0.0833,1.0,0.817,Civil Engineer,Globex Inc,"Noida, Uttar Pradesh",5.0
CAND_0021357,0.62,0.6787,0.0833,1.0,0.808,Backend Engineer,HCL,"Hyderabad, Telangana",6.4
CAND_0052746,0.62,0.6861,0.25,0.85,0.737,Mobile Developer,Zomato,"Jaipur, Rajasthan",7.9
CAND_0069344,0.62,0.6714,0.0,1.0,0.925,Customer Support,Initech,"Mumbai, Maharashtra",6.7
CAND_0049501,0.62,0.6793,0.1667,0.85,0.853,QA Engineer,Zomato,"Kolkata, West Bengal",7.3
CAND_0090379,0.62,0.6886,0.0,1.0,0.895,Mechanical Engineer,Globex Inc,"Pune, Maharashtra",6.2
CAND_0037710,0.62,0.6936,0.0,1.0,0.886,Accountant,Dunder Mifflin,"Hyderabad, Telangana",6.2
CAND_0041454,0.62,0.7311,0.3333,0.85,0.554,Mechanical Engineer,Acme Corp,"Vizag, Andhra Pradesh",6.2
CAND_0061867,0.62,0.7016,0.0,1.0,0.872,Data Engineer,upGrad,"Mumbai, Maharashtra",5.3
CAND_0054254,0.62,0.7039,0.0,1.0,0.868,Marketing Manager,Globex Inc,"Hyderabad, Telangana",5.0
CAND_0040149,0.6199,0.6678,0.0,1.0,0.931,Content Writer,Wayne Enterprises,"Delhi, Delhi",8.1
CAND_0062060,0.6199,0.6728,0.0,1.0,0.922,Mechanical Engineer,Initech,"Pune, Maharashtra",8.1
CAND_0031245,0.6199,0.6775,0.0,1.0,0.914,Customer Support,Dunder Mifflin,"Noida, Uttar Pradesh",5.1
CAND_0028708,0.6199,0.6789,0.1667,0.85,0.853,Data Analyst,Vedantu,"Chennai, Tamil Nadu",7.4
CAND_0049338,0.6199,0.6998,0.0833,1.0,0.771,Mechanical Engineer,Wayne Enterprises,"Hyderabad, Telangana",8.9
CAND_0048222,0.6199,0.7045,0.25,0.85,0.704,Sales Executive,Stark Industries,"Ahmedabad, Gujarat",5.5
CAND_0068009,0.6199,0.6986,0.0,1.0,0.877,Mechanical Engineer,Acme Corp,"Bangalore, Karnataka",7.1
CAND_0016136,0.6199,0.6878,0.3333,0.65,0.829,Mechanical Engineer,Stark Industries,"Indore, Madhya Pradesh",9.1
CAND_0099601,0.6198,0.668,0.0833,1.0,0.826,Frontend Engineer,Stark Industries,"Pune, Maharashtra",8.0
CAND_0028259,0.6198,0.6543,0.0833,0.85,1.0,Mobile Developer,Razorpay,"Coimbatore, Tamil Nadu",6.5
CAND_0089493,0.6198,0.6542,0.0833,0.85,1.0,Civil Engineer,Acme Corp,"Jaipur, Rajasthan",6.1
CAND_0016584,0.6198,0.6725,0.0,1.0,0.922,Full Stack Developer,Acme Corp,"Mumbai, Maharashtra",6.0
CAND_0073375,0.6198,0.6816,0.0833,0.85,0.952,QA Engineer,Razorpay,"Vizag, Andhra Pradesh",5.7
CAND_0013731,0.6198,0.7165,0.0833,1.0,0.741,Civil Engineer,Acme Corp,"Noida, Uttar Pradesh",5.6
CAND_0027401,0.6197,0.6569,0.0833,1.0,0.845,HR Manager,Acme Corp,"Delhi, Delhi",8.5
CAND_0091508,0.6197,0.6489,0.0,1.0,0.963,Business Analyst,Wayne Enterprises,"Noida, Uttar Pradesh",6.1
CAND_0090863,0.6197,0.6778,0.0833,1.0,0.808,QA Engineer,HCL,"Mumbai, Maharashtra",8.3
CAND_0027598,0.6197,0.6844,0.0,1.0,0.901,HR Manager,Dunder Mifflin,"Hyderabad, Telangana",7.9
CAND_0054409,0.6197,0.7087,0.0833,1.0,0.754,Data Engineer,Freshworks,"Mumbai, Maharashtra",7.4
CAND_0034316,0.6197,0.6922,0.1667,0.85,0.829,Software Engineer,Freshworks,"Jaipur, Rajasthan",6.2
CAND_0099426,0.6197,0.6815,0.0833,0.85,0.952,DevOps Engineer,Acme Corp,"Coimbatore, Tamil Nadu",7.8
CAND_0023963,0.6197,0.6855,0.0833,0.85,0.945,Software Engineer,Pied Piper,"Chandigarh, Chandigarh",8.1
CAND_0034302,0.6196,0.6655,0.1667,1.0,0.725,.NET Developer,Dunder Mifflin,"Hyderabad, Telangana",6.1
CAND_0015464,0.6196,0.6468,0.0,1.0,0.966,Java Developer,HCL,"Mumbai, Maharashtra",8.2
CAND_0092090,0.6196,0.6503,0.0,1.0,0.96,Mobile Developer,Acme Corp,"Bangalore, Karnataka",7.1
CAND_0082321,0.6196,0.6582,0.0,1.0,0.946,Full Stack Developer,Initech,"Delhi, Delhi",5.4
CAND_0061764,0.6196,0.6618,0.0,1.0,0.94,Full Stack Developer,HCL,"Mumbai, Maharashtra",7.1
CAND_0006652,0.6196,0.6645,0.0,1.0,0.935,Mobile Developer,Mphasis,"Hyderabad, Telangana",7.8
CAND_0031513,0.6196,0.6536,0.0833,0.85,1.0,Java Developer,CRED,"Trivandrum, Kerala",6.3
CAND_0036381,0.6196,0.6538,0.0833,0.85,1.0,.NET Developer,Pied Piper,"Kochi, Kerala",6.3
CAND_0034241,0.6196,0.6738,0.0,1.0,0.919,Operations Manager,Dunder Mifflin,"Pune, Maharashtra",5.9
CAND_0012714,0.6196,0.6761,0.0,1.0,0.915,Operations Manager,Stark Industries,"Delhi, Delhi",5.9
CAND_0048889,0.6196,0.6772,0.0,1.0,0.913,Software Engineer,Globex Inc,"Bangalore, Karnataka",8.9
CAND_0005125,0.6196,0.7122,0.3333,0.8,0.635,Sales Executive,Globex Inc,"Mumbai, Maharashtra",10.2
CAND_0049757,0.6196,0.6769,0.25,0.7,0.901,Business Analyst,Acme Corp,Seattle,7.8
CAND_0028867,0.6196,0.6995,0.0,1.0,0.874,Project Manager,Initech,"Mumbai, Maharashtra",5.1
CAND_0078752,0.6195,0.6529,0.0,1.0,0.955,Java Developer,Initech,"Delhi, Delhi",5.3
CAND_0028283,0.6195,0.6733,0.0,1.0,0.919,Content Writer,Acme Corp,"Mumbai, Maharashtra",6.3
CAND_0040421,0.6195,0.6871,0.0,1.0,0.895,.NET Developer,Acme Corp,"Pune, Maharashtra",6.2
CAND_0067216,0.6195,0.7045,0.4167,0.7,0.644,Graphic Designer,Dunder Mifflin,Toronto,6.6
CAND_0053575,0.6195,0.6958,0.0,1.0,0.88,Business Analyst,Stark Industries,"Bangalore, Karnataka",7.3
CAND_0023765,0.6194,0.6515,0.0833,1.0,0.853,Mobile Developer,CRED,"Noida, Uttar Pradesh",7.9
CAND_0025076,0.6194,0.6433,0.1667,0.85,0.913,Java Developer,Dunder Mifflin,"Kochi, Kerala",7.1
CAND_0072202,0.6194,0.6537,0.0,1.0,0.953,Marketing Manager,Stark Industries,"Pune, Maharashtra",8.4
CAND_0047902,0.6194,0.6735,0.0833,1.0,0.814,HR Manager,Wayne Enterprises,"Bangalore, Karnataka",8.3
CAND_0052951,0.6194,0.6531,0.0833,0.85,1.0,Accountant,Initech,"Ahmedabad, Gujarat",8.5
CAND_0036689,0.6194,0.6971,0.0,1.0,0.877,Customer Support,Stark Industries,"Hyderabad, Telangana",6.1
CAND_0023366,0.6193,0.675,0.1667,1.0,0.707,Data Engineer,Initech,"Noida, Uttar Pradesh",7.9
CAND_0038135,0.6193,0.6592,0.0,1.0,0.943,Full Stack Developer,Razorpay,"Noida, Uttar Pradesh",8.1
CAND_0062745,0.6193,0.6614,0.0,1.0,0.939,Operations Manager,Acme Corp,"Pune, Maharashtra",7.9
CAND_0007865,0.6193,0.6643,0.0,1.0,0.934,Business Analyst,Stark Industries,"Mumbai, Maharashtra",7.9
CAND_0058467,0.6193,0.6659,0.0,1.0,0.931,Operations Manager,Pied Piper,"Noida, Uttar Pradesh",8.1
CAND_0018547,0.6193,0.6529,0.0833,0.85,1.0,.NET Developer,Swiggy,"Chennai, Tamil Nadu",6.0
CAND_0065998,0.6193,0.6926,0.3333,0.8,0.668,Sales Executive,Wayne Enterprises,"Delhi, Delhi",9.5
CAND_0091957,0.6193,0.6925,0.3333,0.8,0.668,Graphic Designer,Initech,"Delhi, Delhi",11.0
CAND_0049524,0.6193,0.7118,0.3333,0.85,0.584,Content Writer,Pied Piper,"Indore, Madhya Pradesh",6.6
CAND_0091376,0.6193,0.6831,0.0,1.0,0.901,Marketing Manager,Dunder Mifflin,"Bangalore, Karnataka",8.5
CAND_0036035,0.6193,0.6688,0.0833,0.85,0.972,HR Manager,Stark Industries,"Coimbatore, Tamil Nadu",8.2
CAND_0032114,0.6193,0.6899,0.0,1.0,0.889,Content Writer,Globex Inc,"Noida, Uttar Pradesh",8.2
CAND_0005669,0.6193,0.7096,0.25,0.85,0.692,HR Manager,Initech,"Kolkata, West Bengal",6.5
CAND_0079371,0.6193,0.6946,0.0,1.0,0.881,Customer Support,Initech,"Mumbai, Maharashtra",7.6
CAND_0072742,0.6193,0.6968,0.0,1.0,0.877,HR Manager,Globex Inc,"Noida, Uttar Pradesh",6.9
CAND_0074530,0.6192,0.6426,0.1667,1.0,0.763,DevOps Engineer,Swiggy,"Noida, Uttar Pradesh",6.7
CAND_0030856,0.6192,0.6706,0.1667,1.0,0.714,.NET Developer,Tech Mahindra,"Mumbai, Maharashtra",6.1
CAND_0082704,0.6192,0.6562,0.1667,0.85,0.889,Full Stack Developer,Swiggy,"Ahmedabad, Gujarat",9.0
CAND_0081652,0.6192,0.6858,0.0833,1.0,0.792,Accountant,Acme Corp,"Pune, Maharashtra",7.4
CAND_0021527,0.6192,0.6698,0.0,1.0,0.924,Project Manager,Dunder Mifflin,"Noida, Uttar Pradesh",5.8
CAND_0044669,0.6192,0.6526,0.0833,0.85,1.0,Frontend Engineer,Acme Corp,"Chandigarh, Chandigarh",7.8
CAND_0077416,0.6192,0.6701,0.1667,0.85,0.865,Mobile Developer,Zomato,"Coimbatore, Tamil Nadu",7.9
CAND_0032103,0.6192,0.6726,0.0,1.0,0.919,Sales Executive,Hooli,"Mumbai, Maharashtra",7.9
CAND_0051028,0.6192,0.6569,0.0833,0.85,0.992,DevOps Engineer,Globex Inc,"Trivandrum, Kerala",8.7
CAND_0033643,0.6192,0.7089,0.1667,1.0,0.647,Software Engineer,Ola,"Pune, Maharashtra",5.1
CAND_0040630,0.6192,0.6828,0.0,1.0,0.901,Accountant,Globex Inc,"Pune, Maharashtra",5.5
CAND_0035075,0.6192,0.672,0.0833,0.85,0.966,Marketing Manager,Pied Piper,"Trivandrum, Kerala",6.0
CAND_0042637,0.6192,0.706,0.25,0.85,0.698,Sales Executive,Globex Inc,"Trivandrum, Kerala",7.8
CAND_0034206,0.6192,0.6914,0.0,1.0,0.886,Civil Engineer,Globex Inc,"Hyderabad, Telangana",8.6
CAND_0092761,0.6192,0.6915,0.0,1.0,0.886,Project Manager,Dunder Mifflin,"Pune, Maharashtra",7.3
CAND_0048624,0.6192,0.6726,0.4167,0.55,0.848,Operations Manager,TCS,"Coimbatore, Tamil Nadu",5.7
CAND_0081211,0.6192,0.7214,0.3333,0.8,0.617,Graphic Designer,Hooli,"Pune, Maharashtra",10.7
CAND_0097598,0.6192,0.7046,0.4167,0.65,0.692,Civil Engineer,Initech,"Indore, Madhya Pradesh",10.3
CAND_0085081,0.6191,0.6564,0.3333,1.0,0.53,Mobile Developer,Hooli,"Bangalore, Karnataka",6.6
CAND_0020272,0.6191,0.6595,0.0833,1.0,0.837,Frontend Engineer,Swiggy,"Hyderabad, Telangana",6.9
CAND_0042543,0.6191,0.6693,0.0833,1.0,0.82,Cloud Engineer,Mindtree,"Pune, Maharashtra",8.6
CAND_0053964,0.6191,0.6672,0.0,1.0,0.928,Graphic Designer,Globex Inc,"Delhi, Delhi",7.5
CAND_0029485,0.6191,0.6664,0.1667,0.85,0.871,.NET Developer,Stark Industries,"Indore, Madhya Pradesh",6.9
CAND_0037674,0.6191,0.6705,0.0,1.0,0.922,Content Writer,Wayne Enterprises,"Bangalore, Karnataka",8.4
CAND_0012572,0.619,0.6797,0.25,1.0,0.593,Accountant,Wayne Enterprises,"Delhi, Delhi",6.3
CAND_0090012,0.619,0.6496,0.25,0.85,0.796,Full Stack Developer,Hooli,"Trivandrum, Kerala",5.5
CAND_0027011,0.619,0.6518,0.0833,0.85,1.0,Full Stack Developer,Hooli,"Chandigarh, Chandigarh",9.0
CAND_0084948,0.619,0.6519,0.0833,0.85,1.0,Java Developer,Mphasis,"Indore, Madhya Pradesh",8.6
CAND_0069512,0.619,0.672,0.0,1.0,0.919,QA Engineer,Tech Mahindra,"Mumbai, Maharashtra",8.9
CAND_0017563,0.619,0.6737,0.0,1.0,0.916,Content Writer,Initech,"Pune, Maharashtra",6.8
CAND_0038167,0.619,0.6856,0.0,1.0,0.895,Content Writer,Acme Corp,"Pune, Maharashtra",6.2
CAND_0065690,0.619,0.6927,0.0,1.0,0.883,QA Engineer,Acme Corp,"Delhi, Delhi",7.5
CAND_0031151,0.619,0.6993,0.0,1.0,0.871,Project Manager,Stark Industries,"Mumbai, Maharashtra",7.4
CAND_0098719,0.6189,0.6492,0.1667,1.0,0.75,DevOps Engineer,HCL,"Mumbai, Maharashtra",8.2
CAND_0042809,0.6189,0.6907,0.0,1.0,0.886,Business Analyst,Wayne Enterprises,"Pune, Maharashtra",7.4
CAND_0021934,0.6189,0.6733,0.0833,0.85,0.962,Accountant,Pied Piper,"Trivandrum, Kerala",6.4
CAND_0042182,0.6189,0.6924,0.0,1.0,0.883,Marketing Manager,Pied Piper,"Hyderabad, Telangana",6.6
CAND_0076214,0.6189,0.6792,0.0833,0.85,0.952,Software Engineer,Hooli,"Kolkata, West Bengal",7.4
CAND_0081377,0.6188,0.657,0.0833,1.0,0.84,DevOps Engineer,Pied Piper,"Hyderabad, Telangana",6.9
CAND_0063589,0.6188,0.6628,0.0,1.0,0.934,Data Analyst,Dream11,"Bangalore, Karnataka",6.2
CAND_0017842,0.6188,0.672,0.0,1.0,0.918,Graphic Designer,Initech,"Hyderabad, Telangana",5.7
CAND_0043052,0.6188,0.7095,0.25,0.85,0.69,Operations Manager,Pied Piper,"Vizag, Andhra Pradesh",7.4
CAND_0079896,0.6187,0.651,0.0833,1.0,0.85,Data Analyst,Acme Corp,"Hyderabad, Telangana",5.8
CAND_0031186,0.6187,0.6512,0.0833,0.85,1.0,Full Stack Developer,Initech,"Chandigarh, Chandigarh",8.5
CAND_0021616,0.6187,0.7045,0.4167,0.65,0.69,Civil Engineer,Wayne Enterprises,"Chennai, Tamil Nadu",10.2
CAND_0078026,0.6186,0.6473,0.0,1.0,0.96,Mobile Developer,Initech,"Noida, Uttar Pradesh",6.2
CAND_0060792,0.6186,0.6832,0.1667,1.0,0.689,Software Engineer,HCL,"Bangalore, Karnataka",8.4
CAND_0083396,0.6186,0.6474,0.1667,0.8,0.952,Mobile Developer,Hooli,"Bangalore, Karnataka",4.9
CAND_0088297,0.6186,0.66,0.0833,0.85,0.984,.NET Developer,Pied Piper,"Kochi, Kerala",7.9
CAND_0061711,0.6186,0.701,0.0833,1.0,0.762,Business Analyst,Initech,"Hyderabad, Telangana",7.7
CAND_0036601,0.6186,0.6863,0.0,1.0,0.892,Graphic Designer,Initech,"Noida, Uttar Pradesh",7.0
CAND_0082204,0.6186,0.726,0.1667,1.0,0.614,Software Engineer,BYJU'S,"Mumbai, Maharashtra",5.7
CAND_0010700,0.6185,0.651,0.1667,1.0,0.745,Java Developer,CRED,"Hyderabad, Telangana",6.7
CAND_0077024,0.6185,0.6864,0.1667,1.0,0.683,Frontend Engineer,Razorpay,"Bangalore, Karnataka",5.9
CAND_0097521,0.6185,0.6744,0.0833,1.0,0.808,Accountant,Stark Industries,"Pune, Maharashtra",6.1
CAND_0021392,0.6185,0.7029,0.3333,0.85,0.596,Marketing Manager,Initech,"Gurgaon, Haryana",6.4
CAND_0066591,0.6185,0.6496,0.25,0.65,0.993,DevOps Engineer,Razorpay,"Chandigarh, Chandigarh",9.6
CAND_0033657,0.6185,0.6843,0.0,1.0,0.895,Marketing Manager,Stark Industries,"Noida, Uttar Pradesh",8.4
CAND_0046413,0.6185,0.693,0.3333,0.7,0.763,Customer Support,Dunder Mifflin,Toronto,5.9
CAND_0088978,0.6185,0.6955,0.1667,0.85,0.817,Backend Engineer,Zoho,"Chandigarh, Chandigarh",7.8
CAND_0015869,0.6185,0.6979,0.0,1.0,0.871,Data Engineer,Vedantu,"Mumbai, Maharashtra",6.4
CAND_0053450,0.6184,0.7036,0.25,1.0,0.548,Data Engineer,Dunder Mifflin,"Noida, Uttar Pradesh",6.1
CAND_0013146,0.6184,0.6565,0.0,1.0,0.943,DevOps Engineer,Hooli,"Bangalore, Karnataka",5.7
CAND_0003558,0.6184,0.667,0.0,1.0,0.925,.NET Developer,Flipkart,"Pune, Maharashtra",5.0
CAND_0077819,0.6184,0.6502,0.0833,0.85,1.0,Mobile Developer,Acme Corp,"Coimbatore, Tamil Nadu",5.1
CAND_0088258,0.6184,0.6679,0.0,1.0,0.923,Civil Engineer,Initech,"Hyderabad, Telangana",7.1
CAND_0037791,0.6184,0.6756,0.0,1.0,0.91,Content Writer,Stark Industries,"Noida, Uttar Pradesh",6.6
CAND_0054523,0.6184,0.6916,0.25,0.85,0.719,Software Engineer,Acme Corp,"Coimbatore, Tamil Nadu",7.2
CAND_0003480,0.6184,0.6801,0.0,1.0,0.902,Frontend Engineer,Flipkart,"Hyderabad, Telangana",7.2
CAND_0079468,0.6184,0.6807,0.0,1.0,0.901,Software Engineer,Razorpay,"Pune, Maharashtra",5.8
CAND_0037154,0.6184,0.7035,0.3333,0.8,0.644,Marketing Manager,Wayne Enterprises,"Delhi, Delhi",4.0
CAND_0025169,0.6184,0.6776,0.0833,0.85,0.952,Frontend Engineer,Razorpay,"Chandigarh, Chandigarh",6.2
CAND_0020455,0.6183,0.6463,0.1667,1.0,0.752,Mobile Developer,Mindtree,"Delhi, Delhi",7.6
CAND_0026585,0.6183,0.6573,0.25,0.8,0.829,Full Stack Developer,Wayne Enterprises,"Delhi, Delhi",4.1
CAND_0036951,0.6183,0.6648,0.0,1.0,0.928,Project Manager,Initech,"Noida, Uttar Pradesh",9.0
CAND_0094957,0.6183,0.6659,0.1667,0.85,0.868,Data Analyst,Mindtree,"Kochi, Kerala",6.8
CAND_0088854,0.6183,0.7056,0.3333,0.85,0.59,Graphic Designer,Pied Piper,"Chandigarh, Chandigarh",8.6
CAND_0093968,0.6183,0.6795,0.25,0.8,0.79,Accountant,Globex Inc,"Noida, Uttar Pradesh",10.1
CAND_0001582,0.6183,0.6888,0.0,1.0,0.886,Accountant,Wayne Enterprises,"Bangalore, Karnataka",6.8
CAND_0050202,0.6183,0.6734,0.0833,0.85,0.959,Project Manager,Globex Inc,"Chandigarh, Chandigarh",7.1
CAND_0089362,0.6182,0.6856,0.0833,1.0,0.787,Data Engineer,Meesho,"Mumbai, Maharashtra",7.1
CAND_0036635,0.6182,0.7019,0.3333,0.85,0.596,Graphic Designer,Initech,"Jaipur, Rajasthan",7.1
CAND_0039489,0.6182,0.6749,0.0,1.0,0.91,Customer Support,Wayne Enterprises,"Hyderabad, Telangana",7.3
CAND_0009138,0.6182,0.6776,0.0833,0.85,0.951,Frontend Engineer,Mindtree,"Kochi, Kerala",8.3
CAND_0028316,0.6181,0.651,0.1667,1.0,0.743,Full Stack Developer,Dunder Mifflin,"Delhi, Delhi",6.0
CAND_0088506,0.6181,0.6357,0.0833,1.0,0.874,Mobile Developer,Pied Piper,"Noida, Uttar Pradesh",5.0
CAND_0022947,0.6181,0.643,0.1667,0.85,0.907,Mobile Developer,Pied Piper,"Indore, Madhya Pradesh",7.4
CAND_0060313,0.6181,0.6699,0.0833,1.0,0.814,Backend Engineer,PolicyBazaar,"Hyderabad, Telangana",5.7
CAND_0017182,0.6181,0.6609,0.0,1.0,0.934,Cloud Engineer,Mindtree,"Delhi, Delhi",8.0
CAND_0074041,0.6181,0.6665,0.0,1.0,0.924,Graphic Designer,Stark Industries,"Noida, Uttar Pradesh",7.4
CAND_0067110,0.6181,0.6494,0.0833,0.85,1.0,Mobile Developer,Dunder Mifflin,"Kochi, Kerala",8.2
CAND_0041062,0.6181,0.6747,0.0,1.0,0.91,Accountant,Pied Piper,"Delhi, Delhi",6.9
CAND_0090784,0.6181,0.6848,0.0,1.0,0.892,Project Manager,Wayne Enterprises,"Pune, Maharashtra",7.9
CAND_0020896,0.6181,0.6856,0.3333,0.7,0.774,Content Writer,Infosys,"Noida, Uttar Pradesh",8.1
CAND_0066416,0.6181,0.6945,0.1667,0.85,0.817,Data Engineer,HCL,"Kolkata, West Bengal",7.6
CAND_0033142,0.618,0.6495,0.25,1.0,0.641,Full Stack Developer,CRED,"Pune, Maharashtra",6.4
CAND_0058023,0.618,0.6455,0.0833,1.0,0.856,Mobile Developer,Hooli,"Noida, Uttar Pradesh",8.9
CAND_0025644,0.618,0.6707,0.0,1.0,0.916,Content Writer,Pied Piper,"Pune, Maharashtra",5.2
CAND_0013769,0.618,0.6884,0.0833,1.0,0.781,Business Analyst,Wayne Enterprises,"Delhi, Delhi",7.6
CAND_0032986,0.618,0.6952,0.0833,1.0,0.769,Content Writer,Globex Inc,"Delhi, Delhi",5.2
CAND_0015059,0.618,0.6828,0.0,1.0,0.895,Marketing Manager,Initech,"Delhi, Delhi",5.5
CAND_0066041,0.618,0.6748,0.0833,0.85,0.955,Cloud Engineer,Wayne Enterprises,"Kolkata, West Bengal",6.5
CAND_0013199,0.6179,0.6489,0.0833,0.85,1.0,Java Developer,Mphasis,"Kolkata, West Bengal",7.9
CAND_0069808,0.6179,0.6487,0.0833,0.85,1.0,Full Stack Developer,Zomato,"Coimbatore, Tamil Nadu",8.1
CAND_0071932,0.6179,0.6878,0.0,1.0,0.886,Content Writer,Hooli,"Delhi, Delhi",7.5
CAND_0071673,0.6179,0.6869,0.1667,0.85,0.829,Software Engineer,Zomato,"Ahmedabad, Gujarat",6.8
CAND_0030412,0.6179,0.6822,0.3333,0.65,0.829,Content Writer,Dunder Mifflin,"Jaipur, Rajasthan",9.6
CAND_0064083,0.6178,0.6621,0.1667,1.0,0.722,DevOps Engineer,Pied Piper,"Hyderabad, Telangana",7.9
CAND_0088442,0.6178,0.661,0.0833,1.0,0.828,Content Writer,Wayne Enterprises,"Noida, Uttar Pradesh",6.6
CAND_0017187,0.6178,0.6657,0.0833,1.0,0.82,.NET Developer,Initech,"Delhi, Delhi",7.1
CAND_0017183,0.6178,0.6776,0.0833,1.0,0.799,Project Manager,Dunder Mifflin,"Pune, Maharashtra",7.8
CAND_0055610,0.6178,0.6626,0.1667,0.85,0.871,Frontend Engineer,Mphasis,"Kochi, Kerala",7.4
CAND_0083481,0.6178,0.6485,0.0833,0.85,1.0,Java Developer,Initech,"Coimbatore, Tamil Nadu",8.2
CAND_0073783,0.6178,0.6686,0.0,1.0,0.919,.NET Developer,Pied Piper,"Bangalore, Karnataka",7.7
CAND_0087816,0.6178,0.6888,0.25,0.85,0.721,Marketing Manager,Pied Piper,"Jaipur, Rajasthan",6.1
CAND_0084807,0.6178,0.6816,0.1667,0.85,0.838,Software Engineer,CRED,"Vizag, Andhra Pradesh",5.4
CAND_0015942,0.6178,0.6702,0.0833,0.85,0.962,Data Analyst,Initech,"Gurgaon, Haryana",6.3
CAND_0009266,0.6177,0.628,0.1667,1.0,0.781,Mobile Developer,Swiggy,"Hyderabad, Telangana",8.5
CAND_0039020,0.6177,0.6517,0.0833,1.0,0.844,Java Developer,Pied Piper,"Delhi, Delhi",7.1
CAND_0034069,0.6177,0.6564,0.0,1.0,0.94,Full Stack Developer,Stark Industries,"Pune, Maharashtra",9.0
CAND_0002216,0.6177,0.6667,0.0,1.0,0.922,Graphic Designer,Initech,"Bangalore, Karnataka",6.6
CAND_0079267,0.6177,0.691,0.0833,1.0,0.775,Cloud Engineer,Acme Corp,"Mumbai, Maharashtra",7.0
CAND_0032269,0.6177,0.6579,0.0833,0.85,0.983,Graphic Designer,Globex Inc,"Gurgaon, Haryana",5.8
CAND_0007896,0.6177,0.6899,0.1667,0.85,0.823,Data Engineer,Razorpay,"Vizag, Andhra Pradesh",6.0
CAND_0073769,0.6177,0.6956,0.0,1.0,0.871,HR Manager,Acme Corp,"Pune, Maharashtra",5.7
CAND_0050121,0.6176,0.6825,0.25,1.0,0.581,Operations Manager,Dunder Mifflin,"Delhi, Delhi",5.5
CAND_0004754,0.6176,0.67,0.1667,1.0,0.707,Java Developer,CRED,"Noida, Uttar Pradesh",6.8
CAND_0085888,0.6176,0.6566,0.0833,1.0,0.835,DevOps Engineer,Globex Inc,"Mumbai, Maharashtra",9.0
CAND_0035107,0.6176,0.6416,0.1667,0.85,0.907,Full Stack Developer,Dunder Mifflin,"Kolkata, West Bengal",5.9
CAND_0016256,0.6176,0.6865,0.3333,0.85,0.62,Graphic Designer,Globex Inc,"Kolkata, West Bengal",6.3
CAND_0080558,0.6176,0.6486,0.0833,0.85,0.999,Business Analyst,Wayne Enterprises,"Chandigarh, Chandigarh",7.5
CAND_0089146,0.6176,0.6825,0.25,0.85,0.731,Cloud Engineer,Pied Piper,"Jaipur, Rajasthan",6.5
CAND_0051612,0.6176,0.6542,0.0833,0.85,0.989,Marketing Manager,Stark Industries,"Ahmedabad, Gujarat",5.6
CAND_0028324,0.6176,0.6732,0.0,1.0,0.91,Sales Executive,Initech,"Pune, Maharashtra",6.8
CAND_0023452,0.6176,0.6783,0.0,1.0,0.901,Software Engineer,Razorpay,"Pune, Maharashtra",7.1
CAND_0080981,0.6176,0.6782,0.0,1.0,0.901,Marketing Manager,Globex Inc,"Delhi, Delhi",6.5
CAND_0061515,0.6176,0.6732,0.0833,0.85,0.956,Frontend Engineer,HCL,"Trivandrum, Kerala",7.3
CAND_0006971,0.6176,0.6939,0.0,1.0,0.874,Graphic Designer,Pied Piper,"Hyderabad, Telangana",8.9
CAND_0089751,0.6176,0.6795,0.0833,0.85,0.945,.NET Developer,Flipkart,"Kochi, Kerala",5.9
CAND_0067158,0.6176,0.697,0.0,1.0,0.868,Business Analyst,Wayne Enterprises,"Pune, Maharashtra",5.2
CAND_0096414,0.6175,0.6596,0.1667,1.0,0.725,DevOps Engineer,Pied Piper,"Hyderabad, Telangana",6.0
CAND_0005701,0.6175,0.6785,0.1667,1.0,0.692,Cloud Engineer,Wayne Enterprises,"Delhi, Delhi",6.8
CAND_0037106,0.6175,0.6654,0.0833,1.0,0.819,Cloud Engineer,Swiggy,"Delhi, Delhi",5.6
CAND_0007281,0.6175,0.6666,0.0833,1.0,0.817,Software Engineer,Tech Mahindra,"Mumbai, Maharashtra",6.7
CAND_0003730,0.6175,0.6541,0.0,1.0,0.943,Mobile Developer,Mindtree,"Delhi, Delhi",9.0
CAND_0067060,0.6175,0.6746,0.0,1.0,0.907,Graphic Designer,Globex Inc,"Noida, Uttar Pradesh",8.7
CAND_0056452,0.6175,0.6572,0.25,0.7,0.925,Cloud Engineer,Hooli,Singapore,7.8
CAND_0088008,0.6175,0.6763,0.0,1.0,0.904,Marketing Manager,Hooli,"Hyderabad, Telangana",5.4
CAND_0062960,0.6175,0.6798,0.0,1.0,0.898,Business Analyst,Hooli,"Mumbai, Maharashtra",7.8
CAND_0085826,0.6175,0.6851,0.3333,0.7,0.772,Project Manager,Dunder Mifflin,Singapore,6.2
CAND_0040840,0.6175,0.7047,0.0833,1.0,0.75,Civil Engineer,Acme Corp,"Bangalore, Karnataka",7.5
CAND_0097068,0.6175,0.6768,0.0833,0.85,0.949,.NET Developer,Initech,"Trivandrum, Kerala",8.3
CAND_0026994,0.6174,0.6564,0.1667,1.0,0.73,Full Stack Developer,HCL,"Mumbai, Maharashtra",5.1
CAND_0036969,0.6174,0.6475,0.0833,1.0,0.85,Full Stack Developer,Flipkart,"Mumbai, Maharashtra",5.2
CAND_0014189,0.6174,0.6661,0.0833,1.0,0.817,Cloud Engineer,HCL,"Hyderabad, Telangana",6.7
CAND_0046854,0.6174,0.6605,0.0,1.0,0.931,DevOps Engineer,Mindtree,"Noida, Uttar Pradesh",7.5
CAND_0080986,0.6174,0.6768,0.1667,0.85,0.844,Frontend Engineer,CRED,"Bhubaneswar, Odisha",7.9
CAND_0018093,0.6174,0.679,0.0,1.0,0.899,Graphic Designer,Initech,"Pune, Maharashtra",6.6
CAND_0090614,0.6174,0.6845,0.0,1.0,0.889,Accountant,Stark Industries,"Bangalore, Karnataka",6.8
CAND_0018822,0.6174,0.6863,0.0,1.0,0.886,Sales Executive,Globex Inc,"Bangalore, Karnataka",5.7
CAND_0089198,0.6173,0.6555,0.25,1.0,0.627,Full Stack Developer,Swiggy,"Mumbai, Maharashtra",8.6
CAND_0089819,0.6173,0.6514,0.3333,0.85,0.68,Java Developer,CRED,"Kolkata, West Bengal",6.2
CAND_0085691,0.6173,0.6612,0.0833,1.0,0.825,Mobile Developer,HCL,"Hyderabad, Telangana",6.7
CAND_0058916,0.6173,0.6471,0.0,1.0,0.954,Accountant,Hooli,"Noida, Uttar Pradesh",8.8
CAND_0012844,0.6173,0.6666,0.0833,1.0,0.816,Accountant,Hooli,"Pune, Maharashtra",8.0
CAND_0056184,0.6173,0.6874,0.3333,0.85,0.617,Graphic Designer,Globex Inc,"Indore, Madhya Pradesh",5.8
CAND_0029814,0.6173,0.6555,0.1667,0.85,0.881,Java Developer,Acme Corp,"Kochi, Kerala",8.3
CAND_0005245,0.6173,0.6604,0.0,1.0,0.931,HR Manager,Acme Corp,"Hyderabad, Telangana",8.2
CAND_0063177,0.6173,0.6976,0.3333,0.85,0.599,Civil Engineer,Acme Corp,"Kochi, Kerala",6.3
CAND_0041794,0.6173,0.6684,0.0,1.0,0.917,Mechanical Engineer,Dunder Mifflin,"Delhi, Delhi",7.7
CAND_0097048,0.6173,0.6882,0.0833,1.0,0.778,Cloud Engineer,Tech Mahindra,"Hyderabad, Telangana",7.6
CAND_0044976,0.6173,0.6774,0.0,1.0,0.901,Marketing Manager,Initech,"Hyderabad, Telangana",7.4
CAND_0031422,0.6173,0.6791,0.0,1.0,0.898,Mechanical Engineer,Initech,"Bangalore, Karnataka",6.0
CAND_0022894,0.6173,0.6784,0.1667,0.85,0.841,Data Engineer,Zoho,"Chennai, Tamil Nadu",7.4
CAND_0078918,0.6173,0.7047,0.0833,1.0,0.749,QA Engineer,Flipkart,"Mumbai, Maharashtra",7.4
CAND_0086211,0.6172,0.6449,0.0833,1.0,0.853,DevOps Engineer,Wayne Enterprises,"Hyderabad, Telangana",9.0
CAND_0054419,0.6172,0.6739,0.1667,1.0,0.698,Backend Engineer,HCL,"Delhi, Delhi",5.1
CAND_0050573,0.6172,0.6454,0.1667,0.85,0.898,DevOps Engineer,Swiggy,"Kolkata, West Bengal",6.4
CAND_0073547,0.6172,0.6845,0.0833,1.0,0.784,Frontend Engineer,Hooli,"Mumbai, Maharashtra",5.3
CAND_0062592,0.6172,0.6679,0.0,1.0,0.917,HR Manager,Stark Industries,"Noida, Uttar Pradesh",8.5
CAND_0088984,0.6172,0.6765,0.0,1.0,0.902,Graphic Designer,Stark Industries,"Hyderabad, Telangana",5.5
CAND_0054619,0.6172,0.6857,0.0,1.0,0.886,Business Analyst,Stark Industries,"Noida, Uttar Pradesh",7.7
CAND_0085637,0.6172,0.6857,0.0,1.0,0.886,Business Analyst,Globex Inc,"Pune, Maharashtra",7.4
CAND_0022608,0.6171,0.6568,0.0833,1.0,0.832,Full Stack Developer,CRED,"Noida, Uttar Pradesh",5.9
CAND_0014054,0.6171,0.6666,0.0,1.0,0.919,DevOps Engineer,Tech Mahindra,"Pune, Maharashtra",7.9
CAND_0061602,0.6171,0.6767,0.1667,0.85,0.843,Software Engineer,PharmEasy,"Kochi, Kerala",7.6
CAND_0080961,0.6171,0.6854,0.0,1.0,0.886,Business Analyst,Dunder Mifflin,"Hyderabad, Telangana",6.1
CAND_0058927,0.6171,0.6775,0.0833,0.85,0.946,Cloud Engineer,CRED,"Vizag, Andhra Pradesh",7.7
CAND_0099907,0.617,0.6518,0.1667,1.0,0.736,Java Developer,Acme Corp,"Mumbai, Maharashtra",7.1
CAND_0006592,0.617,0.6634,0.0833,1.0,0.82,Full Stack Developer,Swiggy,"Bangalore, Karnataka",8.1
CAND_0026043,0.617,0.6702,0.0833,1.0,0.808,HR Manager,Dunder Mifflin,"Bangalore, Karnataka",5.3
CAND_0029178,0.617,0.7029,0.0833,1.0,0.751,Data Engineer,PhonePe,"Hyderabad, Telangana",6.0
CAND_0070521,0.617,0.6735,0.0833,0.85,0.952,.NET Developer,CRED,"Coimbatore, Tamil Nadu",7.5
CAND_0028066,0.617,0.6921,0.0,1.0,0.874,QA Engineer,Flipkart,"Pune, Maharashtra",7.3
CAND_0013658,0.6169,0.6476,0.0833,1.0,0.847,DevOps Engineer,HCL,"Delhi, Delhi",5.6
CAND_0062442,0.6169,0.6691,0.1667,1.0,0.705,Frontend Engineer,Stark Industries,"Delhi, Delhi",8.2
CAND_0023907,0.6169,0.6529,0.0833,1.0,0.838,Sales Executive,Wayne Enterprises,"Delhi, Delhi",6.6
CAND_0070974,0.6169,0.6431,0.1667,0.85,0.901,Mobile Developer,Acme Corp,"Chennai, Tamil Nadu",7.2
CAND_0095159,0.6169,0.6531,0.1667,0.85,0.883,Full Stack Developer,Stark Industries,"Gurgaon, Haryana",5.6
CAND_0047289,0.6169,0.6544,0.0,1.0,0.939,.NET Developer,Flipkart,"Hyderabad, Telangana",6.2
CAND_0012620,0.6169,0.6625,0.0,1.0,0.925,HR Manager,Wayne Enterprises,"Pune, Maharashtra",5.6
CAND_0036095,0.6169,0.6568,0.0833,0.85,0.981,Mobile Developer,Mindtree,"Trivandrum, Kerala",8.1
CAND_0028426,0.6169,0.6591,0.0833,0.85,0.977,.NET Developer,Mindtree,"Trivandrum, Kerala",6.8
CAND_0001779,0.6169,0.6895,0.0,1.0,0.878,Operations Manager,Globex Inc,"Pune, Maharashtra",5.8
CAND_0028425,0.6169,0.7113,0.3333,0.8,0.623,Software Engineer,Ola,"Mumbai, Maharashtra",4.8
CAND_0052404,0.6168,0.6881,0.4167,0.7,0.659,Marketing Manager,Dunder Mifflin,Seattle,5.5
CAND_0091710,0.6168,0.6737,0.0,1.0,0.905,DevOps Engineer,Acme Corp,"Pune, Maharashtra",7.6
CAND_0053849,0.6168,0.6777,0.0,1.0,0.898,HR Manager,Globex Inc,"Bangalore, Karnataka",7.3
CAND_0020081,0.6168,0.6862,0.0,1.0,0.883,Content Writer,Dunder Mifflin,"Pune, Maharashtra",8.6
CAND_0018609,0.6168,0.7269,0.3333,0.85,0.545,Project Manager,Hooli,"Indore, Madhya Pradesh",8.4
CAND_0061139,0.6167,0.6488,0.0833,1.0,0.844,Java Developer,Wayne Enterprises,"Noida, Uttar Pradesh",5.8
CAND_0022222,0.6167,0.6648,0.0833,1.0,0.816,.NET Developer,Pied Piper,"Pune, Maharashtra",6.5
CAND_0011114,0.6167,0.6454,0.0833,0.85,1.0,Java Developer,Zomato,"Trivandrum, Kerala",7.0
CAND_0013075,0.6167,0.6655,0.0,1.0,0.919,Cloud Engineer,HCL,"Hyderabad, Telangana",6.8
CAND_0080697,0.6167,0.6887,0.25,0.85,0.716,QA Engineer,CRED,"Chennai, Tamil Nadu",6.2
CAND_0038339,0.6166,0.6481,0.0,1.0,0.949,Java Developer,Dunder Mifflin,"Pune, Maharashtra",8.2
CAND_0042502,0.6166,0.66,0.0,1.0,0.928,Full Stack Developer,CRED,"Hyderabad, Telangana",5.6
CAND_0034653,0.6166,0.6451,0.0833,0.85,1.0,Java Developer,Mphasis,"Indore, Madhya Pradesh",6.2
CAND_0071816,0.6166,0.6449,0.0833,0.85,1.0,Mobile Developer,Acme Corp,"Chandigarh, Chandigarh",8.1
CAND_0087665,0.6166,0.6747,0.25,0.8,0.79,QA Engineer,Hooli,"Pune, Maharashtra",9.3
CAND_0066769,0.6166,0.677,0.0,1.0,0.898,Business Analyst,Pied Piper,"Noida, Uttar Pradesh",5.8
CAND_0009851,0.6166,0.6805,0.0,1.0,0.892,Graphic Designer,Hooli,"Bangalore, Karnataka",8.1
CAND_0049635,0.6165,0.6449,0.0833,0.85,1.0,Mobile Developer,Mphasis,"Coimbatore, Tamil Nadu",7.5
CAND_0060465,0.6165,0.6594,0.1667,0.8,0.92,Data Analyst,InMobi,"Delhi, Delhi",4.5
CAND_0003908,0.6165,0.7049,0.3333,0.8,0.632,Operations Manager,Pied Piper,"Pune, Maharashtra",4.1
CAND_0074231,0.6165,0.6666,0.0833,0.85,0.962,Mobile Developer,Razorpay,"Bhubaneswar, Odisha",5.4
CAND_0003534,0.6165,0.7077,0.0833,1.0,0.74,QA Engineer,Hooli,"Pune, Maharashtra",6.7
CAND_0037467,0.6165,0.674,0.0833,0.85,0.949,.NET Developer,Hooli,"Trivandrum, Kerala",6.3
CAND_0050493,0.6164,0.6579,0.25,1.0,0.618,Graphic Designer,Pied Piper,"Mumbai, Maharashtra",5.6
CAND_0071169,0.6164,0.653,0.0833,1.0,0.835,DevOps Engineer,CRED,"Delhi, Delhi",5.8
CAND_0048891,0.6164,0.6719,0.1667,1.0,0.698,Cloud Engineer,Initech,"Delhi, Delhi",6.2
CAND_0042666,0.6164,0.6444,0.0833,0.85,1.0,Mobile Developer,Mindtree,"Trivandrum, Kerala",5.6
CAND_0062019,0.6164,0.6629,0.0,1.0,0.922,.NET Developer,Hooli,"Hyderabad, Telangana",7.9
CAND_0039202,0.6164,0.6646,0.0,1.0,0.919,Graphic Designer,Acme Corp,"Bangalore, Karnataka",8.7
CAND_0067072,0.6164,0.7009,0.1667,1.0,0.647,Backend Engineer,Acme Corp,"Bangalore, Karnataka",5.9
CAND_0095810,0.6164,0.7004,0.0833,1.0,0.752,QA Engineer,Zomato,"Mumbai, Maharashtra",5.5
CAND_0058421,0.6164,0.6852,0.0,1.0,0.883,Project Manager,Pied Piper,"Mumbai, Maharashtra",6.6
CAND_0010536,0.6163,0.6481,0.25,0.7,0.935,Mobile Developer,Tech Mahindra,Dubai,7.6
CAND_0080238,0.6163,0.6757,0.0,1.0,0.899,Frontend Engineer,Acme Corp,"Pune, Maharashtra",8.9
CAND_0060130,0.6163,0.6781,0.0,1.0,0.895,Graphic Designer,Stark Industries,"Delhi, Delhi",6.6
CAND_0040921,0.6163,0.6994,0.25,0.85,0.695,Senior Data Engineer,Razorpay,"Gurgaon, Haryana",6.4
CAND_0027257,0.6162,0.6568,0.25,0.85,0.769,Frontend Engineer,CRED,"Coimbatore, Tamil Nadu",8.2
CAND_0082893,0.6162,0.6538,0.0,1.0,0.937,Mobile Developer,Acme Corp,"Pune, Maharashtra",6.7
CAND_0029256,0.6162,0.6903,0.0833,1.0,0.769,Project Manager,Globex Inc,"Bangalore, Karnataka",5.8
CAND_0011059,0.6162,0.6776,0.0,1.0,0.895,Frontend Engineer,Tech Mahindra,"Pune, Maharashtra",7.3
CAND_0042685,0.6162,0.6778,0.0,1.0,0.895,.NET Developer,Wayne Enterprises,"Delhi, Delhi",6.6
CAND_0057032,0.6162,0.6793,0.0,1.0,0.892,Marketing Manager,Hooli,"Noida, Uttar Pradesh",8.8
CAND_0010350,0.6162,0.693,0.0,1.0,0.868,Customer Support,Globex Inc,"Hyderabad, Telangana",6.7
CAND_0023873,0.6162,0.6931,0.0,1.0,0.868,Business Analyst,Acme Corp,"Pune, Maharashtra",5.7
CAND_0057335,0.6161,0.6435,0.0833,1.0,0.85,DevOps Engineer,Globex Inc,"Hyderabad, Telangana",7.4
CAND_0078360,0.6161,0.6919,0.25,0.85,0.707,Accountant,Stark Industries,"Bhubaneswar, Odisha",5.5
CAND_0063164,0.6161,0.699,0.0833,1.0,0.753,Business Analyst,Initech,"Mumbai, Maharashtra",5.6
CAND_0008391,0.6161,0.6861,0.0,1.0,0.88,Mechanical Engineer,Hooli,"Hyderabad, Telangana",7.1
CAND_0060809,0.6161,0.6895,0.0,1.0,0.874,Sales Executive,Wayne Enterprises,"Noida, Uttar Pradesh",6.2
CAND_0066898,0.6161,0.693,0.0,1.0,0.868,Project Manager,Pied Piper,"Noida, Uttar Pradesh",8.3
CAND_0012220,0.616,0.6562,0.25,0.85,0.769,Full Stack Developer,Swiggy,"Kolkata, West Bengal",6.7
CAND_0010291,0.616,0.67,0.1667,0.85,0.849,Cloud Engineer,Mphasis,"Trivandrum, Kerala",8.3
CAND_0083443,0.616,0.6637,0.1667,0.8,0.91,Mobile Developer,Razorpay,"Hyderabad, Telangana",9.3
CAND_0008072,0.616,0.6841,0.0,1.0,0.883,Project Manager,Pied Piper,"Noida, Uttar Pradesh",6.2
CAND_0058211,0.6159,0.6772,0.1667,1.0,0.686,Analytics Engineer,Tech Mahindra,"Bangalore, Karnataka",5.8
CAND_0095499,0.6159,0.6635,0.0833,1.0,0.814,.NET Developer,HCL,"Mumbai, Maharashtra",5.9
CAND_0057969,0.6159,0.6738,0.0833,1.0,0.796,Accountant,Stark Industries,"Delhi, Delhi",6.8
CAND_0086798,0.6159,0.6432,0.0833,0.85,1.0,HR Manager,Dunder Mifflin,"Coimbatore, Tamil Nadu",8.5
CAND_0089259,0.6159,0.6813,0.0833,1.0,0.783,Operations Manager,Acme Corp,"Mumbai, Maharashtra",8.5
CAND_0020622,0.6159,0.6649,0.0,1.0,0.916,Marketing Manager,Globex Inc,"Bangalore, Karnataka",8.8
CAND_0059083,0.6159,0.6701,0.0,1.0,0.907,Operations Manager,Globex Inc,"Hyderabad, Telangana",8.1
CAND_0019998,0.6159,0.6747,0.0,1.0,0.899,Project Manager,Pied Piper,"Delhi, Delhi",8.0
CAND_0069601,0.6159,0.6819,0.0,1.0,0.886,Mechanical Engineer,Acme Corp,"Noida, Uttar Pradesh",6.8
CAND_0095759,0.6158,0.6644,0.1667,1.0,0.708,Frontend Engineer,Swiggy,"Pune, Maharashtra",7.6
CAND_0067019,0.6158,0.6531,0.0833,1.0,0.832,Full Stack Developer,Wayne Enterprises,"Bangalore, Karnataka",9.0
CAND_0078461,0.6158,0.6428,0.0833,0.85,1.0,Full Stack Developer,Wayne Enterprises,"Kochi, Kerala",7.8
CAND_0042594,0.6158,0.6553,0.0833,0.85,0.978,Marketing Manager,Wayne Enterprises,"Gurgaon, Haryana",6.8
CAND_0064471,0.6157,0.6562,0.0833,1.0,0.826,DevOps Engineer,Hooli,"Hyderabad, Telangana",7.6
CAND_0021915,0.6157,0.6632,0.0833,1.0,0.814,Cloud Engineer,Razorpay,"Hyderabad, Telangana",8.9
CAND_0041494,0.6157,0.6575,0.0,1.0,0.928,Marketing Manager,Globex Inc,"Bangalore, Karnataka",5.1
CAND_0052312,0.6157,0.6424,0.0833,0.85,1.0,Java Developer,Stark Industries,"Kochi, Kerala",7.1
CAND_0022729,0.6157,0.6796,0.0,1.0,0.889,Marketing Manager,Stark Industries,"Bangalore, Karnataka",6.0
CAND_0033011,0.6157,0.6808,0.0,1.0,0.887,Data Engineer,Vedantu,"Mumbai, Maharashtra",5.3
CAND_0049617,0.6157,0.6831,0.0,1.0,0.883,Software Engineer,Pied Piper,"Noida, Uttar Pradesh",6.2
CAND_0086987,0.6157,0.7002,0.0833,1.0,0.749,Software Engineer,Stark Industries,"Hyderabad, Telangana",5.4
CAND_0088994,0.6157,0.7063,0.25,0.85,0.68,Software Engineer,Globex Inc,"Vizag, Andhra Pradesh",7.4
CAND_0028343,0.6156,0.658,0.1667,0.85,0.868,Cloud Engineer,Dunder Mifflin,"Ahmedabad, Gujarat",6.2
CAND_0096933,0.6156,0.664,0.0,1.0,0.916,Marketing Manager,Hooli,"Delhi, Delhi",6.0
CAND_0012182,0.6156,0.6804,0.1667,0.85,0.829,Cloud Engineer,CRED,"Chennai, Tamil Nadu",5.2
CAND_0069155,0.6155,0.6764,0.25,0.85,0.731,Backend Engineer,PhonePe,"Coimbatore, Tamil Nadu",5.6
CAND_0041391,0.6155,0.6773,0.1667,0.85,0.834,Software Engineer,Dunder Mifflin,"Kochi, Kerala",5.8
CAND_0046727,0.6154,0.648,0.0833,1.0,0.839,Customer Support,Dunder Mifflin,"Hyderabad, Telangana",8.7
CAND_0044240,0.6154,0.6519,0.0833,1.0,0.832,DevOps Engineer,Dunder Mifflin,"Pune, Maharashtra",5.3
CAND_0040008,0.6154,0.6462,0.0,1.0,0.946,Full Stack Developer,Swiggy,"Bangalore, Karnataka",6.6
CAND_0041080,0.6154,0.6455,0.1667,0.85,0.889,Full Stack Developer,Hooli,"Trivandrum, Kerala",6.3
CAND_0006111,0.6154,0.6599,0.0,1.0,0.922,Graphic Designer,Pied Piper,"Noida, Uttar Pradesh",6.6
CAND_0051979,0.6154,0.6731,0.0,1.0,0.899,Content Writer,Acme Corp,"Bangalore, Karnataka",8.1
CAND_0062375,0.6154,0.6754,0.0,1.0,0.895,Sales Executive,Hooli,"Pune, Maharashtra",7.9
CAND_0024174,0.6154,0.689,0.0,1.0,0.871,Frontend Engineer,Acme Corp,"Pune, Maharashtra",6.9
CAND_0000063,0.6153,0.6546,0.0,1.0,0.931,Java Developer,Mphasis,"Delhi, Delhi",5.4
CAND_0028799,0.6152,0.6484,0.1667,0.85,0.883,Mobile Developer,HCL,"Trivandrum, Kerala",5.1
CAND_0009055,0.6152,0.6686,0.0833,1.0,0.802,Civil Engineer,Dunder Mifflin,"Bangalore, Karnataka",8.4
CAND_0051238,0.6152,0.6554,0.0833,0.85,0.975,Java Developer,Pied Piper,"Trivandrum, Kerala",8.5
CAND_0022819,0.6152,0.672,0.0833,0.85,0.946,Data Analyst,BYJU'S,"Gurgaon, Haryana",7.7
CAND_0039539,0.6151,0.6572,0.1667,1.0,0.717,Full Stack Developer,Zomato,"Noida, Uttar Pradesh",8.9
CAND_0095833,0.6151,0.6639,0.3333,0.85,0.647,Frontend Engineer,Wayne Enterprises,"Ahmedabad, Gujarat",8.4
CAND_0022486,0.6151,0.6681,0.1667,1.0,0.698,.NET Developer,Pied Piper,"Hyderabad, Telangana",5.1
CAND_0081278,0.6151,0.6507,0.25,0.85,0.774,Data Analyst,PhonePe,"Ahmedabad, Gujarat",7.3
CAND_0095380,0.6151,0.6652,0.1667,0.85,0.853,.NET Developer,HCL,"Trivandrum, Kerala",8.3
CAND_0052367,0.6151,0.7152,0.3333,0.85,0.557,Mechanical Engineer,Pied Piper,"Jaipur, Rajasthan",5.2
CAND_0040620,0.6151,0.6849,0.0,1.0,0.877,Business Analyst,Dunder Mifflin,"Hyderabad, Telangana",8.4
CAND_0063036,0.6151,0.6858,0.1667,0.85,0.817,Software Engineer,Flipkart,"Indore, Madhya Pradesh",6.0
CAND_0093645,0.615,0.6405,0.0833,0.85,1.0,Full Stack Developer,Swiggy,"Kolkata, West Bengal",7.5
CAND_0089466,0.615,0.6471,0.1667,0.8,0.934,Full Stack Developer,Swiggy,"Pune, Maharashtra",4.1
CAND_0032613,0.615,0.6743,0.0,1.0,0.895,Customer Support,Dunder Mifflin,"Bangalore, Karnataka",6.9
CAND_0060477,0.6149,0.6673,0.0,1.0,0.907,Accountant,Stark Industries,"Hyderabad, Telangana",8.2
CAND_0066672,0.6149,0.6698,0.1667,0.85,0.844,Software Engineer,Razorpay,"Chennai, Tamil Nadu",6.0
CAND_0037759,0.6149,0.6756,0.0,1.0,0.892,Business Analyst,Initech,"Mumbai, Maharashtra",6.9
CAND_0050792,0.6149,0.7002,0.0833,1.0,0.745,Software Engineer,Paytm,"Mumbai, Maharashtra",6.7
CAND_0009515,0.6149,0.6676,0.0833,0.85,0.952,Java Developer,Flipkart,"Bhubaneswar, Odisha",8.8
CAND_0031053,0.6149,0.686,0.0,1.0,0.874,Software Engineer,Swiggy,"Mumbai, Maharashtra",8.3
CAND_0033018,0.6148,0.6566,0.0,1.0,0.925,HR Manager,Dunder Mifflin,"Pune, Maharashtra",6.7
CAND_0029149,0.6148,0.6399,0.0833,0.85,1.0,Java Developer,Pied Piper,"Vizag, Andhra Pradesh",8.4
CAND_0072275,0.6148,0.6609,0.1667,0.85,0.859,Full Stack Developer,Zomato,"Kolkata, West Bengal",6.3
CAND_0073487,0.6148,0.6548,0.0833,0.85,0.974,Full Stack Developer,Tech Mahindra,"Chennai, Tamil Nadu",5.3
CAND_0008423,0.6148,0.6771,0.0,1.0,0.889,Project Manager,Initech,"Bangalore, Karnataka",6.4
CAND_0023046,0.6147,0.6822,0.1667,1.0,0.671,Software Engineer,Globex Inc,"Pune, Maharashtra",9.0
CAND_0024176,0.6147,0.659,0.0,1.0,0.92,.NET Developer,HCL,"Delhi, Delhi",8.0
CAND_0059769,0.6147,0.6769,0.0,1.0,0.889,Project Manager,Acme Corp,"Pune, Maharashtra",5.5
CAND_0005011,0.6147,0.6945,0.0833,1.0,0.754,Data Engineer,BYJU'S,"Hyderabad, Telangana",5.9
CAND_0050149,0.6147,0.6787,0.0,1.0,0.886,Business Analyst,Hooli,"Noida, Uttar Pradesh",7.8
CAND_0039684,0.6147,0.6896,0.25,0.8,0.754,Software Engineer,PharmEasy,"Pune, Maharashtra",4.3
CAND_0014593,0.6147,0.6871,0.0,1.0,0.871,HR Manager,Hooli,"Pune, Maharashtra",6.3
CAND_0057656,0.6147,0.6872,0.0,1.0,0.871,Content Writer,Acme Corp,"Bangalore, Karnataka",6.5
CAND_0012053,0.6146,0.6445,0.1667,0.8,0.937,DevOps Engineer,Tech Mahindra,"Bangalore, Karnataka",9.3
CAND_0095623,0.6146,0.6679,0.0,1.0,0.904,Software Engineer,Flipkart,"Mumbai, Maharashtra",8.7
CAND_0045004,0.6146,0.6536,0.0833,0.85,0.975,Graphic Designer,Dunder Mifflin,"Chennai, Tamil Nadu",7.1
CAND_0038420,0.6146,0.6795,0.0,1.0,0.884,Graphic Designer,Initech,"Bangalore, Karnataka",7.4
CAND_0087266,0.6145,0.6715,0.1667,1.0,0.689,DevOps Engineer,Initech,"Delhi, Delhi",7.1
CAND_0045966,0.6145,0.6539,0.0,1.0,0.928,DevOps Engineer,Swiggy,"Hyderabad, Telangana",8.1
CAND_0057239,0.6145,0.6544,0.1667,0.85,0.869,Java Developer,CRED,"Jaipur, Rajasthan",5.7
CAND_0002414,0.6145,0.6391,0.0833,0.85,1.0,Full Stack Developer,CRED,"Coimbatore, Tamil Nadu",5.4
CAND_0052538,0.6145,0.658,0.0,1.0,0.921,Graphic Designer,Pied Piper,"Noida, Uttar Pradesh",8.7
CAND_0030296,0.6145,0.6871,0.0833,1.0,0.766,Cloud Engineer,Hooli,"Noida, Uttar Pradesh",5.7
CAND_0011038,0.6145,0.6781,0.0,1.0,0.886,Project Manager,Pied Piper,"Hyderabad, Telangana",6.8
CAND_0072013,0.6145,0.6877,0.0,1.0,0.869,Customer Support,Dunder Mifflin,"Bangalore, Karnataka",5.5
CAND_0018412,0.6144,0.6768,0.25,1.0,0.575,Data Analyst,Dunder Mifflin,"Hyderabad, Telangana",6.0
CAND_0010078,0.6144,0.6661,0.0833,1.0,0.802,Java Developer,Zomato,"Noida, Uttar Pradesh",7.1
CAND_0037614,0.6144,0.6537,0.0,1.0,0.928,Graphic Designer,Dunder Mifflin,"Pune, Maharashtra",5.9
CAND_0074242,0.6144,0.6388,0.0833,0.85,1.0,DevOps Engineer,Acme Corp,"Chennai, Tamil Nadu",8.0
CAND_0043440,0.6143,0.6373,0.0833,1.0,0.852,Mobile Developer,Zomato,"Bangalore, Karnataka",8.0
CAND_0078778,0.6143,0.6452,0.1667,0.8,0.934,Mobile Developer,Flipkart,"Delhi, Delhi",4.2
CAND_0079783,0.6143,0.701,0.3333,0.85,0.578,Content Writer,Initech,"Coimbatore, Tamil Nadu",7.2
CAND_0004519,0.6143,0.6694,0.1667,0.8,0.892,Cloud Engineer,Pied Piper,"Delhi, Delhi",4.0
CAND_0050076,0.6142,0.6383,0.0833,0.85,1.0,Java Developer,Mphasis,"Gurgaon, Haryana",7.2
CAND_0001323,0.6142,0.6651,0.0,1.0,0.907,Mechanical Engineer,Initech,"Pune, Maharashtra",8.5
CAND_0033672,0.6142,0.6492,0.0833,0.85,0.981,DevOps Engineer,CRED,"Trivandrum, Kerala",8.3
CAND_0055274,0.6142,0.6694,0.1667,0.85,0.841,.NET Developer,HCL,"Vizag, Andhra Pradesh",5.1
CAND_0030931,0.6142,0.6822,0.0,1.0,0.877,Customer Support,Dunder Mifflin,"Noida, Uttar Pradesh",8.0
CAND_0070890,0.6141,0.6544,0.0,1.0,0.925,HR Manager,Pied Piper,"Noida, Uttar Pradesh",8.1
CAND_0001141,0.6141,0.6564,0.0,1.0,0.922,Graphic Designer,Initech,"Hyderabad, Telangana",6.9
CAND_0037714,0.6141,0.6391,0.0833,0.85,0.998,Marketing Manager,Globex Inc,"Indore, Madhya Pradesh",8.0
CAND_0037130,0.6141,0.6631,0.0,1.0,0.91,Accountant,Globex Inc,"Mumbai, Maharashtra",6.7
CAND_0092303,0.6141,0.6632,0.0,1.0,0.91,HR Manager,Stark Industries,"Mumbai, Maharashtra",7.8
CAND_0095373,0.6141,0.6811,0.25,0.85,0.716,Software Engineer,Vedantu,"Kolkata, West Bengal",6.4
CAND_0013098,0.6141,0.6841,0.0833,1.0,0.769,Mechanical Engineer,Initech,"Hyderabad, Telangana",5.5
CAND_0097633,0.6141,0.6711,0.0,1.0,0.896,Operations Manager,Pied Piper,"Pune, Maharashtra",8.0
CAND_0004108,0.6141,0.676,0.1667,0.85,0.829,Data Engineer,Meesho,"Indore, Madhya Pradesh",5.9
CAND_0004949,0.6141,0.6871,0.0,1.0,0.868,Sales Executive,Pied Piper,"Hyderabad, Telangana",5.6
CAND_0084997,0.614,0.6616,0.0833,1.0,0.808,Cloud Engineer,Globex Inc,"Bangalore, Karnataka",7.8
CAND_0086107,0.614,0.649,0.0,1.0,0.934,Business Analyst,Stark Industries,"Bangalore, Karnataka",7.6
CAND_0056580,0.614,0.6637,0.1667,0.85,0.85,Frontend Engineer,CRED,"Kochi, Kerala",8.0
CAND_0067521,0.614,0.6546,0.1667,0.8,0.916,Full Stack Developer,Swiggy,"Bangalore, Karnataka",4.4
CAND_0095375,0.614,0.668,0.0833,0.85,0.947,Frontend Engineer,HCL,"Chennai, Tamil Nadu",8.4
CAND_0096617,0.6139,0.6411,0.1667,0.85,0.889,DevOps Engineer,Zomato,"Indore, Madhya Pradesh",7.7
CAND_0018774,0.6139,0.6481,0.1667,0.85,0.877,Cloud Engineer,Mphasis,"Gurgaon, Haryana",6.3
CAND_0027524,0.6139,0.6774,0.0833,1.0,0.78,Sales Executive,Globex Inc,"Delhi, Delhi",7.1
CAND_0098927,0.6139,0.6729,0.0,1.0,0.892,.NET Developer,CRED,"Delhi, Delhi",8.5
CAND_0070392,0.6138,0.6398,0.25,0.85,0.787,DevOps Engineer,Razorpay,"Vizag, Andhra Pradesh",7.1
CAND_0050748,0.6138,0.6456,0.0833,1.0,0.835,Java Developer,Tech Mahindra,"Hyderabad, Telangana",5.1
CAND_0080930,0.6138,0.6832,0.0833,1.0,0.769,Civil Engineer,Pied Piper,"Bangalore, Karnataka",8.3
CAND_0023194,0.6138,0.7192,0.1667,1.0,0.602,Backend Engineer,CRED,"Hyderabad, Telangana",6.3
CAND_0045569,0.6137,0.643,0.25,0.85,0.781,Mobile Developer,Globex Inc,"Bhubaneswar, Odisha",8.1
CAND_0049339,0.6137,0.6625,0.0833,1.0,0.805,Java Developer,Pied Piper,"Bangalore, Karnataka",6.9
CAND_0064960,0.6137,0.6676,0.0833,1.0,0.796,Software Engineer,Razorpay,"Bangalore, Karnataka",5.1
CAND_0071314,0.6137,0.6466,0.0833,0.85,0.983,Mobile Developer,HCL,"Chennai, Tamil Nadu",7.5
CAND_0080010,0.6137,0.6774,0.0,1.0,0.883,Graphic Designer,Globex Inc,"Delhi, Delhi",7.8
CAND_0083570,0.6136,0.6366,0.0833,0.85,1.0,DevOps Engineer,Acme Corp,"Trivandrum, Kerala",5.6
CAND_0011419,0.6136,0.6742,0.0833,1.0,0.784,QA Engineer,Stark Industries,"Mumbai, Maharashtra",5.4
CAND_0077643,0.6136,0.699,0.3333,0.85,0.578,Mechanical Engineer,Hooli,"Ahmedabad, Gujarat",7.5
CAND_0002943,0.6136,0.6669,0.0,1.0,0.901,Accountant,Hooli,"Noida, Uttar Pradesh",6.8
CAND_0038747,0.6136,0.6731,0.1667,0.85,0.832,Cloud Engineer,Swiggy,"Chennai, Tamil Nadu",8.9
CAND_0031763,0.6136,0.6598,0.0833,0.85,0.959,Full Stack Developer,Initech,"Chennai, Tamil Nadu",7.1
CAND_0035435,0.6136,0.6634,0.0833,0.85,0.953,Full Stack Developer,HCL,"Vizag, Andhra Pradesh",5.4
CAND_0008866,0.6136,0.6657,0.0833,0.85,0.949,.NET Developer,Swiggy,"Coimbatore, Tamil Nadu",6.5
CAND_0065666,0.6136,0.6851,0.0,1.0,0.869,Civil Engineer,Acme Corp,"Pune, Maharashtra",5.9
CAND_0022937,0.6135,0.6706,0.0833,1.0,0.79,Sales Executive,Dunder Mifflin,"Noida, Uttar Pradesh",5.7
CAND_0028454,0.6135,0.6538,0.1667,0.85,0.865,Java Developer,Stark Industries,"Bhubaneswar, Odisha",8.8
CAND_0063047,0.6135,0.6613,0.0,1.0,0.91,Graphic Designer,Initech,"Delhi, Delhi",5.4
CAND_0086818,0.6135,0.6767,0.0,1.0,0.883,Software Engineer,Hooli,"Hyderabad, Telangana",5.2
CAND_0097091,0.6134,0.7067,0.25,1.0,0.518,Graphic Designer,Acme Corp,"Hyderabad, Telangana",8.5
CAND_0018948,0.6134,0.6593,0.0,1.0,0.913,Business Analyst,Wayne Enterprises,"Delhi, Delhi",5.1
CAND_0041648,0.6134,0.661,0.0,1.0,0.91,Marketing Manager,Wayne Enterprises,"Noida, Uttar Pradesh",5.5
CAND_0010448,0.6134,0.6698,0.0,1.0,0.895,Frontend Engineer,Initech,"Bangalore, Karnataka",8.2
CAND_0094691,0.6133,0.6806,0.3333,0.8,0.659,Operations Manager,Dunder Mifflin,"Bangalore, Karnataka",10.6
CAND_0022892,0.6133,0.6694,0.0,1.0,0.895,Cloud Engineer,Tech Mahindra,"Mumbai, Maharashtra",5.1
CAND_0065346,0.6133,0.6572,0.25,0.7,0.904,Java Developer,Stark Industries,Toronto,5.6
CAND_0086745,0.6133,0.6831,0.0,1.0,0.871,Content Writer,Acme Corp,"Pune, Maharashtra",5.5
CAND_0071211,0.6133,0.6848,0.0,1.0,0.868,Project Manager,Initech,"Delhi, Delhi",8.7
CAND_0085370,0.6132,0.6559,0.0833,1.0,0.814,Java Developer,Wayne Enterprises,"Delhi, Delhi",8.9
CAND_0015617,0.6132,0.6453,0.0,1.0,0.937,Java Developer,CRED,"Bangalore, Karnataka",8.9
CAND_0050275,0.6132,0.6503,0.0,1.0,0.928,Operations Manager,Stark Industries,"Hyderabad, Telangana",8.9
CAND_0066066,0.6132,0.7036,0.1667,1.0,0.626,QA Engineer,Pied Piper,"Noida, Uttar Pradesh",5.8
CAND_0053674,0.6132,0.6709,0.0,1.0,0.892,Content Writer,Dunder Mifflin,"Noida, Uttar Pradesh",5.5
CAND_0072135,0.6132,0.6933,0.3333,0.8,0.636,Mechanical Engineer,Pied Piper,"Noida, Uttar Pradesh",9.8
CAND_0016371,0.6132,0.6958,0.25,0.85,0.686,Analytics Engineer,Freshworks,"Bhubaneswar, Odisha",5.1
CAND_0089072,0.6132,0.683,0.0,1.0,0.871,QA Engineer,Razorpay,"Noida, Uttar Pradesh",6.8
CAND_0028005,0.6131,0.6445,0.1667,1.0,0.729,Full Stack Developer,Stark Industries,"Bangalore, Karnataka",7.7
CAND_0017331,0.6131,0.6601,0.1667,1.0,0.702,Data Analyst,HCL,"Mumbai, Maharashtra",6.1
CAND_0032198,0.6131,0.6638,0.0,1.0,0.904,Operations Manager,Pied Piper,"Pune, Maharashtra",5.3
CAND_0002438,0.613,0.636,0.0,1.0,0.952,DevOps Engineer,Flipkart,"Hyderabad, Telangana",5.7
CAND_0025001,0.613,0.6598,0.25,0.85,0.748,Data Analyst,Vedantu,"Chennai, Tamil Nadu",6.3
CAND_0084452,0.613,0.6924,0.0833,1.0,0.749,QA Engineer,Globex Inc,"Mumbai, Maharashtra",6.2
CAND_0038101,0.6129,0.6507,0.0,1.0,0.926,Marketing Manager,Dunder Mifflin,"Hyderabad, Telangana",7.7
CAND_0001731,0.6129,0.6556,0.1667,0.85,0.859,DevOps Engineer,Dunder Mifflin,"Jaipur, Rajasthan",8.5
CAND_0035423,0.6128,0.7071,0.3333,0.85,0.56,HR Manager,Hooli,"Indore, Madhya Pradesh",7.9
CAND_0073234,0.6128,0.6761,0.0,1.0,0.881,Business Analyst,Acme Corp,"Bangalore, Karnataka",8.4
CAND_0056902,0.6127,0.6528,0.0833,1.0,0.817,Cloud Engineer,Initech,"Delhi, Delhi",6.6
CAND_0054935,0.6127,0.6471,0.0,1.0,0.931,DevOps Engineer,Zomato,"Pune, Maharashtra",8.0
CAND_0054557,0.6127,0.6763,0.0,1.0,0.88,HR Manager,Acme Corp,"Bangalore, Karnataka",8.8
CAND_0081437,0.6126,0.6564,0.0833,1.0,0.81,Graphic Designer,Hooli,"Pune, Maharashtra",7.4
CAND_0059659,0.6126,0.6798,0.1667,1.0,0.665,Full Stack Developer,Razorpay,"Hyderabad, Telangana",7.1
CAND_0084021,0.6126,0.6623,0.0,1.0,0.904,Mobile Developer,HCL,"Bangalore, Karnataka",7.5
CAND_0008271,0.6126,0.692,0.0833,1.0,0.748,Mechanical Engineer,Dunder Mifflin,"Delhi, Delhi",8.7
CAND_0038076,0.6126,0.692,0.0833,1.0,0.748,QA Engineer,HCL,"Hyderabad, Telangana",6.9
CAND_0088598,0.6125,0.6449,0.0,1.0,0.934,DevOps Engineer,Mphasis,"Noida, Uttar Pradesh",6.0
CAND_0049422,0.6125,0.6518,0.0,1.0,0.922,Graphic Designer,Wayne Enterprises,"Bangalore, Karnataka",6.2
CAND_0053038,0.6125,0.6705,0.0,1.0,0.889,Mechanical Engineer,Wayne Enterprises,"Bangalore, Karnataka",7.6
CAND_0002400,0.6125,0.6758,0.0,1.0,0.88,Mobile Developer,Mphasis,"Noida, Uttar Pradesh",8.3
CAND_0060480,0.6125,0.6792,0.0,1.0,0.874,.NET Developer,HCL,"Noida, Uttar Pradesh",7.0
CAND_0067695,0.6125,0.679,0.0,1.0,0.874,Operations Manager,Dunder Mifflin,"Mumbai, Maharashtra",6.0
CAND_0036111,0.6125,0.6825,0.0,1.0,0.868,Operations Manager,Stark Industries,"Hyderabad, Telangana",7.2
CAND_0012132,0.6124,0.6524,0.1667,0.85,0.862,Full Stack Developer,Acme Corp,"Bhubaneswar, Odisha",5.2
CAND_0061821,0.6124,0.6584,0.0,1.0,0.91,Sales Executive,Wayne Enterprises,"Noida, Uttar Pradesh",8.1
CAND_0084154,0.6124,0.6783,0.0833,1.0,0.771,HR Manager,Hooli,"Delhi, Delhi",8.3
CAND_0010906,0.6124,0.6651,0.0,1.0,0.898,Frontend Engineer,Zomato,"Pune, Maharashtra",5.1
CAND_0018001,0.6124,0.6892,0.0833,1.0,0.752,Frontend Engineer,Flipkart,"Noida, Uttar Pradesh",8.7
CAND_0053706,0.6124,0.6897,0.0833,1.0,0.751,Content Writer,Dunder Mifflin,"Delhi, Delhi",5.1
CAND_0088289,0.6124,0.6738,0.0,1.0,0.883,Mechanical Engineer,Initech,"Mumbai, Maharashtra",6.1
CAND_0063197,0.6124,0.6982,0.0833,1.0,0.736,Customer Support,Globex Inc,"Pune, Maharashtra",6.0
CAND_0027393,0.6123,0.6584,0.0833,1.0,0.805,Java Developer,Razorpay,"Noida, Uttar Pradesh",8.0
CAND_0080903,0.6123,0.6506,0.0,1.0,0.923,Accountant,Dunder Mifflin,"Delhi, Delhi",8.1
CAND_0020871,0.6123,0.67,0.0,1.0,0.889,Customer Support,Pied Piper,"Noida, Uttar Pradesh",8.0
CAND_0082713,0.6123,0.6711,0.0,1.0,0.887,Cloud Engineer,Globex Inc,"Pune, Maharashtra",7.8
CAND_0027654,0.6122,0.6517,0.25,1.0,0.608,Cloud Engineer,Flipkart,"Hyderabad, Telangana",6.6
CAND_0062432,0.6122,0.6433,0.0833,1.0,0.831,DevOps Engineer,Flipkart,"Delhi, Delhi",7.5
CAND_0069018,0.6122,0.6666,0.1667,1.0,0.686,Frontend Engineer,Wayne Enterprises,"Pune, Maharashtra",6.0
CAND_0075605,0.6122,0.6583,0.0833,1.0,0.805,Full Stack Developer,Initech,"Pune, Maharashtra",7.0
CAND_0011164,0.6122,0.6443,0.1667,0.85,0.875,Java Developer,Flipkart,"Bhubaneswar, Odisha",7.4
CAND_0056027,0.6122,0.6527,0.0,1.0,0.919,.NET Developer,Globex Inc,"Noida, Uttar Pradesh",6.1
CAND_0080061,0.6122,0.6578,0.0,1.0,0.91,Cloud Engineer,Razorpay,"Delhi, Delhi",7.7
CAND_0064721,0.6122,0.6806,0.0833,1.0,0.766,Mobile Developer,Stark Industries,"Mumbai, Maharashtra",6.1
CAND_0094667,0.6122,0.6811,0.0833,1.0,0.765,HR Manager,Dunder Mifflin,"Pune, Maharashtra",8.9
CAND_0083165,0.6122,0.6714,0.0,1.0,0.886,Operations Manager,Hooli,"Bangalore, Karnataka",7.8
CAND_0090070,0.6122,0.6913,0.0833,1.0,0.747,Project Manager,Hooli,"Bangalore, Karnataka",8.5
CAND_0064328,0.6121,0.6443,0.0833,1.0,0.829,Mobile Developer,Hooli,"Hyderabad, Telangana",5.4
CAND_0048809,0.6121,0.6741,0.0,1.0,0.881,HR Manager,Globex Inc,"Delhi, Delhi",7.5
CAND_0022567,0.6121,0.679,0.0,1.0,0.872,Accountant,Dunder Mifflin,"Bangalore, Karnataka",7.4
CAND_0029989,0.6121,0.6797,0.0,1.0,0.871,Project Manager,Globex Inc,"Delhi, Delhi",5.3
CAND_0080796,0.6121,0.679,0.1667,0.85,0.814,Frontend Engineer,Initech,"Jaipur, Rajasthan",8.7
CAND_0010503,0.612,0.6503,0.0,1.0,0.922,Java Developer,Hooli,"Noida, Uttar Pradesh",5.6
CAND_0095054,0.612,0.6639,0.0,1.0,0.898,Full Stack Developer,CRED,"Mumbai, Maharashtra",7.8
CAND_0085025,0.612,0.6652,0.0,1.0,0.896,Sales Executive,Acme Corp,"Pune, Maharashtra",7.9
CAND_0073397,0.612,0.6742,0.0,1.0,0.88,Marketing Manager,Pied Piper,"Hyderabad, Telangana",5.3
CAND_0054805,0.612,0.6611,0.0833,0.85,0.949,DevOps Engineer,Hooli,"Ahmedabad, Gujarat",6.7
CAND_0030569,0.6119,0.6384,0.0,1.0,0.942,Graphic Designer,Dunder Mifflin,"Bangalore, Karnataka",5.0
CAND_0000540,0.6119,0.6813,0.1667,1.0,0.659,DevOps Engineer,Acme Corp,"Hyderabad, Telangana",5.9
CAND_0090010,0.6119,0.6691,0.25,0.85,0.726,Analytics Engineer,Globex Inc,"Kolkata, West Bengal",6.8
CAND_0005339,0.6119,0.6569,0.0,1.0,0.91,Civil Engineer,Globex Inc,"Pune, Maharashtra",6.8
CAND_0086884,0.6119,0.6774,0.0,1.0,0.874,.NET Developer,Zomato,"Noida, Uttar Pradesh",5.9
CAND_0051469,0.6119,0.6809,0.0,1.0,0.868,HR Manager,Dunder Mifflin,"Noida, Uttar Pradesh",8.8
CAND_0034666,0.6118,0.6501,0.0833,1.0,0.817,Business Analyst,Dunder Mifflin,"Mumbai, Maharashtra",8.8
CAND_0057283,0.6118,0.6598,0.25,0.8,0.792,Data Analyst,Freshworks,"Delhi, Delhi",4.2
CAND_0054953,0.6118,0.6618,0.0,1.0,0.901,Graphic Designer,Wayne Enterprises,"Delhi, Delhi",6.0
CAND_0033246,0.6118,0.6626,0.1667,0.85,0.841,.NET Developer,Acme Corp,"Coimbatore, Tamil Nadu",7.3
CAND_0011448,0.6118,0.6788,0.0,1.0,0.871,Civil Engineer,Globex Inc,"Noida, Uttar Pradesh",6.9
CAND_0062938,0.6117,0.6687,0.1667,1.0,0.68,Frontend Engineer,Mindtree,"Hyderabad, Telangana",8.9
CAND_0078966,0.6117,0.6823,0.1667,1.0,0.656,Software Engineer,Wayne Enterprises,"Noida, Uttar Pradesh",5.2
CAND_0001498,0.6117,0.6757,0.0833,1.0,0.772,Software Engineer,Wayne Enterprises,"Bangalore, Karnataka",6.4
CAND_0054572,0.6117,0.6808,0.0833,1.0,0.763,Software Engineer,Dunder Mifflin,"Hyderabad, Telangana",5.0
CAND_0052872,0.6117,0.6578,0.0833,0.85,0.953,Mobile Developer,Tech Mahindra,"Bhubaneswar, Odisha",8.7
CAND_0005673,0.6117,0.6585,0.0833,0.85,0.952,Cloud Engineer,Acme Corp,"Vizag, Andhra Pradesh",7.4
CAND_0085474,0.6117,0.6784,0.1667,0.85,0.813,Software Engineer,Flipkart,"Indore, Madhya Pradesh",6.7
CAND_0067532,0.6117,0.6969,0.0833,1.0,0.735,Mechanical Engineer,Dunder Mifflin,"Pune, Maharashtra",5.9
CAND_0018176,0.6116,0.6601,0.0833,1.0,0.799,DevOps Engineer,Mphasis,"Pune, Maharashtra",5.2
CAND_0088976,0.6116,0.6559,0.0,1.0,0.91,DevOps Engineer,Pied Piper,"Delhi, Delhi",5.2
CAND_0080283,0.6116,0.6629,0.0,1.0,0.898,Business Analyst,Initech,"Delhi, Delhi",6.9
CAND_0066133,0.6116,0.6823,0.0833,1.0,0.76,Data Analyst,Hooli,"Pune, Maharashtra",5.3
CAND_0076442,0.6116,0.6507,0.25,0.7,0.907,Data Analyst,Cognizant,"Bangalore, Karnataka",5.0
CAND_0068184,0.6116,0.7028,0.1667,1.0,0.62,Analytics Engineer,Tech Mahindra,"Hyderabad, Telangana",5.3
CAND_0011823,0.6116,0.6731,0.0,1.0,0.88,.NET Developer,Zomato,"Hyderabad, Telangana",7.0
CAND_0058098,0.6116,0.6775,0.1667,0.85,0.814,Backend Engineer,Swiggy,"Indore, Madhya Pradesh",7.8
CAND_0023016,0.6115,0.6606,0.25,0.85,0.739,.NET Developer,Wayne Enterprises,"Chandigarh, Chandigarh",8.8
CAND_0044206,0.6115,0.6569,0.0,1.0,0.908,Mobile Developer,Swiggy,"Pune, Maharashtra",7.1
CAND_0008520,0.6115,0.6591,0.0,1.0,0.904,Graphic Designer,Pied Piper,"Delhi, Delhi",7.4
CAND_0062580,0.6115,0.6694,0.0,1.0,0.886,Cloud Engineer,Stark Industries,"Noida, Uttar Pradesh",7.5
CAND_0060759,0.6115,0.6712,0.0,1.0,0.883,Cloud Engineer,HCL,"Bangalore, Karnataka",5.7
CAND_0025041,0.6114,0.6525,0.1667,1.0,0.707,DevOps Engineer,CRED,"Mumbai, Maharashtra",8.8
CAND_0046365,0.6114,0.6462,0.0,1.0,0.926,Graphic Designer,Globex Inc,"Delhi, Delhi",5.8
CAND_0050347,0.6114,0.6469,0.0,1.0,0.925,Full Stack Developer,Wayne Enterprises,"Noida, Uttar Pradesh",6.4
CAND_0064803,0.6114,0.6624,0.0,1.0,0.898,Backend Engineer,Nykaa,"Bangalore, Karnataka",5.2
CAND_0045315,0.6114,0.6703,0.0,1.0,0.884,Cloud Engineer,Dunder Mifflin,"Delhi, Delhi",5.2
CAND_0098921,0.6113,0.6528,0.0833,1.0,0.81,DevOps Engineer,Pied Piper,"Bangalore, Karnataka",6.2
CAND_0017291,0.6113,0.6766,0.25,0.85,0.71,QA Engineer,Acme Corp,"Coimbatore, Tamil Nadu",6.2
CAND_0077753,0.6113,0.6758,0.0,1.0,0.874,Graphic Designer,Pied Piper,"Noida, Uttar Pradesh",7.3
CAND_0069348,0.6113,0.6595,0.0833,0.85,0.948,HR Manager,Hooli,"Trivandrum, Kerala",8.6
CAND_0097430,0.6112,0.6381,0.0833,1.0,0.835,Data Analyst,Flipkart,"Pune, Maharashtra",7.3
CAND_0082902,0.6112,0.6524,0.0833,1.0,0.81,Full Stack Developer,Initech,"Noida, Uttar Pradesh",8.1
CAND_0064072,0.6112,0.6696,0.0,1.0,0.884,Cloud Engineer,Hooli,"Delhi, Delhi",7.9
CAND_0010694,0.6112,0.7095,0.3333,0.85,0.548,Accountant,Globex Inc,"Jaipur, Rajasthan",5.7
CAND_0009974,0.6112,0.6765,0.1667,0.85,0.814,Data Engineer,Freshworks,"Ahmedabad, Gujarat",7.2
CAND_0011449,0.6111,0.6504,0.0833,1.0,0.813,DevOps Engineer,Globex Inc,"Bangalore, Karnataka",7.6
CAND_0023701,0.6111,0.6665,0.0,1.0,0.889,Cloud Engineer,Tech Mahindra,"Noida, Uttar Pradesh",7.7
CAND_0018587,0.6111,0.6843,0.0833,1.0,0.754,HR Manager,Dunder Mifflin,"Pune, Maharashtra",8.1
CAND_0039338,0.6111,0.6708,0.1667,0.85,0.823,Backend Engineer,Zomato,"Indore, Madhya Pradesh",6.6
CAND_0076785,0.611,0.6347,0.0,1.0,0.944,Mobile Developer,Tech Mahindra,"Hyderabad, Telangana",6.1
CAND_0024840,0.611,0.6552,0.25,0.85,0.746,Java Developer,Stark Industries,"Kochi, Kerala",8.6
CAND_0081165,0.611,0.6866,0.1667,1.0,0.645,Data Analyst,Freshworks,"Pune, Maharashtra",7.1
CAND_0086731,0.611,0.6595,0.0,1.0,0.901,Graphic Designer,Dunder Mifflin,"Hyderabad, Telangana",8.2
CAND_0088650,0.611,0.6858,0.0833,1.0,0.751,HR Manager,Acme Corp,"Noida, Uttar Pradesh",6.1
CAND_0056328,0.611,0.6518,0.0833,0.85,0.96,Java Developer,Initech,"Chandigarh, Chandigarh",6.7
CAND_0097105,0.6109,0.6597,0.0833,1.0,0.796,Marketing Manager,Dunder Mifflin,"Delhi, Delhi",7.6
CAND_0027468,0.6109,0.6624,0.1667,0.85,0.837,Frontend Engineer,Mphasis,"Kolkata, West Bengal",5.7
CAND_0093718,0.6109,0.6669,0.1667,0.85,0.829,Full Stack Developer,Zomato,"Gurgaon, Haryana",8.0
CAND_0007250,0.6108,0.6468,0.0,1.0,0.922,Full Stack Developer,Wayne Enterprises,"Bangalore, Karnataka",6.4
CAND_0071494,0.6108,0.6553,0.0,1.0,0.907,Civil Engineer,Globex Inc,"Bangalore, Karnataka",6.0
CAND_0041434,0.6108,0.6752,0.1667,0.85,0.814,.NET Developer,Globex Inc,"Chandigarh, Chandigarh",6.7
CAND_0005254,0.6107,0.644,0.25,1.0,0.614,Full Stack Developer,Globex Inc,"Hyderabad, Telangana",6.7
CAND_0044711,0.6107,0.6663,0.25,1.0,0.575,Mobile Developer,Acme Corp,"Hyderabad, Telangana",7.1
CAND_0025988,0.6107,0.6606,0.1667,1.0,0.689,Java Developer,Acme Corp,"Hyderabad, Telangana",8.4
CAND_0015495,0.6107,0.654,0.0833,1.0,0.805,Full Stack Developer,Flipkart,"Delhi, Delhi",6.6
CAND_0093727,0.6107,0.6783,0.25,0.85,0.704,Cloud Engineer,CRED,"Kolkata, West Bengal",5.5
CAND_0036578,0.6107,0.6583,0.25,0.7,0.889,.NET Developer,Cognizant,"Mumbai, Maharashtra",7.4
CAND_0081478,0.6106,0.6635,0.0,1.0,0.892,Cloud Engineer,Swiggy,"Delhi, Delhi",5.6
CAND_0075019,0.6106,0.6667,0.0,1.0,0.886,Operations Manager,Initech,"Noida, Uttar Pradesh",7.3
CAND_0004590,0.6106,0.6755,0.0,1.0,0.871,Content Writer,Dunder Mifflin,"Mumbai, Maharashtra",7.4
CAND_0023435,0.6106,0.6582,0.0833,0.85,0.947,Mobile Developer,Globex Inc,"Coimbatore, Tamil Nadu",6.7
CAND_0031969,0.6106,0.6771,0.0,1.0,0.868,Project Manager,Pied Piper,"Noida, Uttar Pradesh",8.7
CAND_0093969,0.6105,0.6632,0.0,1.0,0.892,Marketing Manager,Wayne Enterprises,"Delhi, Delhi",6.8
CAND_0045617,0.6105,0.6538,0.0833,0.85,0.954,Frontend Engineer,Mphasis,"Kolkata, West Bengal",8.1
CAND_0031823,0.6105,0.6735,0.0,1.0,0.874,Cloud Engineer,HCL,"Mumbai, Maharashtra",8.5
CAND_0074496,0.6105,0.6751,0.0,1.0,0.871,Mechanical Engineer,Dunder Mifflin,"Bangalore, Karnataka",5.2
CAND_0025353,0.6104,0.6681,0.0,1.0,0.883,Sales Executive,Stark Industries,"Delhi, Delhi",8.5
CAND_0005726,0.6104,0.6672,0.1667,0.85,0.826,Mobile Developer,CRED,"Chennai, Tamil Nadu",5.7
CAND_0018318,0.6104,0.6548,0.0833,0.85,0.952,Mobile Developer,Initech,"Vizag, Andhra Pradesh",7.7
CAND_0075130,0.6103,0.6546,0.0833,1.0,0.802,Cloud Engineer,Initech,"Hyderabad, Telangana",7.5
CAND_0065648,0.6103,0.6604,0.0,1.0,0.896,DevOps Engineer,Tech Mahindra,"Hyderabad, Telangana",6.0
CAND_0063236,0.6103,0.6677,0.0,1.0,0.883,Full Stack Developer,Pied Piper,"Pune, Maharashtra",7.9
CAND_0072351,0.6102,0.6559,0.0833,1.0,0.799,Frontend Engineer,Globex Inc,"Delhi, Delhi",7.9
CAND_0039722,0.6102,0.6547,0.1667,0.85,0.847,Frontend Engineer,Flipkart,"Kolkata, West Bengal",5.1
CAND_0060419,0.6102,0.6731,0.0833,1.0,0.769,Data Analyst,Mindtree,"Noida, Uttar Pradesh",7.2
CAND_0044593,0.6102,0.6607,0.0,1.0,0.895,DevOps Engineer,Razorpay,"Pune, Maharashtra",6.2
CAND_0008472,0.6102,0.6593,0.0833,0.85,0.943,Java Developer,Tech Mahindra,"Bhubaneswar, Odisha",8.7
CAND_0008800,0.6101,0.6726,0.3333,0.8,0.657,Sales Executive,Hooli,"Noida, Uttar Pradesh",9.6
CAND_0088393,0.6101,0.6628,0.1667,0.85,0.832,Full Stack Developer,Mphasis,"Chandigarh, Chandigarh",7.7
CAND_0074359,0.6101,0.674,0.0,1.0,0.871,Content Writer,Pied Piper,"Bangalore, Karnataka",8.8
CAND_0088359,0.61,0.643,0.0,1.0,0.925,Operations Manager,Acme Corp,"Bangalore, Karnataka",6.4
CAND_0044032,0.61,0.6498,0.0,1.0,0.913,DevOps Engineer,Mindtree,"Mumbai, Maharashtra",7.7
CAND_0084594,0.61,0.6496,0.1667,0.85,0.855,Java Developer,CRED,"Ahmedabad, Gujarat",7.1
CAND_0033818,0.61,0.653,0.0,1.0,0.907,DevOps Engineer,Stark Industries,"Hyderabad, Telangana",6.3
CAND_0039952,0.61,0.6628,0.0,1.0,0.89,Customer Support,Stark Industries,"Hyderabad, Telangana",6.3
CAND_0086638,0.61,0.6602,0.1667,0.8,0.886,Frontend Engineer,CRED,"Bangalore, Karnataka",9.9
CAND_0045494,0.61,0.7059,0.3333,0.85,0.548,Software Engineer,Dunder Mifflin,"Chennai, Tamil Nadu",7.3
CAND_0056442,0.6099,0.6546,0.4167,0.85,0.533,Mobile Developer,Zomato,"Bhubaneswar, Odisha",6.2
CAND_0052390,0.6099,0.6796,0.0833,1.0,0.756,.NET Developer,Pied Piper,"Delhi, Delhi",5.1
CAND_0001944,0.6099,0.6631,0.0,1.0,0.889,Operations Manager,Hooli,"Noida, Uttar Pradesh",6.3
CAND_0036787,0.6099,0.6648,0.0,1.0,0.886,Cloud Engineer,Mphasis,"Pune, Maharashtra",6.9
CAND_0017944,0.6099,0.6666,0.0,1.0,0.883,Content Writer,Initech,"Pune, Maharashtra",7.4
CAND_0005077,0.6099,0.6699,0.0,1.0,0.877,.NET Developer,Wayne Enterprises,"Bangalore, Karnataka",5.3
CAND_0022106,0.6099,0.6716,0.0,1.0,0.874,Accountant,Initech,"Delhi, Delhi",6.9
CAND_0049686,0.6098,0.6712,0.3333,0.85,0.608,Graphic Designer,Wayne Enterprises,"Jaipur, Rajasthan",5.2
CAND_0033201,0.6098,0.6577,0.0,1.0,0.898,Java Developer,Acme Corp,"Delhi, Delhi",8.5
CAND_0074322,0.6098,0.6621,0.1667,0.85,0.832,Mobile Developer,Globex Inc,"Chandigarh, Chandigarh",8.2
CAND_0004128,0.6097,0.6601,0.0833,1.0,0.789,Frontend Engineer,Stark Industries,"Noida, Uttar Pradesh",9.0
CAND_0035028,0.6097,0.6744,0.1667,0.85,0.81,Software Engineer,Wayne Enterprises,"Jaipur, Rajasthan",6.3
CAND_0076422,0.6097,0.663,0.1667,0.8,0.88,Java Developer,Razorpay,"Bangalore, Karnataka",4.1
CAND_0011631,0.6096,0.6626,0.1667,1.0,0.68,DevOps Engineer,Swiggy,"Delhi, Delhi",7.8
CAND_0081737,0.6096,0.6348,0.0,1.0,0.937,Java Developer,CRED,"Bangalore, Karnataka",8.8
CAND_0089171,0.6096,0.6537,0.0,1.0,0.904,Marketing Manager,Globex Inc,"Noida, Uttar Pradesh",7.2
CAND_0067724,0.6096,0.6658,0.0,1.0,0.883,Business Analyst,Dunder Mifflin,"Delhi, Delhi",5.0
CAND_0097141,0.6095,0.6486,0.1667,1.0,0.704,DevOps Engineer,CRED,"Hyderabad, Telangana",7.4
CAND_0002463,0.6095,0.6696,0.25,0.85,0.713,Graphic Designer,Pied Piper,"Bhubaneswar, Odisha",7.6
CAND_0044901,0.6095,0.6586,0.0,1.0,0.895,Graphic Designer,Globex Inc,"Noida, Uttar Pradesh",6.8
CAND_0017385,0.6095,0.6621,0.0,1.0,0.889,Sales Executive,Stark Industries,"Noida, Uttar Pradesh",7.0
CAND_0031714,0.6094,0.6397,0.1667,1.0,0.719,DevOps Engineer,Pied Piper,"Noida, Uttar Pradesh",6.3
CAND_0075722,0.6094,0.6603,0.1667,1.0,0.683,Cloud Engineer,Acme Corp,"Pune, Maharashtra",7.8
CAND_0016428,0.6094,0.6455,0.0833,1.0,0.813,Full Stack Developer,CRED,"Noida, Uttar Pradesh",8.6
CAND_0025352,0.6094,0.6295,0.1667,0.8,0.937,Full Stack Developer,Mphasis,"Noida, Uttar Pradesh",9.5
CAND_0099343,0.6094,0.6244,0.0833,0.85,1.0,Java Developer,Dunder Mifflin,"Chandigarh, Chandigarh",8.8
CAND_0046034,0.6094,0.6492,0.0,1.0,0.911,Mobile Developer,Mphasis,"Delhi, Delhi",7.0
CAND_0051378,0.6093,0.627,0.0833,1.0,0.845,Mobile Developer,Dunder Mifflin,"Delhi, Delhi",8.3
CAND_0003657,0.6093,0.659,0.1667,0.85,0.835,Frontend Engineer,Mphasis,"Gurgaon, Haryana",8.0
CAND_0098777,0.6092,0.6561,0.0,1.0,0.898,Business Analyst,Dunder Mifflin,"Delhi, Delhi",5.3
CAND_0086723,0.6091,0.6436,0.25,0.85,0.757,Java Developer,HCL,"Indore, Madhya Pradesh",7.2
CAND_0096491,0.6091,0.6596,0.0833,1.0,0.787,Mobile Developer,CRED,"Delhi, Delhi",7.6
CAND_0007537,0.6091,0.6652,0.0833,1.0,0.777,Marketing Manager,Wayne Enterprises,"Mumbai, Maharashtra",7.7
CAND_0060772,0.6091,0.6852,0.1667,1.0,0.638,Analytics Engineer,Hooli,"Delhi, Delhi",5.8
CAND_0006134,0.6091,0.6626,0.0,1.0,0.886,Accountant,Acme Corp,"Bangalore, Karnataka",8.1
CAND_0042925,0.6091,0.6627,0.0,1.0,0.886,Project Manager,Pied Piper,"Bangalore, Karnataka",6.4
CAND_0073439,0.609,0.6596,0.25,0.85,0.728,Frontend Engineer,Razorpay,"Kochi, Kerala",6.3
CAND_0046027,0.609,0.6726,0.0,1.0,0.868,Graphic Designer,Initech,"Delhi, Delhi",7.8
CAND_0042484,0.6089,0.6643,0.0833,1.0,0.778,Java Developer,Globex Inc,"Noida, Uttar Pradesh",8.7
CAND_0091202,0.6089,0.6609,0.4167,0.65,0.717,Marketing Manager,Globex Inc,"Jaipur, Rajasthan",9.6
CAND_0037326,0.6089,0.68,0.25,0.85,0.692,Content Writer,Dunder Mifflin,"Ahmedabad, Gujarat",5.5
CAND_0092858,0.6088,0.6648,0.1667,0.85,0.822,Cloud Engineer,Stark Industries,"Vizag, Andhra Pradesh",7.2
CAND_0044993,0.6088,0.6841,0.0833,1.0,0.743,Cloud Engineer,Hooli,"Mumbai, Maharashtra",5.9
CAND_0049189,0.6088,0.6686,0.0,1.0,0.874,Software Engineer,Pied Piper,"Mumbai, Maharashtra",5.3
CAND_0075962,0.6087,0.6418,0.1667,0.85,0.862,DevOps Engineer,Zomato,"Chennai, Tamil Nadu",7.1
CAND_0094523,0.6087,0.6442,0.0,1.0,0.916,Full Stack Developer,Acme Corp,"Hyderabad, Telangana",6.4
CAND_0027825,0.6087,0.6625,0.0833,1.0,0.78,Software Engineer,HCL,"Bangalore, Karnataka",5.5
CAND_0064052,0.6087,0.6484,0.0833,0.85,0.955,DevOps Engineer,Stark Industries,"Kochi, Kerala",8.7
CAND_0050038,0.6087,0.6674,0.1667,0.85,0.817,Cloud Engineer,Initech,"Gurgaon, Haryana",7.6
CAND_0099271,0.6086,0.6702,0.0833,1.0,0.766,Sales Executive,Stark Industries,"Delhi, Delhi",7.7
CAND_0086564,0.6086,0.6664,0.0,1.0,0.877,DevOps Engineer,Dunder Mifflin,"Delhi, Delhi",5.3
CAND_0055684,0.6085,0.654,0.0,1.0,0.898,Full Stack Developer,Zomato,"Noida, Uttar Pradesh",7.7
CAND_0056979,0.6085,0.6671,0.0,1.0,0.875,Operations Manager,Hooli,"Pune, Maharashtra",8.4
CAND_0009745,0.6085,0.6696,0.0,1.0,0.871,Frontend Engineer,Razorpay,"Noida, Uttar Pradesh",7.0
CAND_0040270,0.6085,0.6544,0.0833,0.85,0.943,Cloud Engineer,Mphasis,"Chandigarh, Chandigarh",6.3
CAND_0013938,0.6084,0.6597,0.25,1.0,0.575,DevOps Engineer,Flipkart,"Bangalore, Karnataka",6.4
CAND_0030309,0.6084,0.6577,0.0833,1.0,0.787,Java Developer,Globex Inc,"Mumbai, Maharashtra",8.7
CAND_0034563,0.6084,0.672,0.0833,1.0,0.762,Cloud Engineer,Mindtree,"Mumbai, Maharashtra",7.2
CAND_0041558,0.6084,0.664,0.0,1.0,0.88,Full Stack Developer,Dunder Mifflin,"Pune, Maharashtra",8.5
CAND_0026393,0.6084,0.6708,0.0,1.0,0.868,Content Writer,Pied Piper,"Delhi, Delhi",7.1
CAND_0008712,0.6083,0.643,0.25,0.7,0.904,Java Developer,Cognizant,"Hyderabad, Telangana",6.6
CAND_0003592,0.6083,0.6672,0.0,1.0,0.874,Content Writer,Wayne Enterprises,"Delhi, Delhi",5.0
CAND_0068570,0.6083,0.6865,0.0833,1.0,0.736,Software Engineer,Globex Inc,"Delhi, Delhi",6.4
CAND_0025288,0.6082,0.6536,0.1667,1.0,0.689,Full Stack Developer,Dunder Mifflin,"Mumbai, Maharashtra",8.5
CAND_0008482,0.6082,0.6712,0.25,1.0,0.554,DevOps Engineer,Pied Piper,"Bangalore, Karnataka",6.8
CAND_0000417,0.6082,0.6359,0.0,1.0,0.928,Full Stack Developer,Acme Corp,"Bangalore, Karnataka",7.8
CAND_0018308,0.6082,0.6513,0.0,1.0,0.901,Java Developer,CRED,"Bangalore, Karnataka",7.2
CAND_0096807,0.6082,0.6531,0.0,1.0,0.898,Marketing Manager,Globex Inc,"Delhi, Delhi",5.3
CAND_0019052,0.6082,0.6508,0.0833,0.85,0.948,Frontend Engineer,HCL,"Trivandrum, Kerala",7.6
CAND_0088895,0.6082,0.6677,0.1667,0.85,0.814,Cloud Engineer,Tech Mahindra,"Kolkata, West Bengal",5.2
CAND_0044840,0.6082,0.6514,0.0833,0.85,0.947,Java Developer,Hooli,"Chennai, Tamil Nadu",7.6
CAND_0057936,0.6082,0.6694,0.1667,0.85,0.811,Frontend Engineer,CRED,"Indore, Madhya Pradesh",7.5
CAND_0084416,0.6081,0.6708,0.25,1.0,0.554,Data Analyst,Freshworks,"Noida, Uttar Pradesh",7.5
CAND_0026818,0.6081,0.649,0.25,0.85,0.742,Mobile Developer,Stark Industries,"Kolkata, West Bengal",5.4
CAND_0035359,0.6081,0.6435,0.1667,0.85,0.856,Full Stack Developer,Initech,"Gurgaon, Haryana",7.5
CAND_0057523,0.6081,0.6641,0.25,0.85,0.716,Data Analyst,Nykaa,"Kolkata, West Bengal",5.4
CAND_0097314,0.6081,0.6709,0.25,0.85,0.704,.NET Developer,Tech Mahindra,"Kochi, Kerala",5.8
CAND_0079412,0.6081,0.6727,0.0833,1.0,0.759,Operations Manager,Stark Industries,"Noida, Uttar Pradesh",5.7
CAND_0013919,0.6081,0.6927,0.1667,1.0,0.62,QA Engineer,Initech,"Noida, Uttar Pradesh",7.0
CAND_0078908,0.6081,0.6658,0.1667,0.85,0.817,DevOps Engineer,Swiggy,"Chandigarh, Chandigarh",6.0
CAND_0058873,0.6081,0.6516,0.0833,0.85,0.946,Java Developer,Stark Industries,"Trivandrum, Kerala",6.9
CAND_0016683,0.608,0.6685,0.0833,1.0,0.766,Cloud Engineer,Globex Inc,"Bangalore, Karnataka",8.2
CAND_0089283,0.608,0.6526,0.0,1.0,0.898,Full Stack Developer,Zomato,"Pune, Maharashtra",6.7
CAND_0095843,0.608,0.6772,0.0833,1.0,0.751,Software Engineer,Swiggy,"Pune, Maharashtra",8.4
CAND_0013396,0.608,0.662,0.1667,0.85,0.823,Frontend Engineer,Initech,"Chandigarh, Chandigarh",5.5
CAND_0004886,0.6079,0.6578,0.0833,1.0,0.784,Full Stack Developer,Pied Piper,"Pune, Maharashtra",8.3
CAND_0008519,0.6079,0.6456,0.0,1.0,0.91,DevOps Engineer,CRED,"Pune, Maharashtra",7.5
CAND_0044983,0.6078,0.6525,0.0833,0.85,0.943,DevOps Engineer,Zomato,"Vizag, Andhra Pradesh",6.1
CAND_0034130,0.6077,0.6552,0.0,1.0,0.892,Cloud Engineer,Swiggy,"Bangalore, Karnataka",6.6
CAND_0035875,0.6077,0.6553,0.0,1.0,0.892,DevOps Engineer,Mindtree,"Noida, Uttar Pradesh",8.5
CAND_0021501,0.6077,0.6773,0.0833,1.0,0.749,Frontend Engineer,Initech,"Bangalore, Karnataka",8.1
CAND_0070414,0.6077,0.6813,0.0833,1.0,0.742,QA Engineer,Stark Industries,"Noida, Uttar Pradesh",5.9
CAND_0061149,0.6077,0.6689,0.0,1.0,0.868,Project Manager,Initech,"Bangalore, Karnataka",8.1
CAND_0036424,0.6076,0.6484,0.0833,1.0,0.799,HR Manager,Pied Piper,"Mumbai, Maharashtra",7.4
CAND_0008070,0.6076,0.6656,0.0833,1.0,0.769,DevOps Engineer,Tech Mahindra,"Bangalore, Karnataka",6.9
CAND_0001697,0.6076,0.6635,0.0,1.0,0.877,DevOps Engineer,Hooli,"Bangalore, Karnataka",8.3
CAND_0053995,0.6075,0.638,0.0833,1.0,0.817,Business Analyst,Wayne Enterprises,"Delhi, Delhi",6.1
CAND_0053272,0.6075,0.6546,0.0,1.0,0.892,Content Writer,Pied Piper,"Bangalore, Karnataka",8.8
CAND_0046578,0.6074,0.6616,0.0833,1.0,0.775,Data Analyst,PhonePe,"Hyderabad, Telangana",6.9
CAND_0090766,0.6074,0.6646,0.0,1.0,0.874,.NET Developer,HCL,"Hyderabad, Telangana",8.3
CAND_0081799,0.6073,0.6785,0.0833,1.0,0.745,Data Analyst,Hooli,"Delhi, Delhi",5.3
CAND_0055293,0.6073,0.6697,0.25,0.8,0.752,Cloud Engineer,Pied Piper,"Pune, Maharashtra",9.1
CAND_0031914,0.6072,0.6611,0.0833,1.0,0.775,Frontend Engineer,Acme Corp,"Delhi, Delhi",6.4
CAND_0018704,0.6072,0.6434,0.0833,0.85,0.956,Full Stack Developer,Globex Inc,"Kolkata, West Bengal",8.9
CAND_0020124,0.6072,0.685,0.0833,1.0,0.733,Software Engineer,Mphasis,"Hyderabad, Telangana",8.9
CAND_0035932,0.6071,0.6366,0.1667,0.8,0.913,DevOps Engineer,Stark Industries,"Bangalore, Karnataka",4.1
CAND_0010744,0.6071,0.6813,0.0833,1.0,0.739,Civil Engineer,Pied Piper,"Pune, Maharashtra",5.1
CAND_0036463,0.6071,0.6815,0.0833,1.0,0.739,Accountant,Stark Industries,"Noida, Uttar Pradesh",6.8
CAND_0029606,0.607,0.6622,0.0833,1.0,0.772,Frontend Engineer,HCL,"Noida, Uttar Pradesh",8.7
CAND_0084137,0.607,0.676,0.0833,1.0,0.748,Backend Engineer,Stark Industries,"Hyderabad, Telangana",5.8
CAND_0090013,0.6069,0.6722,0.0833,1.0,0.754,Java Developer,Wayne Enterprises,"Mumbai, Maharashtra",6.9
CAND_0048184,0.6068,0.6353,0.0,1.0,0.922,Graphic Designer,Wayne Enterprises,"Bangalore, Karnataka",5.0
CAND_0024502,0.6068,0.6502,0.1667,0.85,0.838,DevOps Engineer,Flipkart,"Vizag, Andhra Pradesh",9.0
CAND_0038237,0.6068,0.6544,0.0,1.0,0.889,Full Stack Developer,Swiggy,"Noida, Uttar Pradesh",5.4
CAND_0047491,0.6068,0.6543,0.0,1.0,0.889,Graphic Designer,Hooli,"Noida, Uttar Pradesh",8.9
CAND_0019993,0.6068,0.6594,0.0,1.0,0.88,Marketing Manager,Acme Corp,"Hyderabad, Telangana",5.0
CAND_0052394,0.6068,0.6835,0.0833,1.0,0.734,Accountant,Dunder Mifflin,"Pune, Maharashtra",6.4
CAND_0024736,0.6067,0.6425,0.0833,1.0,0.805,Mobile Developer,Razorpay,"Delhi, Delhi",6.0
CAND_0060494,0.6067,0.648,0.1667,0.85,0.841,DevOps Engineer,Stark Industries,"Chennai, Tamil Nadu",7.6
CAND_0051551,0.6067,0.6573,0.0,1.0,0.883,Graphic Designer,Dunder Mifflin,"Noida, Uttar Pradesh",8.2
CAND_0069394,0.6067,0.6785,0.0833,1.0,0.742,Cloud Engineer,Initech,"Mumbai, Maharashtra",8.3
CAND_0044374,0.6067,0.666,0.0,1.0,0.868,Data Analyst,Wayne Enterprises,"Pune, Maharashtra",6.7
CAND_0074139,0.6067,0.6659,0.0,1.0,0.868,Accountant,Globex Inc,"Bangalore, Karnataka",8.5
CAND_0007964,0.6066,0.6462,0.1667,0.85,0.844,Mobile Developer,Globex Inc,"Kolkata, West Bengal",5.7
CAND_0093261,0.6066,0.6805,0.0833,1.0,0.738,Cloud Engineer,Hooli,"Delhi, Delhi",5.3
CAND_0016468,0.6065,0.6659,0.1667,1.0,0.659,Cloud Engineer,Mindtree,"Hyderabad, Telangana",5.4
CAND_0072995,0.6065,0.6493,0.1667,0.85,0.838,Java Developer,Swiggy,"Chandigarh, Chandigarh",8.6
CAND_0093226,0.6065,0.6432,0.0833,0.85,0.953,DevOps Engineer,Initech,"Chandigarh, Chandigarh",8.5
CAND_0090368,0.6065,0.6655,0.0,1.0,0.868,Frontend Engineer,Acme Corp,"Bangalore, Karnataka",7.2
CAND_0083236,0.6064,0.6487,0.25,1.0,0.584,Mobile Developer,Acme Corp,"Mumbai, Maharashtra",8.2
CAND_0062311,0.6064,0.6628,0.0,1.0,0.872,Project Manager,Stark Industries,"Delhi, Delhi",6.3
CAND_0045551,0.6063,0.6475,0.1667,1.0,0.69,DevOps Engineer,Tech Mahindra,"Mumbai, Maharashtra",7.3
CAND_0078720,0.6063,0.6585,0.0833,1.0,0.775,Full Stack Developer,Mphasis,"Noida, Uttar Pradesh",5.4
CAND_0085627,0.6063,0.6614,0.0,1.0,0.874,HR Manager,Wayne Enterprises,"Noida, Uttar Pradesh",5.1
CAND_0069591,0.6062,0.6394,0.0833,1.0,0.808,DevOps Engineer,Mphasis,"Bangalore, Karnataka",8.4
CAND_0037052,0.6062,0.6576,0.0,1.0,0.88,.NET Developer,HCL,"Pune, Maharashtra",6.3
CAND_0000075,0.6061,0.6438,0.0,1.0,0.904,Full Stack Developer,Wayne Enterprises,"Pune, Maharashtra",5.2
CAND_0069500,0.6061,0.6681,0.0833,1.0,0.757,.NET Developer,HCL,"Mumbai, Maharashtra",5.3
CAND_0007378,0.6061,0.6733,0.0833,1.0,0.748,Graphic Designer,Pied Piper,"Noida, Uttar Pradesh",6.6
CAND_0057120,0.6061,0.6734,0.0833,1.0,0.748,Marketing Manager,Globex Inc,"Hyderabad, Telangana",8.1
CAND_0069569,0.6061,0.6739,0.0833,1.0,0.747,Backend Engineer,Initech,"Hyderabad, Telangana",5.1
CAND_0018054,0.6061,0.6458,0.0833,0.85,0.946,Mobile Developer,Zomato,"Kochi, Kerala",8.9
CAND_0094892,0.606,0.6555,0.0,1.0,0.883,Full Stack Developer,Tech Mahindra,"Pune, Maharashtra",8.0
CAND_0075112,0.606,0.664,0.0,1.0,0.868,Business Analyst,Hooli,"Hyderabad, Telangana",7.3
CAND_0044361,0.6059,0.6617,0.1667,1.0,0.663,QA Engineer,Acme Corp,"Hyderabad, Telangana",8.6
CAND_0077572,0.6059,0.6573,0.0833,1.0,0.775,Business Analyst,Hooli,"Delhi, Delhi",8.6
CAND_0069029,0.6059,0.6432,0.0,1.0,0.904,DevOps Engineer,Swiggy,"Bangalore, Karnataka",5.0
CAND_0005595,0.6059,0.6586,0.0,1.0,0.877,Java Developer,Tech Mahindra,"Pune, Maharashtra",6.6
CAND_0013882,0.6059,0.6621,0.0,1.0,0.871,Marketing Manager,Wayne Enterprises,"Mumbai, Maharashtra",5.6
CAND_0081007,0.6058,0.6397,0.1667,1.0,0.701,Full Stack Developer,Mindtree,"Mumbai, Maharashtra",8.3
CAND_0025096,0.6058,0.6602,0.25,0.85,0.711,Java Developer,Hooli,"Indore, Madhya Pradesh",5.8
CAND_0060569,0.6058,0.6472,0.1667,0.85,0.838,Frontend Engineer,Zomato,"Kolkata, West Bengal",5.0
CAND_0013497,0.6058,0.646,0.1667,0.8,0.89,Cloud Engineer,Hooli,"Mumbai, Maharashtra",9.8
CAND_0009436,0.6057,0.6618,0.0833,1.0,0.766,Customer Support,Wayne Enterprises,"Pune, Maharashtra",8.4
CAND_0019400,0.6057,0.6631,0.0,1.0,0.868,Full Stack Developer,Globex Inc,"Delhi, Delhi",5.3
CAND_0017539,0.6056,0.6423,0.0,1.0,0.904,Java Developer,Acme Corp,"Delhi, Delhi",8.1
CAND_0084214,0.6056,0.656,0.0,1.0,0.88,Marketing Manager,Stark Industries,"Pune, Maharashtra",6.5
CAND_0035869,0.6055,0.6551,0.0,1.0,0.881,Cloud Engineer,Acme Corp,"Hyderabad, Telangana",8.9
CAND_0075021,0.6054,0.6558,0.1667,1.0,0.671,Mobile Developer,HCL,"Pune, Maharashtra",5.5
CAND_0000588,0.6054,0.647,0.0,1.0,0.895,DevOps Engineer,Globex Inc,"Delhi, Delhi",5.8
CAND_0001022,0.6054,0.6467,0.0,1.0,0.895,Full Stack Developer,Hooli,"Pune, Maharashtra",8.7
CAND_0040568,0.6054,0.647,0.0,1.0,0.895,HR Manager,Stark Industries,"Noida, Uttar Pradesh",8.3
CAND_0049787,0.6054,0.6438,0.1667,0.8,0.892,Full Stack Developer,Stark Industries,"Mumbai, Maharashtra",9.5
CAND_0013106,0.6054,0.6793,0.0833,1.0,0.734,Frontend Engineer,Pied Piper,"Mumbai, Maharashtra",5.1
CAND_0048608,0.6054,0.6799,0.0833,1.0,0.733,Frontend Engineer,Initech,"Mumbai, Maharashtra",7.5
CAND_0042353,0.6053,0.6488,0.0833,1.0,0.787,Mobile Developer,Tech Mahindra,"Bangalore, Karnataka",6.0
CAND_0001038,0.6053,0.6448,0.0,1.0,0.898,Operations Manager,Globex Inc,"Noida, Uttar Pradesh",8.6
CAND_0003304,0.6053,0.6402,0.0833,0.85,0.952,Mobile Developer,Flipkart,"Chennai, Tamil Nadu",7.7
CAND_0008558,0.6052,0.6481,0.0,1.0,0.892,Graphic Designer,Hooli,"Delhi, Delhi",5.2
CAND_0031647,0.6052,0.6531,0.0,1.0,0.883,DevOps Engineer,Dunder Mifflin,"Hyderabad, Telangana",5.5
CAND_0092341,0.6052,0.6707,0.0833,1.0,0.748,Full Stack Developer,Tech Mahindra,"Mumbai, Maharashtra",5.5
CAND_0012260,0.6051,0.6564,0.0,1.0,0.877,Mobile Developer,Wayne Enterprises,"Pune, Maharashtra",5.6
CAND_0065451,0.6051,0.6733,0.0833,1.0,0.743,DevOps Engineer,Zomato,"Noida, Uttar Pradesh",7.3
CAND_0042253,0.605,0.6923,0.1667,1.0,0.605,Software Engineer,Wayne Enterprises,"Delhi, Delhi",6.5
CAND_0036554,0.6049,0.6447,0.0833,1.0,0.792,Operations Manager,Hooli,"Noida, Uttar Pradesh",5.7
CAND_0097989,0.6049,0.6557,0.0,1.0,0.877,Graphic Designer,Pied Piper,"Bangalore, Karnataka",8.5
CAND_0018573,0.6049,0.6767,0.0833,1.0,0.736,Accountant,Pied Piper,"Delhi, Delhi",7.0
CAND_0076641,0.6048,0.6525,0.1667,1.0,0.674,Full Stack Developer,HCL,"Bangalore, Karnataka",6.6
CAND_0059697,0.6047,0.6422,0.1667,0.85,0.841,Mobile Developer,Globex Inc,"Kochi, Kerala",7.8
CAND_0089786,0.6047,0.6579,0.0,1.0,0.872,Sales Executive,Globex Inc,"Bangalore, Karnataka",8.2
CAND_0030541,0.6047,0.6752,0.0833,1.0,0.738,Marketing Manager,Globex Inc,"Noida, Uttar Pradesh",6.2
CAND_0058038,0.6046,0.6455,0.25,0.85,0.731,Full Stack Developer,HCL,"Bhubaneswar, Odisha",7.3
CAND_0051127,0.6046,0.6741,0.0833,1.0,0.739,.NET Developer,Razorpay,"Hyderabad, Telangana",8.0
CAND_0018569,0.6045,0.6682,0.1667,1.0,0.645,Frontend Engineer,Dunder Mifflin,"Mumbai, Maharashtra",6.4
CAND_0074313,0.6045,0.6636,0.0833,1.0,0.757,Cloud Engineer,Flipkart,"Noida, Uttar Pradesh",5.7
CAND_0032548,0.6045,0.6493,0.0,1.0,0.886,DevOps Engineer,Swiggy,"Delhi, Delhi",8.9
CAND_0045847,0.6045,0.6699,0.0833,1.0,0.746,.NET Developer,Wayne Enterprises,"Bangalore, Karnataka",8.2
CAND_0028723,0.6044,0.6545,0.1667,1.0,0.668,Cloud Engineer,HCL,"Hyderabad, Telangana",8.3
CAND_0036211,0.6044,0.6634,0.0833,1.0,0.757,Cloud Engineer,Initech,"Hyderabad, Telangana",6.0
CAND_0097800,0.6044,0.6758,0.0833,1.0,0.735,Backend Engineer,PharmEasy,"Mumbai, Maharashtra",8.0
CAND_0089463,0.6044,0.6596,0.0,1.0,0.868,Project Manager,Pied Piper,"Bangalore, Karnataka",5.8
CAND_0000307,0.6044,0.6766,0.0833,1.0,0.734,QA Engineer,Razorpay,"Mumbai, Maharashtra",6.8
CAND_0004377,0.6043,0.6498,0.25,0.85,0.722,.NET Developer,Razorpay,"Chandigarh, Chandigarh",8.7
CAND_0024490,0.6043,0.6403,0.0,1.0,0.901,Business Analyst,Pied Piper,"Pune, Maharashtra",6.4
CAND_0015563,0.6043,0.6641,0.0833,1.0,0.755,Cloud Engineer,Zomato,"Hyderabad, Telangana",6.4
CAND_0014890,0.6043,0.6659,0.0833,1.0,0.752,Software Engineer,HCL,"Bangalore, Karnataka",7.4
CAND_0037969,0.6043,0.6699,0.0833,1.0,0.745,Cloud Engineer,Globex Inc,"Hyderabad, Telangana",8.0
CAND_0011883,0.6043,0.6758,0.0833,1.0,0.735,Project Manager,Globex Inc,"Noida, Uttar Pradesh",5.9
CAND_0031317,0.6042,0.6471,0.1667,1.0,0.68,DevOps Engineer,Tech Mahindra,"Mumbai, Maharashtra",6.3
CAND_0005370,0.6042,0.6452,0.0,1.0,0.892,DevOps Engineer,Mindtree,"Bangalore, Karnataka",5.8
CAND_0035053,0.6042,0.6546,0.1667,0.85,0.817,Java Developer,Flipkart,"Ahmedabad, Gujarat",8.4
CAND_0012420,0.6041,0.6472,0.0833,1.0,0.784,Frontend Engineer,Hooli,"Noida, Uttar Pradesh",8.7
CAND_0021966,0.6041,0.6527,0.1667,0.85,0.82,Full Stack Developer,Dunder Mifflin,"Kochi, Kerala",6.3
CAND_0001262,0.604,0.6591,0.25,0.85,0.704,Mobile Developer,Dunder Mifflin,"Trivandrum, Kerala",7.0
CAND_0092578,0.604,0.6709,0.0833,1.0,0.742,Java Developer,Mphasis,"Pune, Maharashtra",7.1
CAND_0019108,0.6039,0.6487,0.1667,0.85,0.826,DevOps Engineer,Zomato,"Chandigarh, Chandigarh",5.7
CAND_0022393,0.6037,0.643,0.0,1.0,0.893,Mobile Developer,Dunder Mifflin,"Noida, Uttar Pradesh",6.8
CAND_0024082,0.6037,0.6434,0.1667,0.85,0.834,Data Analyst,PolicyBazaar,"Vizag, Andhra Pradesh",7.3
CAND_0025759,0.6037,0.655,0.1667,0.85,0.814,DevOps Engineer,CRED,"Chennai, Tamil Nadu",6.7
CAND_0023648,0.6036,0.6448,0.1667,1.0,0.681,Mobile Developer,Mphasis,"Noida, Uttar Pradesh",8.7
CAND_0006590,0.6035,0.6238,0.0,1.0,0.926,Mobile Developer,Initech,"Noida, Uttar Pradesh",5.5
CAND_0049842,0.6034,0.6285,0.0833,1.0,0.813,Full Stack Developer,Tech Mahindra,"Delhi, Delhi",6.5
CAND_0006315,0.6034,0.6572,0.0833,1.0,0.763,Java Developer,Mphasis,"Hyderabad, Telangana",5.6
CAND_0084058,0.6034,0.6559,0.0,1.0,0.869,Cloud Engineer,Dunder Mifflin,"Delhi, Delhi",6.6
CAND_0025650,0.6033,0.6833,0.3333,0.85,0.554,Graphic Designer,Pied Piper,"Chennai, Tamil Nadu",7.7
CAND_0049039,0.6033,0.6891,0.1667,1.0,0.602,QA Engineer,Mindtree,"Pune, Maharashtra",5.9
CAND_0027981,0.6032,0.6409,0.0833,1.0,0.79,Full Stack Developer,Wayne Enterprises,"Mumbai, Maharashtra",7.3
CAND_0059292,0.6031,0.6527,0.0833,1.0,0.769,Java Developer,Globex Inc,"Mumbai, Maharashtra",6.1
CAND_0099362,0.603,0.646,0.1667,0.85,0.826,DevOps Engineer,Stark Industries,"Bhubaneswar, Odisha",7.6
CAND_0007808,0.6029,0.6392,0.0,1.0,0.896,Full Stack Developer,Stark Industries,"Delhi, Delhi",7.2
CAND_0019017,0.6029,0.6609,0.0833,1.0,0.754,.NET Developer,Acme Corp,"Bangalore, Karnataka",8.6
CAND_0033655,0.6029,0.6794,0.1667,1.0,0.617,Backend Engineer,Stark Industries,"Noida, Uttar Pradesh",6.7
CAND_0098518,0.6029,0.6654,0.0833,1.0,0.746,Full Stack Developer,Zomato,"Noida, Uttar Pradesh",5.1
CAND_0067549,0.6028,0.6364,0.1667,0.85,0.842,Mobile Developer,Acme Corp,"Gurgaon, Haryana",8.6
CAND_0051181,0.6028,0.6855,0.3333,0.85,0.548,Graphic Designer,Pied Piper,"Coimbatore, Tamil Nadu",6.7
CAND_0021162,0.6028,0.6524,0.1667,0.85,0.814,Mobile Developer,Flipkart,"Chennai, Tamil Nadu",5.0
CAND_0014664,0.6027,0.6378,0.0833,1.0,0.793,Frontend Engineer,Razorpay,"Pune, Maharashtra",7.8
CAND_0011134,0.6027,0.6635,0.1667,1.0,0.644,Data Analyst,Unacademy,"Pune, Maharashtra",7.2
CAND_0068254,0.6027,0.6554,0.25,0.85,0.704,Mobile Developer,Dunder Mifflin,"Kochi, Kerala",5.8
CAND_0069555,0.6026,0.6581,0.25,0.8,0.749,Mobile Developer,Globex Inc,"Pune, Maharashtra",4.8
CAND_0087205,0.6025,0.6477,0.0833,1.0,0.775,DevOps Engineer,Mindtree,"Bangalore, Karnataka",5.5
CAND_0007662,0.6024,0.6553,0.1667,1.0,0.657,.NET Developer,Initech,"Hyderabad, Telangana",8.2
CAND_0016423,0.6024,0.6309,0.0,1.0,0.908,Mobile Developer,Acme Corp,"Delhi, Delhi",6.4
CAND_0030010,0.6024,0.6391,0.25,0.8,0.781,Mobile Developer,Swiggy,"Hyderabad, Telangana",4.0
CAND_0044101,0.6024,0.6715,0.0833,1.0,0.733,Full Stack Developer,Mindtree,"Noida, Uttar Pradesh",5.0
CAND_0038818,0.6023,0.6481,0.1667,1.0,0.669,Full Stack Developer,Wayne Enterprises,"Mumbai, Maharashtra",5.9
CAND_0019802,0.6023,0.6554,0.1667,1.0,0.656,Cloud Engineer,Swiggy,"Hyderabad, Telangana",8.7
CAND_0093910,0.6022,0.6453,0.25,0.85,0.719,Java Developer,Dunder Mifflin,"Bhubaneswar, Odisha",5.4
CAND_0036239,0.6022,0.6656,0.1667,1.0,0.638,Cloud Engineer,Initech,"Hyderabad, Telangana",8.6
CAND_0073250,0.6022,0.6501,0.0833,1.0,0.769,Java Developer,Swiggy,"Delhi, Delhi",7.2
CAND_0018651,0.6021,0.643,0.0833,1.0,0.781,Operations Manager,Acme Corp,"Bangalore, Karnataka",5.6
CAND_0054544,0.6021,0.662,0.0833,1.0,0.748,Full Stack Developer,CRED,"Bangalore, Karnataka",5.6
CAND_0005396,0.6019,0.6625,0.0833,1.0,0.746,Full Stack Developer,Flipkart,"Pune, Maharashtra",7.0
CAND_0074465,0.6018,0.668,0.0833,1.0,0.736,Software Engineer,Razorpay,"Pune, Maharashtra",7.1
CAND_0001637,0.6017,0.6551,0.1667,1.0,0.654,Full Stack Developer,Swiggy,"Noida, Uttar Pradesh",7.6
CAND_0066962,0.6017,0.6382,0.25,0.85,0.729,Full Stack Developer,Razorpay,"Vizag, Andhra Pradesh",8.5
CAND_0094961,0.6017,0.645,0.0,1.0,0.88,DevOps Engineer,Swiggy,"Pune, Maharashtra",8.2
CAND_0050533,0.6016,0.657,0.1667,1.0,0.65,DevOps Engineer,Pied Piper,"Mumbai, Maharashtra",8.4
CAND_0045201,0.6015,0.6477,0.0,1.0,0.874,Accountant,Wayne Enterprises,"Pune, Maharashtra",6.2
CAND_0027657,0.6014,0.6217,0.0,1.0,0.919,Mobile Developer,HCL,"Noida, Uttar Pradesh",8.6
CAND_0086346,0.6013,0.6651,0.25,0.85,0.68,Frontend Engineer,Swiggy,"Kolkata, West Bengal",7.4
CAND_0001654,0.6013,0.6682,0.0833,1.0,0.733,Frontend Engineer,Swiggy,"Mumbai, Maharashtra",6.2
CAND_0023936,0.6011,0.6607,0.1667,1.0,0.641,Java Developer,Dunder Mifflin,"Bangalore, Karnataka",5.7
CAND_0009052,0.6011,0.6671,0.0833,1.0,0.734,Software Engineer,CRED,"Hyderabad, Telangana",8.4
CAND_0064309,0.601,0.657,0.1667,1.0,0.647,Full Stack Developer,Acme Corp,"Bangalore, Karnataka",7.7
CAND_0003453,0.6009,0.6355,0.1667,0.85,0.834,Java Developer,HCL,"Gurgaon, Haryana",6.2
CAND_0027047,0.6008,0.6581,0.1667,1.0,0.644,Mobile Developer,Mphasis,"Mumbai, Maharashtra",5.1
CAND_0042705,0.6007,0.6411,0.1667,0.85,0.823,Full Stack Developer,Initech,"Kolkata, West Bengal",7.2
CAND_0031926,0.6007,0.649,0.0,1.0,0.868,Full Stack Developer,Tech Mahindra,"Delhi, Delhi",8.3
CAND_0023163,0.6004,0.6393,0.0,1.0,0.883,Java Developer,Pied Piper,"Delhi, Delhi",6.8
CAND_0068494,0.6003,0.6651,0.1667,1.0,0.629,Full Stack Developer,Hooli,"Delhi, Delhi",8.6
CAND_0003910,0.6002,0.6539,0.1667,1.0,0.648,DevOps Engineer,Flipkart,"Hyderabad, Telangana",8.4
CAND_0063950,0.6002,0.6584,0.25,0.85,0.686,Cloud Engineer,Wayne Enterprises,"Chandigarh, Chandigarh",6.2
CAND_0079598,0.6002,0.6433,0.1667,0.85,0.817,Mobile Developer,Acme Corp,"Kolkata, West Bengal",8.5
CAND_0076861,0.6001,0.6563,0.0833,1.0,0.748,Java Developer,Stark Industries,"Mumbai, Maharashtra",7.7
CAND_0073953,0.6,0.6696,0.1667,1.0,0.62,Frontend Engineer,CRED,"Pune, Maharashtra",6.0
CAND_0025861,0.5999,0.663,0.0833,1.0,0.735,Data Analyst,Freshworks,"Hyderabad, Telangana",6.1
CAND_0041910,0.5997,0.6512,0.0833,1.0,0.755,Software Engineer,Mindtree,"Pune, Maharashtra",6.1
CAND_0017333,0.5996,0.6398,0.25,0.85,0.716,Full Stack Developer,Pied Piper,"Kochi, Kerala",8.5
CAND_0045078,0.5994,0.632,0.0833,1.0,0.787,Mobile Developer,Razorpay,"Delhi, Delhi",7.5
CAND_0043737,0.5994,0.6576,0.1667,1.0,0.638,Mobile Developer,Hooli,"Mumbai, Maharashtra",7.1
CAND_0039307,0.5992,0.6338,0.3333,0.85,0.62,Mobile Developer,Pied Piper,"Vizag, Andhra Pradesh",6.3
CAND_0065011,0.5992,0.6584,0.0833,1.0,0.74,DevOps Engineer,Hooli,"Delhi, Delhi",5.0
CAND_0052363,0.599,0.6734,0.1667,1.0,0.608,.NET Developer,CRED,"Delhi, Delhi",6.7
CAND_0076594,0.5988,0.6339,0.25,0.85,0.722,Mobile Developer,Tech Mahindra,"Jaipur, Rajasthan",5.9
CAND_0058925,0.5988,0.6445,0.0833,1.0,0.762,Marketing Manager,Acme Corp,"Pune, Maharashtra",9.0
CAND_0051993,0.5987,0.6487,0.0833,1.0,0.754,Full Stack Developer,Mphasis,"Hyderabad, Telangana",6.1
CAND_0049829,0.5987,0.6408,0.0,1.0,0.872,Business Analyst,Pied Piper,"Hyderabad, Telangana",7.6
CAND_0051323,0.5986,0.644,0.0833,1.0,0.762,Full Stack Developer,Mindtree,"Hyderabad, Telangana",8.2
CAND_0001150,0.5986,0.652,0.0833,1.0,0.748,Full Stack Developer,Stark Industries,"Bangalore, Karnataka",7.4
CAND_0069978,0.5985,0.6497,0.1667,1.0,0.647,Mobile Developer,Wayne Enterprises,"Noida, Uttar Pradesh",5.7
CAND_0001458,0.5983,0.675,0.1667,1.0,0.602,Software Engineer,Initech,"Noida, Uttar Pradesh",6.4
CAND_0086186,0.5982,0.649,0.0833,1.0,0.751,DevOps Engineer,Hooli,"Pune, Maharashtra",5.9
CAND_0002122,0.598,0.6386,0.1667,0.85,0.814,DevOps Engineer,CRED,"Vizag, Andhra Pradesh",5.3
CAND_0034983,0.5979,0.6348,0.25,0.85,0.716,Java Developer,Tech Mahindra,"Bhubaneswar, Odisha",6.4
CAND_0080399,0.5978,0.6508,0.0833,1.0,0.746,Full Stack Developer,Razorpay,"Pune, Maharashtra",6.4
CAND_0062029,0.5974,0.6463,0.0833,1.0,0.752,Frontend Engineer,Pied Piper,"Mumbai, Maharashtra",5.7
CAND_0062085,0.5971,0.6493,0.0833,1.0,0.745,DevOps Engineer,Dunder Mifflin,"Pune, Maharashtra",6.4
CAND_0003703,0.5969,0.6605,0.1667,1.0,0.62,Cloud Engineer,Mphasis,"Mumbai, Maharashtra",9.0
CAND_0053301,0.5967,0.6527,0.0833,1.0,0.737,Frontend Engineer,Acme Corp,"Mumbai, Maharashtra",6.4
CAND_0013957,0.5966,0.6462,0.1667,1.0,0.644,Frontend Engineer,Pied Piper,"Pune, Maharashtra",6.3
CAND_0044110,0.5965,0.6368,0.0,1.0,0.868,Full Stack Developer,Globex Inc,"Hyderabad, Telangana",7.0
CAND_0096991,0.5963,0.6532,0.0833,1.0,0.734,Cloud Engineer,Globex Inc,"Pune, Maharashtra",8.3
CAND_0034373,0.5962,0.6316,0.25,0.85,0.713,Mobile Developer,Swiggy,"Kochi, Kerala",6.6
CAND_0060581,0.5959,0.642,0.0833,1.0,0.752,Java Developer,Tech Mahindra,"Hyderabad, Telangana",7.9
CAND_0092757,0.5958,0.6422,0.0833,1.0,0.751,Java Developer,Flipkart,"Mumbai, Maharashtra",5.5
CAND_0024643,0.5957,0.6462,0.1667,1.0,0.639,Java Developer,Tech Mahindra,"Delhi, Delhi",7.2
CAND_0008599,0.5957,0.6338,0.1667,0.85,0.811,Mobile Developer,Zomato,"Kolkata, West Bengal",6.4
CAND_0064086,0.5953,0.646,0.0833,1.0,0.742,Mobile Developer,Acme Corp,"Noida, Uttar Pradesh",7.8
CAND_0073562,0.5952,0.6542,0.1667,1.0,0.623,DevOps Engineer,Razorpay,"Noida, Uttar Pradesh",6.9
CAND_0029843,0.5946,0.6542,0.1667,1.0,0.62,.NET Developer,Stark Industries,"Pune, Maharashtra",8.0
CAND_0041692,0.5936,0.6394,0.0833,1.0,0.745,Full Stack Developer,Swiggy,"Bangalore, Karnataka",8.6
CAND_0006070,0.5935,0.6291,0.25,0.85,0.704,Mobile Developer,Wayne Enterprises,"Vizag, Andhra Pradesh",7.4
CAND_0081591,0.5935,0.6432,0.0833,1.0,0.738,Mobile Developer,Wayne Enterprises,"Hyderabad, Telangana",7.5
CAND_0070742,0.5933,0.642,0.0833,1.0,0.739,Marketing Manager,Stark Industries,"Hyderabad, Telangana",6.4
CAND_0090051,0.5931,0.643,0.0833,1.0,0.736,DevOps Engineer,Mindtree,"Hyderabad, Telangana",8.5
CAND_0092308,0.5926,0.6394,0.0833,1.0,0.74,DevOps Engineer,Acme Corp,"Delhi, Delhi",6.9
CAND_0031267,0.5914,0.646,0.1667,1.0,0.618,Full Stack Developer,HCL,"Pune, Maharashtra",8.9
CAND_0039906,0.5908,0.6467,0.1667,1.0,0.614,DevOps Engineer,Dunder Mifflin,"Bangalore, Karnataka",8.7
CAND_0066435,0.59,0.6453,0.3333,0.85,0.554,DevOps Engineer,HCL,"Vizag, Andhra Pradesh",8.6
CAND_0068555,0.5898,0.6313,0.0833,1.0,0.74,Mobile Developer,Wayne Enterprises,"Pune, Maharashtra",7.8
CAND_0076473,0.5892,0.6278,0.0833,1.0,0.743,Mobile Developer,Mphasis,"Noida, Uttar Pradesh",8.2
CAND_0032199,0.5885,0.6312,0.0833,1.0,0.734,Mobile Developer,Razorpay,"Mumbai, Maharashtra",6.4
CAND_0040323,0.5879,0.6451,0.1667,1.0,0.602,Full Stack Developer,Wayne Enterprises,"Hyderabad, Telangana",7.4
